Transaction Amount,Transaction Country,Transaction Currency,Transaction Time,Transaction Day,Card Issuer,Card Type,Online Purchase,First Purchase,Customer Age,Account Age,Fraudulent
3392,US,GBP,13,Weekday,Visa,Credit,1,0,59,6,0
9245,Other,AUD,23,Weekday,Amex,Credit,1,1,62,6,1
9207,AU,USD,23,Weekend,Amex,Debit,1,1,47,12,1
6754,CA,AUD,23,Weekday,Visa,Credit,1,1,23,11,1
9053,UK,USD,1,Weekend,Amex,Credit,1,1,45,0,1
4623,CA,AUD,16,Weekend,Amex,Credit,1,0,28,0,0
6103,UK,GBP,1,Weekend,Amex,Credit,1,1,67,5,1
3526,US,USD,17,Weekend,Discover,Debit,1,0,28,4,0
838,Other,AUD,8,Weekday,Visa,Debit,1,0,23,3,0
8536,Other,USD,1,Weekday,Amex,Credit,0,1,46,2,1
5673,UK,GBP,23,Weekend,Amex,Debit,1,1,20,0,1
908,AU,GBP,10,Weekday,MasterCard,Debit,0,0,59,5,0
615,UK,CAD,14,Weekday,Discover,Debit,1,0,38,11,0
3595,Other,USD,15,Weekday,Amex,Debit,0,0,64,10,0
8173,AU,USD,23,Weekend,Visa,Debit,1,1,69,5,1
4924,UK,AUD,13,Weekday,Visa,Debit,0,0,55,9,0
8318,CA,GBP,23,Weekend,Visa,Debit,1,1,23,9,1
654,UK,USD,9,Weekend,Visa,Credit,1,0,51,7,0
198,UK,AUD,18,Weekday,MasterCard,Debit,1,0,26,1,0
1102,US,GBP,12,Weekday,Visa,Credit,1,0,61,1,0
689,AU,AUD,14,Weekday,MasterCard,Credit,0,0,33,8,0
8397,CA,GBP,0,Weekday,Amex,Credit,1,1,30,2,1
7781,Other,AUD,0,Weekday,Discover,Credit,1,1,59,11,1
3530,Other,CAD,19,Weekend,Visa,Credit,1,0,22,4,0
5763,Other,GBP,0,Weekday,Discover,Credit,1,1,69,12,1
4489,UK,AUD,15,Weekend,Visa,Credit,0,0,37,9,0
9839,Other,AUD,0,Weekday,MasterCard,Credit,1,1,60,1,1
1673,US,CAD,9,Weekend,Visa,Debit,1,0,34,0,0
1684,Other,AUD,14,Weekday,Visa,Credit,1,0,62,5,0
4815,AU,CAD,14,Weekend,Discover,Credit,0,0,25,5,0
9634,Other,CAD,0,Weekday,MasterCard,Debit,1,1,47,12,1
6549,UK,AUD,23,Weekday,Amex,Credit,1,1,57,9,1
9737,Other,USD,23,Weekday,Amex,Credit,1,1,52,6,1
7849,AU,USD,0,Weekend,Amex,Debit,1,1,41,6,1
1273,UK,USD,10,Weekend,Amex,Credit,1,0,67,1,0
5086,CA,CAD,1,Weekday,Visa,Credit,1,1,44,11,1
1870,US,USD,10,Weekend,Amex,Debit,1,0,49,3,0
9643,Other,AUD,23,Weekend,Visa,Credit,0,1,67,9,1
9763,CA,AUD,0,Weekday,Amex,Credit,1,1,22,6,1
3530,US,AUD,11,Weekend,Visa,Credit,0,0,41,11,0
1706,Other,CAD,17,Weekday,MasterCard,Credit,0,0,18,7,0
7781,Other,GBP,23,Weekday,Discover,Credit,1,1,70,4,1
3769,CA,GBP,18,Weekend,Visa,Debit,0,0,20,0,0
9528,AU,CAD,0,Weekday,Amex,Debit,1,1,37,5,1
4475,UK,USD,12,Weekday,Discover,Debit,1,0,21,12,0
7492,AU,USD,1,Weekend,Discover,Debit,1,1,70,8,1
6689,Other,CAD,23,Weekday,Amex,Credit,1,1,68,0,1
5392,AU,CAD,23,Weekday,Discover,Credit,1,1,43,11,1
7128,Other,GBP,23,Weekday,Visa,Credit,1,1,19,10,1
9994,US,USD,0,Weekend,Discover,Credit,1,1,43,11,1
6760,AU,AUD,23,Weekend,Amex,Credit,0,1,63,6,1
291,UK,USD,11,Weekday,Discover,Debit,0,0,61,11,0
9188,UK,CAD,0,Weekend,Amex,Credit,1,1,26,10,1
200,Other,AUD,18,Weekday,Visa,Credit,1,0,42,12,0
5958,US,CAD,0,Weekend,Visa,Credit,1,1,65,5,1
4933,US,GBP,16,Weekend,MasterCard,Credit,1,0,38,7,0
5102,US,CAD,1,Weekend,Visa,Credit,1,1,19,2,1
3525,US,CAD,12,Weekend,MasterCard,Debit,0,0,29,11,0
8243,AU,USD,0,Weekday,Discover,Credit,1,1,28,1,1
8254,UK,AUD,23,Weekend,Visa,Credit,1,1,38,0,1
9541,CA,CAD,0,Weekday,Visa,Credit,1,1,61,0,1
3493,UK,USD,8,Weekday,Visa,Credit,0,0,20,3,0
2654,US,CAD,12,Weekend,Discover,Debit,1,0,50,4,0
9643,AU,USD,23,Weekend,Visa,Credit,1,1,68,7,1
6586,Other,AUD,0,Weekend,Amex,Credit,1,1,40,11,1
1300,AU,GBP,10,Weekday,Amex,Debit,0,0,49,0,0
5272,CA,CAD,1,Weekend,MasterCard,Debit,1,1,18,10,1
4210,US,CAD,12,Weekend,Discover,Debit,0,0,39,1,0
4221,Other,USD,9,Weekday,Amex,Debit,0,0,67,5,0
7770,Other,CAD,0,Weekday,Amex,Credit,1,1,34,0,1
3535,CA,AUD,8,Weekday,Discover,Debit,1,0,26,2,0
6399,Other,GBP,0,Weekend,Amex,Credit,1,1,34,4,1
5286,UK,CAD,23,Weekday,Amex,Credit,1,1,22,10,1
5134,AU,GBP,1,Weekend,Discover,Debit,1,1,57,6,1
5074,Other,GBP,0,Weekday,Amex,Debit,1,1,57,4,1
3056,UK,GBP,18,Weekend,Visa,Debit,1,0,41,3,0
8285,Other,CAD,0,Weekday,MasterCard,Credit,1,1,42,10,1
555,UK,GBP,14,Weekend,Amex,Credit,1,0,54,0,0
874,Other,CAD,10,Weekend,Visa,Debit,0,0,61,9,0
6696,CA,AUD,0,Weekend,Discover,Credit,1,1,45,7,1
1974,UK,AUD,8,Weekday,Amex,Debit,1,0,37,7,0
5826,AU,USD,0,Weekend,Amex,Debit,1,1,47,12,1
1966,AU,USD,15,Weekend,Amex,Debit,1,0,39,2,0
9524,AU,AUD,23,Weekday,Amex,Debit,1,1,53,10,1
1613,US,USD,19,Weekend,Discover,Debit,1,0,50,9,0
7078,UK,CAD,0,Weekday,Amex,Credit,1,1,36,6,1
8813,US,USD,0,Weekend,Amex,Credit,1,1,21,3,1
9154,US,AUD,23,Weekday,MasterCard,Credit,1,1,21,3,1
1585,UK,USD,8,Weekend,MasterCard,Credit,0,0,45,10,0
4392,US,CAD,11,Weekday,Visa,Debit,1,0,55,12,0
3867,AU,USD,14,Weekday,Visa,Debit,1,0,55,3,0
1547,AU,GBP,19,Weekend,Discover,Debit,1,0,38,1,0
3126,AU,CAD,12,Weekday,Amex,Debit,1,0,22,8,0
5176,AU,USD,1,Weekend,MasterCard,Credit,1,1,37,2,1
8689,Other,AUD,0,Weekend,Amex,Credit,1,1,39,0,1
9101,Other,GBP,1,Weekend,Visa,Debit,1,1,50,7,1
3705,CA,GBP,8,Weekday,MasterCard,Debit,0,0,47,1,0
2533,US,GBP,12,Weekday,Discover,Debit,0,0,62,4,0
3955,CA,AUD,9,Weekend,MasterCard,Debit,0,0,33,9,0
4968,Other,USD,10,Weekday,MasterCard,Credit,1,0,69,5,0
8977,Other,AUD,1,Weekend,Amex,Credit,1,1,67,10,1
1096,AU,GBP,14,Weekend,MasterCard,Debit,1,0,43,1,0
9873,Other,AUD,0,Weekend,Amex,Credit,1,1,20,0,1
2007,US,USD,19,Weekday,Amex,Debit,1,0,54,7,0
3050,AU,USD,13,Weekend,Amex,Credit,1,0,50,4,0
5942,CA,GBP,23,Weekend,Discover,Credit,1,1,23,2,1
8444,US,CAD,1,Weekend,Visa,Credit,1,1,19,2,1
4104,UK,USD,17,Weekend,Visa,Credit,1,0,52,3,0
1480,Other,CAD,18,Weekend,Visa,Debit,0,0,26,0,0
8788,US,USD,23,Weekend,Visa,Credit,1,1,60,1,1
2281,Other,USD,16,Weekday,Visa,Debit,0,0,29,1,0
1474,US,AUD,11,Weekday,Discover,Credit,1,0,28,7,0
7679,US,CAD,23,Weekday,Amex,Credit,1,1,19,12,1
7835,AU,AUD,0,Weekday,Amex,Credit,1,1,54,3,1
3272,Other,GBP,10,Weekend,MasterCard,Credit,0,0,53,4,0
9549,AU,AUD,0,Weekend,MasterCard,Credit,1,1,54,2,1
2689,Other,CAD,12,Weekday,Amex,Credit,1,0,62,11,0
8945,AU,GBP,23,Weekday,Discover,Debit,1,1,27,9,1
5482,UK,GBP,23,Weekend,Amex,Credit,1,1,25,9,1
8016,US,CAD,0,Weekday,Amex,Debit,1,1,31,7,1
486,CA,USD,18,Weekday,Discover,Debit,0,0,37,8,0
8438,AU,GBP,23,Weekday,Amex,Credit,1,1,45,10,1
2825,UK,AUD,8,Weekday,Visa,Debit,1,0,53,6,0
1986,CA,GBP,8,Weekend,Amex,Debit,1,0,61,6,0
8848,CA,GBP,0,Weekend,Amex,Credit,0,1,51,4,1
6371,Other,CAD,0,Weekend,MasterCard,Debit,1,1,24,0,1
7893,Other,USD,23,Weekday,Amex,Credit,1,1,37,2,1
9756,CA,GBP,0,Weekday,Amex,Credit,1,1,38,4,1
1785,CA,USD,8,Weekend,MasterCard,Credit,1,0,40,7,0
9740,Other,AUD,1,Weekend,Discover,Credit,0,1,33,6,1
750,US,USD,16,Weekend,Visa,Debit,1,0,33,2,0
8365,Other,CAD,1,Weekend,Discover,Credit,1,1,43,7,1
6129,Other,AUD,0,Weekday,Amex,Debit,1,1,62,7,1
4142,UK,USD,16,Weekend,MasterCard,Debit,1,0,37,5,0
929,AU,GBP,8,Weekday,Amex,Credit,0,0,24,8,0
3953,UK,USD,8,Weekend,Visa,Debit,1,0,50,7,0
8785,Other,GBP,0,Weekend,Visa,Credit,0,1,66,2,1
2930,UK,CAD,16,Weekday,Visa,Credit,1,0,64,2,0
7402,Other,AUD,0,Weekday,MasterCard,Debit,1,1,27,6,1
1672,US,AUD,13,Weekend,MasterCard,Credit,0,0,26,12,0
8251,US,AUD,1,Weekday,Amex,Credit,1,1,37,9,1
1146,US,CAD,15,Weekday,MasterCard,Credit,1,0,21,3,0
1592,US,GBP,10,Weekday,Visa,Debit,0,0,39,9,0
8710,Other,AUD,0,Weekend,MasterCard,Credit,1,1,59,9,1
1371,CA,USD,14,Weekday,Visa,Debit,0,0,51,0,0
1568,Other,CAD,14,Weekday,MasterCard,Credit,0,0,48,11,0
3398,US,USD,16,Weekend,Amex,Debit,1,0,47,4,0
6762,Other,USD,23,Weekend,MasterCard,Credit,1,1,18,7,1
6846,Other,AUD,23,Weekend,Amex,Credit,1,1,41,9,1
9226,AU,USD,23,Weekend,Amex,Credit,1,1,70,0,1
3495,AU,CAD,10,Weekday,Visa,Debit,0,0,62,5,0
3693,Other,GBP,13,Weekend,Amex,Debit,1,0,26,9,0
6148,UK,CAD,1,Weekday,Amex,Credit,1,1,43,4,1
909,AU,CAD,8,Weekend,MasterCard,Credit,1,0,46,0,0
3255,AU,AUD,19,Weekend,Discover,Debit,1,0,18,1,0
3808,UK,CAD,9,Weekend,MasterCard,Credit,0,0,56,11,0
3917,UK,USD,10,Weekend,Discover,Debit,1,0,43,8,0
8208,US,AUD,0,Weekend,MasterCard,Credit,1,1,30,0,1
2198,Other,AUD,10,Weekend,MasterCard,Credit,1,0,70,3,0
7970,Other,CAD,23,Weekday,Visa,Credit,1,1,61,2,1
8839,Other,AUD,0,Weekday,Discover,Credit,1,1,59,11,1
8335,UK,CAD,0,Weekend,Visa,Debit,1,1,58,10,1
3299,US,GBP,15,Weekday,Amex,Debit,0,0,52,0,0
9211,Other,AUD,23,Weekend,Visa,Debit,1,1,46,7,1
8196,Other,GBP,1,Weekend,Discover,Credit,1,1,51,5,1
9169,Other,GBP,0,Weekend,Discover,Credit,1,1,56,6,1
2799,UK,CAD,11,Weekend,MasterCard,Credit,1,0,52,9,0
4532,US,AUD,16,Weekend,Visa,Debit,1,0,50,3,0
3091,Other,USD,10,Weekday,Amex,Debit,1,0,26,4,0
6862,AU,GBP,1,Weekday,MasterCard,Credit,1,1,21,4,1
7440,UK,USD,1,Weekend,Discover,Debit,1,1,68,7,1
4379,Other,CAD,11,Weekday,MasterCard,Debit,0,0,24,4,0
3122,CA,AUD,11,Weekday,Visa,Credit,1,0,28,7,0
3935,AU,USD,18,Weekday,Amex,Debit,0,0,35,7,0
5166,Other,CAD,1,Weekend,MasterCard,Credit,0,1,62,8,1
8026,Other,GBP,0,Weekend,Amex,Credit,1,1,68,11,1
8023,Other,GBP,0,Weekend,Visa,Debit,1,1,57,10,1
623,US,AUD,8,Weekday,Amex,Credit,0,0,31,0,0
6688,Other,CAD,23,Weekday,MasterCard,Credit,1,1,42,10,1
2396,Other,GBP,15,Weekend,MasterCard,Credit,0,0,61,0,0
507,US,CAD,19,Weekend,Visa,Credit,1,0,56,9,0
6226,AU,GBP,1,Weekday,Discover,Credit,1,1,67,7,1
4955,Other,GBP,17,Weekend,MasterCard,Debit,0,0,65,1,0
9064,AU,USD,0,Weekend,Amex,Credit,1,1,30,8,1
4684,Other,AUD,18,Weekend,MasterCard,Credit,1,0,58,1,0
694,US,GBP,16,Weekend,Amex,Credit,0,0,19,12,0
7995,Other,CAD,1,Weekday,Amex,Credit,1,1,33,0,1
1150,CA,CAD,8,Weekday,Amex,Debit,1,0,53,11,0
6492,Other,AUD,1,Weekend,MasterCard,Credit,0,1,24,0,1
7230,Other,AUD,23,Weekday,Visa,Credit,1,1,45,11,1
864,AU,AUD,12,Weekend,MasterCard,Debit,1,0,46,2,0
5470,Other,USD,23,Weekend,MasterCard,Debit,1,1,66,11,1
6936,UK,USD,1,Weekday,MasterCard,Credit,1,1,22,6,1
7312,Other,AUD,1,Weekend,MasterCard,Credit,0,1,24,0,1
1351,UK,AUD,11,Weekend,Amex,Credit,1,0,46,7,0
6012,Other,AUD,0,Weekend,MasterCard,Credit,0,1,24,0,1
8434,Other,CAD,1,Weekend,Visa,Debit,1,1,66,2,1
9759,Other,GBP,23,Weekend,Amex,Credit,1,1,68,11,1
7798,UK,GBP,1,Weekday,Discover,Credit,1,1,37,5,1
9403,US,USD,0,Weekend,Amex,Credit,0,1,35,11,1
4979,UK,USD,16,Weekend,Discover,Debit,1,0,28,8,0
1171,US,GBP,11,Weekday,Visa,Credit,0,0,58,10,0
5886,US,CAD,1,Weekend,Visa,Credit,1,1,67,7,1
8534,US,CAD,23,Weekend,Visa,Credit,1,1,34,7,1
4387,CA,AUD,15,Weekday,Amex,Credit,0,0,31,2,0
5195,Other,GBP,1,Weekend,Visa,Debit,0,1,38,2,1
209,AU,AUD,9,Weekday,MasterCard,Credit,1,0,35,5,0
7408,Other,GBP,0,Weekend,Amex,Debit,1,1,37,1,1
2840,US,AUD,16,Weekday,Visa,Debit,1,0,67,4,0
8291,UK,USD,0,Weekday,Discover,Credit,1,1,69,2,1
7719,AU,AUD,1,Weekend,MasterCard,Debit,1,1,21,7,1
820,AU,USD,12,Weekday,Discover,Debit,0,0,41,5,0
3219,CA,GBP,17,Weekend,MasterCard,Credit,0,0,69,11,0
4137,UK,CAD,9,Weekday,Discover,Credit,1,0,66,7,0
4537,UK,GBP,10,Weekday,Discover,Debit,1,0,30,10,0
3357,UK,GBP,11,Weekday,Visa,Debit,1,0,20,6,0
4407,AU,GBP,12,Weekend,Visa,Credit,0,0,29,9,0
3461,UK,AUD,17,Weekday,MasterCard,Debit,0,0,39,2,0
2780,UK,USD,18,Weekend,MasterCard,Credit,1,0,35,12,0
6043,AU,AUD,0,Weekend,Visa,Credit,1,1,34,9,1
2366,AU,USD,14,Weekday,Visa,Debit,1,0,69,1,0
4890,US,CAD,12,Weekend,Visa,Credit,0,0,24,9,0
168,UK,AUD,8,Weekend,Amex,Credit,1,0,50,11,0
9653,AU,CAD,1,Weekday,Amex,Credit,1,1,65,11,1
1424,US,USD,18,Weekend,Discover,Credit,0,0,63,12,0
8898,AU,AUD,23,Weekday,Amex,Credit,1,1,54,3,1
3576,AU,GBP,17,Weekday,Discover,Credit,1,0,26,1,0
2093,UK,AUD,11,Weekend,Amex,Debit,0,0,49,5,0
6818,UK,USD,1,Weekend,Amex,Debit,1,1,59,9,1
3975,US,GBP,11,Weekend,Discover,Debit,1,0,64,3,0
8403,CA,USD,0,Weekday,Discover,Credit,1,1,59,3,1
8409,UK,USD,1,Weekday,Visa,Debit,1,1,23,12,1
1239,AU,CAD,9,Weekday,Discover,Credit,0,0,69,8,0
2734,UK,CAD,8,Weekday,MasterCard,Credit,1,0,25,5,0
9352,Other,USD,1,Weekend,Discover,Credit,0,1,30,3,1
2427,US,CAD,16,Weekend,Discover,Credit,1,0,67,6,0
7257,Other,AUD,0,Weekend,Discover,Credit,0,1,24,10,1
7930,CA,CAD,1,Weekend,Discover,Debit,1,1,51,4,1
2478,CA,USD,13,Weekend,MasterCard,Credit,1,0,34,10,0
889,US,CAD,10,Weekday,Visa,Debit,1,0,18,1,0
1529,CA,GBP,8,Weekend,Visa,Debit,0,0,68,8,0
6449,US,USD,0,Weekend,Discover,Credit,1,1,43,11,1
5559,Other,AUD,0,Weekend,Amex,Credit,1,1,67,2,1
7588,Other,AUD,23,Weekday,Amex,Credit,1,1,44,5,1
5156,US,USD,1,Weekend,Visa,Credit,1,1,60,1,1
7884,Other,GBP,1,Weekday,Visa,Debit,0,1,47,6,1
221,US,CAD,8,Weekday,MasterCard,Credit,1,0,59,0,0
9676,Other,USD,1,Weekend,Amex,Debit,1,1,67,6,1
5935,US,AUD,0,Weekend,MasterCard,Credit,1,1,30,0,1
7725,Other,AUD,1,Weekday,MasterCard,Credit,0,1,52,2,1
1704,UK,USD,8,Weekend,Visa,Credit,1,0,62,5,0
9366,AU,AUD,0,Weekday,Discover,Credit,1,1,26,9,1
3127,AU,USD,14,Weekend,Discover,Debit,1,0,48,12,0
3452,AU,USD,9,Weekday,Amex,Credit,0,0,55,10,0
9349,CA,AUD,23,Weekend,Amex,Credit,1,1,18,4,1
2640,Other,CAD,10,Weekday,Amex,Debit,1,0,43,7,0
8411,AU,USD,0,Weekend,Discover,Credit,1,1,42,11,1
3535,AU,AUD,10,Weekend,Visa,Credit,0,0,44,8,0
9211,Other,CAD,23,Weekend,Visa,Debit,1,1,66,2,1
5916,CA,AUD,0,Weekend,Amex,Credit,1,1,35,6,1
6148,CA,USD,1,Weekend,Amex,Credit,1,1,63,8,1
4594,CA,AUD,19,Weekday,Discover,Debit,0,0,28,2,0
294,CA,AUD,14,Weekday,MasterCard,Debit,1,0,21,5,0
9348,Other,USD,0,Weekday,MasterCard,Credit,1,1,45,3,1
7242,UK,GBP,23,Weekend,Amex,Debit,1,1,67,3,1
4123,Other,CAD,11,Weekend,Discover,Credit,0,0,37,9,0
2283,UK,CAD,15,Weekend,MasterCard,Debit,0,0,23,1,0
9955,Other,USD,23,Weekday,Discover,Credit,1,1,19,3,1
6346,AU,GBP,23,Weekend,Amex,Debit,1,1,31,2,1
5550,AU,USD,1,Weekday,Amex,Credit,1,1,63,7,1
7070,US,GBP,1,Weekday,Visa,Credit,1,1,47,11,1
4053,UK,GBP,17,Weekend,MasterCard,Debit,1,0,53,4,0
362,AU,CAD,18,Weekday,Visa,Debit,0,0,25,4,0
1687,CA,AUD,18,Weekday,Amex,Credit,1,0,35,1,0
7579,Other,CAD,0,Weekday,Visa,Debit,0,1,68,0,1
3303,CA,USD,13,Weekend,Amex,Credit,0,0,48,7,0
230,UK,CAD,15,Weekday,MasterCard,Debit,1,0,39,6,0
7259,UK,CAD,1,Weekend,MasterCard,Credit,1,1,51,7,1
3196,US,CAD,16,Weekday,Visa,Debit,0,0,51,0,0
148,CA,USD,19,Weekday,Discover,Debit,1,0,52,3,0
1116,US,GBP,18,Weekend,Visa,Debit,1,0,51,1,0
5636,AU,USD,23,Weekend,MasterCard,Credit,1,1,37,2,1
3612,Other,GBP,17,Weekday,MasterCard,Debit,0,0,38,10,0
4183,US,AUD,18,Weekend,Visa,Debit,1,0,23,2,0
2980,US,GBP,9,Weekend,Visa,Debit,1,0,35,11,0
4647,US,GBP,13,Weekend,MasterCard,Debit,0,0,52,6,0
6959,CA,AUD,23,Weekend,Discover,Credit,1,1,48,9,1
5780,Other,USD,23,Weekday,Discover,Credit,1,1,45,0,1
5258,UK,GBP,1,Weekend,Amex,Debit,1,1,64,7,1
9516,Other,USD,1,Weekend,Discover,Debit,0,1,31,1,1
709,Other,CAD,9,Weekday,Discover,Credit,0,0,63,8,0
3785,UK,CAD,15,Weekday,Amex,Credit,0,0,61,12,0
3189,UK,USD,17,Weekday,Visa,Credit,1,0,70,10,0
6128,Other,AUD,0,Weekday,MasterCard,Credit,1,1,35,12,1
439,CA,USD,13,Weekend,Visa,Credit,0,0,34,10,0
2815,CA,CAD,8,Weekday,MasterCard,Debit,0,0,38,2,0
1711,AU,USD,8,Weekend,Visa,Debit,1,0,36,1,0
1279,Other,AUD,15,Weekend,MasterCard,Debit,1,0,66,8,0
6434,US,USD,1,Weekend,MasterCard,Credit,1,1,57,9,1
3642,US,CAD,19,Weekend,MasterCard,Debit,0,0,70,7,0
158,AU,USD,18,Weekday,Visa,Debit,1,0,51,9,0
7147,AU,USD,0,Weekend,Visa,Credit,1,1,36,12,1
3285,AU,CAD,17,Weekday,Discover,Credit,1,0,66,10,0
9099,UK,CAD,23,Weekend,Amex,Credit,1,1,21,12,1
7405,CA,AUD,23,Weekday,Discover,Credit,1,1,28,3,1
3191,CA,CAD,14,Weekday,Amex,Credit,1,0,45,0,0
3292,US,AUD,11,Weekend,Amex,Credit,0,0,21,5,0
3353,AU,CAD,16,Weekend,MasterCard,Credit,0,0,70,7,0
7146,Other,AUD,23,Weekend,Discover,Debit,1,1,52,10,1
3936,AU,CAD,16,Weekday,Visa,Debit,0,0,56,11,0
369,AU,CAD,16,Weekday,Discover,Debit,0,0,61,10,0
802,CA,USD,11,Weekend,Amex,Debit,1,0,23,6,0
3590,AU,GBP,14,Weekend,MasterCard,Debit,1,0,20,3,0
281,US,USD,13,Weekend,MasterCard,Credit,1,0,52,0,0
5135,CA,CAD,23,Weekend,Discover,Credit,1,1,24,7,1
3387,AU,USD,19,Weekend,Discover,Debit,1,0,48,8,0
7003,AU,CAD,23,Weekend,Discover,Credit,1,1,37,4,1
195,AU,GBP,15,Weekday,MasterCard,Debit,0,0,58,11,0
253,Other,AUD,16,Weekend,Discover,Debit,1,0,65,7,0
611,CA,USD,10,Weekend,Amex,Credit,1,0,69,10,0
1636,Other,AUD,8,Weekend,Discover,Debit,1,0,22,8,0
9349,Other,CAD,1,Weekend,Discover,Debit,1,1,49,9,1
4031,AU,USD,8,Weekday,Discover,Credit,0,0,22,6,0
3176,UK,USD,16,Weekday,Amex,Debit,0,0,41,4,0
711,AU,GBP,19,Weekday,Discover,Credit,0,0,50,10,0
2309,AU,AUD,10,Weekday,MasterCard,Credit,0,0,37,11,0
8116,Other,GBP,0,Weekday,Amex,Debit,1,1,41,11,1
703,AU,USD,15,Weekend,Discover,Credit,0,0,45,9,0
983,US,CAD,8,Weekday,Amex,Debit,0,0,43,5,0
7830,UK,CAD,0,Weekday,Amex,Credit,1,1,22,10,1
7076,UK,CAD,23,Weekday,Amex,Debit,1,1,19,0,1
6270,Other,GBP,23,Weekend,Amex,Credit,1,1,70,7,1
8221,AU,USD,0,Weekend,Discover,Credit,1,1,42,11,1
6549,UK,USD,1,Weekend,MasterCard,Credit,1,1,63,9,1
663,AU,AUD,13,Weekday,MasterCard,Credit,1,0,60,2,0
8856,Other,CAD,0,Weekend,MasterCard,Credit,1,1,47,5,1
6800,CA,AUD,1,Weekday,MasterCard,Credit,1,1,49,8,1
1094,CA,AUD,14,Weekend,Visa,Debit,0,0,24,12,0
4494,AU,AUD,18,Weekend,Discover,Debit,1,0,48,1,0
9878,US,AUD,0,Weekday,Amex,Credit,1,1,22,8,1
2417,UK,AUD,19,Weekend,Amex,Credit,0,0,41,1,0
249,Other,CAD,11,Weekend,MasterCard,Debit,1,0,45,8,0
8709,Other,USD,1,Weekend,Discover,Credit,1,1,39,10,1
2644,AU,CAD,13,Weekday,Discover,Credit,1,0,26,11,0
1549,AU,GBP,12,Weekend,Amex,Credit,1,0,24,10,0
6688,CA,GBP,1,Weekend,Amex,Credit,1,1,40,11,1
6660,Other,CAD,1,Weekend,MasterCard,Debit,0,1,50,12,1
4337,UK,GBP,14,Weekday,Discover,Debit,0,0,60,3,0
1792,CA,USD,16,Weekend,MasterCard,Debit,1,0,24,4,0
4509,Other,GBP,16,Weekend,MasterCard,Debit,1,0,37,2,0
1755,UK,GBP,17,Weekday,Visa,Debit,0,0,43,2,0
5995,Other,USD,0,Weekday,Discover,Credit,1,1,70,8,1
9140,US,GBP,23,Weekend,Discover,Debit,1,1,38,1,1
9209,CA,USD,1,Weekend,Visa,Credit,1,1,65,4,1
1502,AU,AUD,14,Weekend,Discover,Credit,1,0,56,6,0
7111,US,CAD,23,Weekend,Amex,Debit,1,1,23,9,1
2898,UK,GBP,15,Weekend,Discover,Credit,1,0,43,8,0
6677,CA,GBP,23,Weekend,Visa,Debit,1,1,56,7,1
1628,US,CAD,11,Weekend,Discover,Debit,1,0,53,8,0
9189,Other,CAD,23,Weekday,Discover,Credit,1,1,26,7,1
9185,Other,AUD,1,Weekday,Discover,Credit,1,1,18,6,1
4424,UK,GBP,15,Weekday,Discover,Debit,1,0,65,8,0
5086,UK,CAD,0,Weekday,Amex,Debit,1,1,19,0,1
3476,AU,GBP,10,Weekend,Amex,Debit,1,0,40,7,0
4087,US,CAD,16,Weekday,Amex,Debit,1,0,23,7,0
3748,CA,AUD,11,Weekend,MasterCard,Credit,1,0,63,1,0
1499,Other,USD,19,Weekend,MasterCard,Credit,1,0,27,8,0
2937,CA,CAD,13,Weekday,MasterCard,Credit,1,0,25,10,0
8757,Other,USD,1,Weekday,Amex,Credit,1,1,69,11,1
8228,US,AUD,1,Weekend,Amex,Debit,1,1,67,6,1
7369,US,AUD,0,Weekend,Visa,Debit,1,1,52,12,1
2785,US,CAD,18,Weekday,MasterCard,Debit,0,0,63,9,0
7265,Other,AUD,0,Weekend,Discover,Credit,0,1,33,6,1
5614,UK,CAD,1,Weekend,MasterCard,Debit,1,1,65,5,1
7503,Other,AUD,23,Weekday,Discover,Credit,1,1,42,3,1
349,AU,CAD,11,Weekend,Amex,Debit,1,0,22,3,0
2671,US,USD,13,Weekend,MasterCard,Credit,1,0,69,2,0
9127,Other,GBP,23,Weekend,MasterCard,Credit,0,1,40,9,1
8686,Other,CAD,0,Weekend,Visa,Credit,1,1,64,12,1
6102,Other,CAD,1,Weekend,Amex,Debit,1,1,41,10,1
307,Other,GBP,17,Weekend,Visa,Credit,1,0,34,8,0
3805,Other,USD,15,Weekday,Visa,Credit,0,0,41,11,0
7475,Other,AUD,1,Weekend,MasterCard,Credit,0,1,51,0,1
6853,Other,AUD,1,Weekday,Discover,Credit,0,1,61,2,1
5138,Other,AUD,23,Weekend,MasterCard,Credit,1,1,46,0,1
4996,Other,USD,15,Weekend,Amex,Debit,1,0,31,1,0
1507,Other,USD,16,Weekend,MasterCard,Credit,1,0,70,11,0
5196,UK,USD,0,Weekday,Amex,Debit,1,1,59,12,1
9307,Other,AUD,0,Weekday,Amex,Credit,1,1,70,5,1
6189,Other,GBP,1,Weekend,Amex,Credit,1,1,45,4,1
1458,US,CAD,18,Weekday,Visa,Credit,0,0,43,7,0
521,UK,GBP,9,Weekday,MasterCard,Credit,1,0,61,1,0
9383,Other,CAD,23,Weekday,Amex,Credit,1,1,27,0,1
9162,Other,CAD,23,Weekend,Amex,Credit,1,1,27,5,1
4730,US,AUD,17,Weekend,MasterCard,Debit,0,0,19,12,0
3125,CA,GBP,15,Weekday,MasterCard,Credit,1,0,21,0,0
1421,US,USD,9,Weekday,Discover,Credit,1,0,51,0,0
5240,UK,GBP,23,Weekend,Amex,Debit,1,1,52,11,1
5177,UK,GBP,23,Weekend,Amex,Debit,1,1,64,7,1
5490,US,GBP,0,Weekend,Amex,Debit,1,1,61,9,1
8930,UK,USD,0,Weekend,Discover,Debit,1,1,68,7,1
4130,US,GBP,18,Weekday,Visa,Credit,0,0,44,11,0
2493,Other,GBP,8,Weekend,Discover,Credit,1,0,51,9,0
1300,UK,GBP,14,Weekday,Amex,Debit,0,0,65,0,0
8948,US,USD,0,Weekend,Visa,Credit,1,1,65,5,1
9856,US,USD,0,Weekday,Amex,Credit,1,1,68,8,1
5032,AU,CAD,1,Weekday,Visa,Debit,1,1,55,5,1
2300,AU,CAD,19,Weekday,Visa,Credit,0,0,18,9,0
8214,AU,USD,0,Weekday,Amex,Credit,1,1,55,6,1
9937,Other,GBP,0,Weekend,Amex,Credit,1,1,34,4,1
795,AU,GBP,12,Weekday,Discover,Debit,1,0,18,11,0
6890,US,USD,23,Weekend,MasterCard,Debit,1,1,40,11,1
6094,Other,GBP,1,Weekend,Amex,Credit,1,1,19,9,1
189,CA,USD,12,Weekday,MasterCard,Credit,0,0,43,4,0
736,UK,GBP,18,Weekend,Discover,Debit,0,0,49,0,0
3211,Other,AUD,10,Weekday,Discover,Debit,1,0,21,3,0
5955,Other,GBP,1,Weekday,Visa,Credit,1,1,67,6,1
8204,AU,USD,1,Weekend,Visa,Credit,1,1,68,7,1
2017,US,AUD,17,Weekend,MasterCard,Debit,1,0,22,7,0
4790,UK,AUD,16,Weekday,Visa,Credit,0,0,66,3,0
4906,CA,GBP,19,Weekday,Visa,Credit,1,0,33,2,0
8644,Other,AUD,0,Weekday,MasterCard,Debit,1,1,31,2,1
6280,AU,AUD,0,Weekend,Amex,Credit,0,1,54,7,1
660,CA,CAD,19,Weekday,Amex,Debit,1,0,39,12,0
1949,CA,USD,11,Weekday,Visa,Debit,1,0,20,4,0
4000,CA,AUD,17,Weekend,Discover,Debit,1,0,67,6,0
1170,US,USD,17,Weekend,Discover,Credit,0,0,64,4,0
6117,Other,AUD,23,Weekday,Visa,Credit,1,1,35,4,1
4153,Other,GBP,19,Weekend,Visa,Debit,1,0,29,2,0
2295,Other,USD,19,Weekday,Discover,Credit,1,0,22,0,0
8271,UK,CAD,0,Weekend,MasterCard,Debit,1,1,70,9,1
7214,Other,CAD,1,Weekday,Visa,Credit,0,1,54,6,1
6643,US,AUD,23,Weekday,Amex,Credit,1,1,42,12,1
5679,AU,AUD,1,Weekend,Amex,Credit,1,1,53,1,1
838,UK,CAD,9,Weekday,Amex,Credit,1,0,53,4,0
6078,Other,AUD,1,Weekend,MasterCard,Credit,1,1,59,9,1
457,US,GBP,18,Weekend,Amex,Debit,1,0,26,10,0
9231,Other,AUD,1,Weekend,Amex,Debit,0,1,56,0,1
9916,Other,CAD,0,Weekday,Discover,Credit,0,1,42,11,1
896,CA,GBP,11,Weekday,Amex,Debit,0,0,57,4,0
743,US,CAD,16,Weekend,MasterCard,Debit,0,0,41,2,0
1212,AU,CAD,18,Weekday,Discover,Credit,1,0,38,10,0
3058,Other,CAD,9,Weekday,Amex,Debit,1,0,69,2,0
7954,AU,CAD,0,Weekday,Visa,Credit,1,1,60,6,1
8009,UK,USD,0,Weekday,MasterCard,Credit,1,1,22,11,1
2223,UK,CAD,11,Weekday,MasterCard,Debit,0,0,36,9,0
1928,AU,USD,16,Weekday,MasterCard,Credit,0,0,33,4,0
564,US,USD,11,Weekday,MasterCard,Debit,1,0,59,12,0
9561,US,USD,0,Weekend,Discover,Debit,1,1,40,6,1
5519,US,GBP,1,Weekend,Amex,Credit,1,1,38,3,1
6782,Other,AUD,0,Weekday,MasterCard,Debit,1,1,31,2,1
4111,UK,AUD,14,Weekday,Visa,Credit,0,0,44,2,0
6615,Other,GBP,23,Weekday,Amex,Credit,0,1,32,10,1
4548,US,CAD,17,Weekend,Amex,Debit,1,0,65,8,0
7052,Other,GBP,1,Weekend,Amex,Credit,1,1,36,4,1
5446,US,GBP,0,Weekend,Amex,Debit,1,1,43,4,1
9183,UK,CAD,1,Weekend,Amex,Credit,1,1,21,12,1
3310,AU,AUD,17,Weekday,Amex,Debit,0,0,63,6,0
8244,CA,GBP,1,Weekday,MasterCard,Credit,1,1,28,0,1
9009,US,AUD,1,Weekday,Amex,Credit,1,1,22,8,1
3338,Other,AUD,18,Weekday,Visa,Credit,1,0,30,8,0
727,US,USD,8,Weekend,Amex,Debit,1,0,21,11,0
9579,US,AUD,23,Weekday,Amex,Credit,1,1,22,8,1
1499,US,USD,12,Weekday,Amex,Credit,0,0,66,2,0
1042,UK,AUD,14,Weekday,MasterCard,Debit,0,0,53,0,0
3706,CA,GBP,18,Weekday,Visa,Credit,1,0,36,1,0
4038,US,CAD,11,Weekend,Amex,Debit,0,0,67,11,0
9262,UK,AUD,23,Weekday,MasterCard,Credit,1,1,69,10,1
9660,CA,USD,0,Weekend,MasterCard,Debit,1,1,41,12,1
5717,AU,AUD,23,Weekend,Visa,Credit,1,1,68,3,1
6327,CA,GBP,23,Weekday,Amex,Debit,1,1,58,1,1
7511,Other,USD,1,Weekday,Discover,Credit,1,1,38,7,1
3637,UK,AUD,8,Weekday,MasterCard,Debit,1,0,18,5,0
454,US,GBP,9,Weekend,MasterCard,Credit,1,0,70,0,0
7226,Other,GBP,0,Weekend,Visa,Credit,1,1,19,5,1
1960,US,GBP,9,Weekend,Discover,Debit,0,0,42,6,0
704,UK,USD,12,Weekday,Visa,Debit,0,0,52,4,0
542,Other,CAD,15,Weekend,Discover,Credit,1,0,67,1,0
7789,AU,GBP,23,Weekday,Amex,Credit,1,1,45,10,1
3389,US,GBP,17,Weekend,Amex,Debit,0,0,22,6,0
8192,CA,AUD,23,Weekend,MasterCard,Debit,1,1,30,8,1
5357,US,GBP,23,Weekend,Amex,Debit,1,1,43,4,1
6876,US,AUD,1,Weekday,MasterCard,Credit,1,1,51,10,1
6392,Other,GBP,0,Weekday,Visa,Debit,0,1,47,6,1
5975,AU,USD,1,Weekend,Amex,Credit,1,1,35,10,1
227,US,AUD,9,Weekday,Visa,Credit,1,0,58,1,0
858,US,CAD,15,Weekend,Amex,Debit,1,0,51,11,0
9970,Other,AUD,1,Weekend,MasterCard,Debit,1,1,22,3,1
5314,Other,USD,1,Weekday,Discover,Debit,1,1,60,10,1
7389,Other,AUD,0,Weekend,Amex,Credit,0,1,65,11,1
5388,US,CAD,1,Weekday,Discover,Credit,1,1,24,11,1
2777,US,GBP,14,Weekend,MasterCard,Debit,0,0,32,9,0
2031,Other,AUD,12,Weekday,Visa,Credit,1,0,64,2,0
1704,UK,USD,14,Weekday,MasterCard,Debit,1,0,26,5,0
6019,Other,CAD,0,Weekend,Amex,Credit,1,1,51,3,1
4476,US,USD,15,Weekday,MasterCard,Debit,1,0,47,10,0
3100,CA,AUD,10,Weekday,Discover,Debit,0,0,18,11,0
5265,Other,USD,23,Weekday,Visa,Debit,1,1,19,4,1
9900,AU,USD,1,Weekend,Visa,Credit,1,1,60,1,1
841,US,GBP,8,Weekday,MasterCard,Debit,0,0,67,12,0
1187,UK,AUD,12,Weekday,Amex,Debit,0,0,32,4,0
4194,Other,AUD,19,Weekday,MasterCard,Credit,0,0,25,1,0
444,Other,USD,9,Weekend,Amex,Debit,0,0,22,2,0
4150,US,CAD,11,Weekend,MasterCard,Debit,1,0,63,0,0
5002,US,CAD,23,Weekend,Visa,Credit,1,1,19,2,1
6905,Other,CAD,0,Weekday,Visa,Credit,0,1,54,6,1
3487,US,AUD,9,Weekday,Visa,Debit,1,0,69,4,0
1688,UK,CAD,9,Weekend,Discover,Credit,1,0,22,11,0
6424,Other,AUD,0,Weekday,Discover,Credit,0,1,61,2,1
5568,Other,CAD,0,Weekend,Visa,Credit,0,1,30,12,1
8289,AU,GBP,1,Weekday,Discover,Credit,1,1,67,12,1
7544,US,CAD,0,Weekend,Amex,Debit,1,1,25,12,1
794,UK,AUD,11,Weekday,Discover,Debit,0,0,22,4,0
1719,UK,GBP,17,Weekend,MasterCard,Debit,0,0,22,3,0
874,AU,USD,10,Weekday,Discover,Debit,0,0,53,9,0
5888,Other,USD,1,Weekday,Visa,Credit,1,1,24,4,1
1261,Other,AUD,16,Weekday,Discover,Credit,1,0,42,7,0
2705,Other,AUD,8,Weekday,Visa,Debit,0,0,53,5,0
8617,Other,CAD,1,Weekend,Amex,Credit,1,1,46,3,1
2582,Other,USD,17,Weekday,Visa,Debit,0,0,39,2,0
4296,AU,CAD,11,Weekend,Amex,Credit,1,0,21,3,0
4119,Other,GBP,14,Weekend,MasterCard,Credit,0,0,54,4,0
7958,UK,GBP,23,Weekend,Amex,Debit,1,1,67,3,1
6224,AU,CAD,0,Weekend,Amex,Credit,1,1,35,9,1
7634,Other,USD,0,Weekday,MasterCard,Credit,1,1,36,9,1
5511,US,AUD,23,Weekday,MasterCard,Credit,1,1,21,3,1
7826,CA,CAD,0,Weekday,Amex,Debit,1,1,18,10,1
927,UK,GBP,9,Weekday,Visa,Credit,1,0,22,0,0
6813,Other,CAD,1,Weekend,Discover,Credit,1,1,69,3,1
5509,CA,CAD,23,Weekend,Amex,Credit,1,1,19,7,1
7416,UK,USD,23,Weekend,Amex,Debit,1,1,70,12,1
4496,CA,AUD,10,Weekday,MasterCard,Credit,0,0,63,12,0
5534,CA,GBP,1,Weekend,Visa,Credit,1,1,54,11,1
2797,US,AUD,18,Weekday,MasterCard,Credit,1,0,53,4,0
9660,CA,AUD,0,Weekday,MasterCard,Credit,1,1,49,8,1
533,US,USD,19,Weekend,MasterCard,Debit,1,0,34,2,0
3222,US,AUD,16,Weekday,Discover,Credit,1,0,56,6,0
8361,CA,GBP,1,Weekend,MasterCard,Credit,1,1,31,12,1
8162,UK,AUD,1,Weekend,MasterCard,Credit,1,1,47,9,1
2190,Other,CAD,10,Weekend,MasterCard,Credit,0,0,36,3,0
3565,AU,AUD,14,Weekend,Amex,Debit,0,0,55,6,0
6198,AU,USD,23,Weekend,MasterCard,Debit,1,1,40,10,1
4597,Other,GBP,16,Weekday,Visa,Debit,0,0,27,3,0
3300,US,USD,15,Weekend,Discover,Credit,1,0,61,12,0
4704,UK,AUD,16,Weekday,Amex,Debit,0,0,32,5,0
1166,CA,CAD,11,Weekend,MasterCard,Credit,0,0,22,8,0
5714,AU,USD,23,Weekend,MasterCard,Debit,1,1,46,5,1
4129,US,USD,18,Weekend,Discover,Credit,0,0,41,2,0
1048,UK,AUD,18,Weekend,MasterCard,Credit,0,0,22,12,0
9312,Other,AUD,23,Weekday,Amex,Debit,1,1,31,2,1
6225,UK,USD,0,Weekday,Amex,Debit,1,1,30,9,1
4420,US,CAD,9,Weekday,Visa,Debit,0,0,58,11,0
7399,US,CAD,1,Weekend,Amex,Debit,1,1,56,10,1
8476,Other,USD,23,Weekday,Visa,Debit,1,1,19,4,1
4698,CA,AUD,8,Weekday,Discover,Debit,0,0,33,0,0
2696,US,CAD,15,Weekend,Discover,Debit,1,0,61,9,0
2665,UK,USD,14,Weekend,Amex,Credit,1,0,30,9,0
737,UK,GBP,15,Weekday,Discover,Debit,1,0,59,2,0
371,CA,CAD,19,Weekday,Amex,Credit,0,0,20,12,0
6683,UK,CAD,0,Weekend,MasterCard,Debit,1,1,20,1,1
750,AU,USD,9,Weekday,Discover,Credit,0,0,31,9,0
2171,AU,GBP,16,Weekend,MasterCard,Debit,0,0,53,10,0
7227,AU,USD,1,Weekend,Visa,Credit,1,1,67,9,1
2463,UK,USD,13,Weekend,MasterCard,Credit,1,0,54,7,0
556,Other,AUD,16,Weekend,MasterCard,Debit,0,0,43,3,0
9657,CA,CAD,23,Weekday,Visa,Credit,1,1,28,4,1
8203,Other,GBP,23,Weekday,Visa,Credit,1,1,67,6,1
3929,UK,CAD,16,Weekday,Visa,Credit,1,0,54,9,0
6780,Other,USD,1,Weekday,Discover,Credit,1,1,69,4,1
5009,US,USD,0,Weekend,MasterCard,Debit,1,1,69,9,1
6868,UK,AUD,1,Weekday,Discover,Credit,1,1,44,8,1
733,UK,GBP,9,Weekday,MasterCard,Debit,1,0,39,11,0
764,Other,GBP,10,Weekend,Visa,Credit,0,0,33,11,0
8865,CA,USD,23,Weekend,Amex,Debit,1,1,45,8,1
3471,AU,GBP,14,Weekday,Visa,Debit,1,0,44,8,0
658,UK,USD,16,Weekend,Visa,Credit,0,0,48,0,0
3814,Other,CAD,17,Weekend,Visa,Debit,1,0,50,6,0
3340,UK,GBP,16,Weekend,Visa,Credit,1,0,18,11,0
965,US,GBP,12,Weekend,MasterCard,Debit,0,0,28,0,0
4578,UK,USD,16,Weekday,Visa,Credit,1,0,25,6,0
129,US,CAD,9,Weekend,Discover,Credit,0,0,34,7,0
8228,Other,GBP,23,Weekend,Amex,Debit,1,1,60,0,1
4893,CA,USD,9,Weekday,MasterCard,Debit,1,0,46,7,0
5938,UK,GBP,23,Weekend,Amex,Debit,1,1,64,7,1
9906,Other,CAD,0,Weekend,MasterCard,Credit,0,1,26,2,1
9335,CA,GBP,0,Weekday,Amex,Credit,1,1,30,2,1
1891,AU,CAD,15,Weekday,Amex,Debit,1,0,23,2,0
4428,UK,GBP,10,Weekend,Visa,Debit,1,0,43,1,0
5732,CA,AUD,1,Weekday,Visa,Credit,1,1,68,12,1
6728,AU,CAD,1,Weekday,Visa,Credit,1,1,56,4,1
7826,CA,GBP,1,Weekend,Amex,Debit,0,1,67,9,1
1920,Other,USD,13,Weekday,Visa,Debit,0,0,35,4,0
3802,UK,CAD,8,Weekend,Visa,Credit,1,0,19,4,0
3879,Other,AUD,14,Weekend,Discover,Credit,1,0,69,11,0
9119,US,USD,23,Weekend,Discover,Credit,1,1,60,12,1
1522,Other,USD,19,Weekday,MasterCard,Credit,0,0,63,3,0
3704,UK,CAD,14,Weekend,Discover,Credit,1,0,60,12,0
7198,US,AUD,0,Weekend,MasterCard,Debit,1,1,58,0,1
5413,UK,USD,23,Weekday,MasterCard,Credit,1,1,22,6,1
7801,Other,CAD,1,Weekend,MasterCard,Credit,0,1,26,2,1
6934,CA,CAD,0,Weekend,MasterCard,Credit,1,1,49,6,1
712,UK,USD,10,Weekday,Discover,Debit,1,0,45,3,0
3060,CA,AUD,12,Weekday,MasterCard,Debit,1,0,56,10,0
5400,Other,CAD,1,Weekend,Visa,Credit,1,1,68,0,1
9924,AU,CAD,1,Weekday,MasterCard,Credit,1,1,48,2,1
6347,CA,CAD,1,Weekend,MasterCard,Debit,1,1,67,11,1
8192,Other,CAD,1,Weekday,Amex,Credit,0,1,52,7,1
1089,Other,USD,18,Weekday,Amex,Debit,0,0,42,3,0
1157,CA,AUD,14,Weekend,MasterCard,Credit,1,0,63,0,0
734,UK,GBP,17,Weekday,Amex,Debit,0,0,34,11,0
1300,CA,CAD,19,Weekday,Discover,Debit,1,0,24,8,0
6123,Other,CAD,0,Weekend,Amex,Credit,1,1,27,4,1
8861,Other,AUD,23,Weekend,Amex,Debit,0,1,56,0,1
7473,Other,USD,0,Weekend,Amex,Debit,1,1,67,6,1
5941,Other,GBP,1,Weekend,Amex,Debit,1,1,37,1,1
2328,US,GBP,12,Weekday,Amex,Credit,0,0,43,11,0
7232,CA,CAD,0,Weekend,MasterCard,Credit,1,1,53,5,1
7024,UK,AUD,0,Weekday,Discover,Credit,1,1,33,4,1
4491,Other,USD,10,Weekend,MasterCard,Credit,0,0,45,0,0
9087,AU,USD,1,Weekday,Discover,Debit,1,1,46,11,1
7439,Other,GBP,1,Weekday,MasterCard,Debit,1,1,19,1,1
8162,US,GBP,1,Weekday,Visa,Credit,1,1,41,10,1
494,Other,GBP,15,Weekend,MasterCard,Credit,0,0,27,12,0
7684,AU,AUD,23,Weekend,MasterCard,Debit,1,1,21,7,1
5248,US,USD,0,Weekend,Amex,Credit,1,1,48,12,1
782,US,AUD,19,Weekend,Amex,Credit,0,0,65,12,0
8086,AU,USD,1,Weekend,Amex,Credit,1,1,65,2,1
8911,CA,AUD,0,Weekday,Discover,Credit,1,1,49,2,1
7373,US,USD,0,Weekend,Amex,Credit,1,1,21,3,1
3701,US,CAD,9,Weekday,MasterCard,Credit,1,0,37,9,0
7839,AU,USD,0,Weekend,Amex,Credit,1,1,28,7,1
8649,UK,GBP,1,Weekend,Amex,Credit,1,1,28,4,1
1970,US,AUD,18,Weekend,Visa,Debit,1,0,49,10,0
7773,AU,CAD,1,Weekend,MasterCard,Credit,1,1,68,3,1
2422,AU,GBP,18,Weekday,Visa,Debit,1,0,54,3,0
296,UK,CAD,17,Weekday,Amex,Credit,0,0,36,4,0
5498,AU,AUD,1,Weekend,Amex,Credit,0,1,63,6,1
4713,US,USD,8,Weekend,Discover,Debit,1,0,32,5,0
1534,UK,GBP,15,Weekday,Discover,Credit,0,0,56,9,0
9387,CA,USD,23,Weekday,Discover,Credit,1,1,19,6,1
6819,Other,AUD,0,Weekend,Amex,Debit,1,1,38,11,1
1603,CA,GBP,9,Weekend,MasterCard,Credit,1,0,25,3,0
4269,UK,AUD,12,Weekday,Amex,Debit,1,0,43,1,0
7930,AU,GBP,1,Weekend,Amex,Debit,1,1,36,1,1
6131,Other,AUD,1,Weekend,Amex,Debit,1,1,62,5,1
1138,AU,AUD,12,Weekday,MasterCard,Debit,1,0,58,3,0
1106,CA,CAD,9,Weekday,Visa,Debit,0,0,56,5,0
7846,US,AUD,23,Weekday,MasterCard,Credit,1,1,68,5,1
5511,UK,GBP,23,Weekend,Amex,Credit,1,1,28,4,1
6010,Other,CAD,0,Weekend,Discover,Credit,1,1,41,10,1
8478,Other,AUD,23,Weekday,MasterCard,Debit,1,1,31,2,1
804,US,GBP,11,Weekend,Discover,Credit,0,0,24,10,0
7740,US,AUD,0,Weekend,Visa,Debit,1,1,52,12,1
7541,UK,GBP,1,Weekend,Discover,Debit,1,1,69,9,1
1199,UK,USD,19,Weekend,MasterCard,Credit,1,0,63,7,0
2674,AU,CAD,13,Weekday,Visa,Debit,0,0,61,6,0
8062,AU,CAD,1,Weekend,Discover,Debit,1,1,55,9,1
893,UK,CAD,18,Weekday,MasterCard,Credit,1,0,65,3,0
4211,Other,USD,19,Weekend,Discover,Credit,1,0,68,3,0
6792,Other,CAD,0,Weekday,Discover,Credit,1,1,26,7,1
5136,CA,CAD,1,Weekend,Amex,Debit,1,1,26,8,1
361,AU,AUD,10,Weekend,Discover,Credit,0,0,53,1,0
8650,UK,AUD,23,Weekend,Visa,Credit,1,1,48,3,1
9992,Other,GBP,23,Weekend,Amex,Credit,1,1,27,4,1
2707,Other,AUD,8,Weekend,MasterCard,Debit,1,0,50,0,0
7043,Other,CAD,1,Weekday,Discover,Credit,0,1,42,11,1
1064,AU,CAD,9,Weekend,Amex,Debit,0,0,65,8,0
7764,Other,GBP,0,Weekday,Amex,Credit,0,1,44,12,1
5429,CA,GBP,1,Weekend,Visa,Credit,0,1,38,8,1
4067,US,CAD,13,Weekend,Visa,Debit,1,0,34,1,0
2358,CA,GBP,13,Weekend,Discover,Credit,1,0,22,2,0
728,AU,AUD,8,Weekday,Discover,Debit,1,0,21,3,0
260,AU,GBP,12,Weekend,Discover,Debit,0,0,41,6,0
1201,CA,GBP,19,Weekend,Discover,Credit,0,0,64,2,0
2380,US,USD,15,Weekend,Amex,Credit,0,0,56,2,0
4544,Other,GBP,17,Weekday,Visa,Credit,1,0,61,4,0
9216,Other,CAD,23,Weekday,Amex,Credit,0,1,57,8,1
8410,US,USD,0,Weekend,MasterCard,Debit,1,1,69,9,1
6411,Other,GBP,1,Weekday,Visa,Credit,1,1,67,6,1
8121,Other,CAD,0,Weekend,Amex,Credit,1,1,27,4,1
8689,Other,GBP,0,Weekend,Amex,Debit,1,1,60,0,1
5537,AU,CAD,23,Weekend,Discover,Debit,1,1,64,3,1
1892,CA,AUD,17,Weekend,Amex,Credit,0,0,34,3,0
298,AU,CAD,13,Weekday,Discover,Debit,0,0,58,6,0
8799,UK,USD,0,Weekend,Visa,Credit,1,1,55,0,1
1736,US,AUD,15,Weekend,Visa,Credit,0,0,22,6,0
3047,US,USD,10,Weekday,MasterCard,Credit,0,0,36,7,0
5924,US,AUD,23,Weekday,Amex,Credit,0,1,59,4,1
2201,US,CAD,9,Weekend,MasterCard,Debit,1,0,25,1,0
5703,Other,CAD,1,Weekend,Discover,Debit,1,1,18,12,1
1710,UK,USD,15,Weekday,Discover,Credit,1,0,47,7,0
9189,Other,CAD,1,Weekend,Amex,Credit,0,1,43,0,1
8258,US,CAD,23,Weekend,Visa,Credit,1,1,34,7,1
3240,UK,AUD,18,Weekday,MasterCard,Debit,0,0,55,2,0
1754,CA,USD,13,Weekend,Amex,Debit,0,0,39,12,0
6342,US,AUD,1,Weekend,Discover,Credit,1,1,48,4,1
2026,UK,CAD,9,Weekday,Discover,Credit,0,0,66,0,0
9110,Other,AUD,0,Weekday,Visa,Debit,1,1,56,8,1
1107,UK,AUD,14,Weekday,Visa,Credit,1,0,67,9,0
6885,CA,AUD,0,Weekday,Amex,Credit,1,1,61,11,1
1040,AU,USD,13,Weekday,Amex,Debit,0,0,54,6,0
3160,UK,AUD,19,Weekend,MasterCard,Debit,1,0,53,3,0
469,AU,AUD,19,Weekend,Visa,Credit,1,0,20,0,0
1421,Other,GBP,12,Weekday,MasterCard,Debit,0,0,56,6,0
7014,Other,AUD,1,Weekend,Amex,Credit,1,1,40,11,1
4456,Other,GBP,9,Weekday,Amex,Debit,0,0,51,7,0
4778,UK,CAD,12,Weekend,Amex,Debit,1,0,21,9,0
2858,CA,AUD,14,Weekday,Visa,Credit,1,0,62,9,0
5011,UK,CAD,1,Weekend,Amex,Debit,0,1,36,0,1
1161,US,CAD,18,Weekend,MasterCard,Debit,1,0,34,6,0
2439,AU,CAD,17,Weekend,Amex,Credit,1,0,20,6,0
9931,US,GBP,23,Weekday,Amex,Credit,1,1,37,12,1
2345,AU,CAD,15,Weekday,Discover,Debit,0,0,37,2,0
5865,Other,CAD,0,Weekday,Visa,Credit,1,1,50,12,1
4406,Other,AUD,13,Weekday,Amex,Debit,1,0,69,6,0
3004,AU,CAD,19,Weekend,Amex,Credit,0,0,50,11,0
8445,AU,AUD,1,Weekday,Visa,Credit,1,1,47,2,1
840,AU,GBP,12,Weekday,Visa,Credit,1,0,56,6,0
4136,UK,GBP,12,Weekday,Discover,Debit,0,0,62,5,0
3502,UK,CAD,18,Weekend,Discover,Debit,0,0,55,2,0
4447,AU,GBP,19,Weekend,MasterCard,Credit,1,0,29,8,0
3535,AU,AUD,8,Weekday,MasterCard,Debit,1,0,45,12,0
2533,CA,CAD,18,Weekday,Discover,Debit,0,0,62,3,0
7543,Other,CAD,0,Weekend,Discover,Credit,1,1,69,3,1
1627,US,GBP,11,Weekend,MasterCard,Credit,1,0,40,1,0
8706,Other,AUD,1,Weekend,Amex,Credit,1,1,41,9,1
951,Other,GBP,13,Weekday,Discover,Debit,1,0,24,1,0
5950,Other,AUD,0,Weekday,Visa,Credit,1,1,41,5,1
5803,Other,CAD,1,Weekday,Amex,Credit,0,1,52,7,1
9612,Other,AUD,1,Weekend,Visa,Debit,1,1,46,7,1
3592,AU,CAD,18,Weekday,Visa,Credit,1,0,66,8,0
4152,Other,AUD,16,Weekday,MasterCard,Debit,1,0,57,4,0
8699,Other,AUD,23,Weekday,Discover,Debit,1,1,32,12,1
139,US,USD,9,Weekday,Visa,Credit,1,0,53,2,0
9154,Other,CAD,23,Weekend,Amex,Credit,0,1,43,0,1
7121,US,CAD,0,Weekend,Visa,Credit,1,1,23,2,1
5202,UK,AUD,23,Weekend,Visa,Credit,1,1,38,0,1
9433,CA,USD,23,Weekend,Amex,Credit,1,1,60,12,1
7574,Other,GBP,1,Weekend,Discover,Debit,0,1,20,11,1
4926,AU,USD,17,Weekday,Discover,Debit,0,0,64,9,0
1175,US,AUD,15,Weekend,Discover,Credit,1,0,63,1,0
7474,UK,GBP,1,Weekend,Amex,Debit,1,1,35,3,1
7474,UK,USD,0,Weekday,Visa,Debit,1,1,23,12,1
5398,Other,GBP,0,Weekend,Amex,Credit,1,1,45,4,1
8860,Other,AUD,0,Weekend,Amex,Credit,1,1,55,1,1
9885,CA,GBP,23,Weekend,Amex,Debit,0,1,67,9,1
315,UK,AUD,16,Weekday,Visa,Debit,1,0,60,6,0
9233,Other,GBP,1,Weekend,MasterCard,Debit,1,1,49,4,1
8925,Other,AUD,1,Weekend,Amex,Debit,0,1,41,3,1
1824,US,USD,15,Weekend,MasterCard,Credit,1,0,64,9,0
3620,Other,USD,11,Weekend,MasterCard,Debit,1,0,68,11,0
5687,AU,CAD,1,Weekend,MasterCard,Debit,1,1,35,12,1
2433,US,GBP,8,Weekend,Discover,Debit,1,0,50,9,0
2547,AU,GBP,10,Weekend,Visa,Debit,1,0,29,12,0
7047,AU,CAD,0,Weekend,MasterCard,Credit,1,1,27,5,1
2048,AU,AUD,18,Weekday,Visa,Credit,1,0,24,5,0
6077,Other,CAD,23,Weekday,Discover,Credit,0,1,42,11,1
2910,AU,GBP,16,Weekend,Amex,Debit,1,0,27,6,0
7857,AU,USD,1,Weekday,Amex,Credit,1,1,55,8,1
2025,AU,AUD,13,Weekend,Discover,Credit,0,0,59,4,0
9225,Other,CAD,1,Weekend,Discover,Debit,1,1,18,12,1
8111,UK,USD,23,Weekend,MasterCard,Credit,1,1,37,12,1
8157,UK,CAD,23,Weekend,Visa,Debit,1,1,44,1,1
308,AU,AUD,8,Weekday,Amex,Credit,1,0,61,8,0
8838,UK,CAD,0,Weekend,Discover,Debit,1,1,58,4,1
2246,UK,GBP,19,Weekend,Amex,Debit,1,0,42,2,0
9874,Other,AUD,1,Weekend,Visa,Credit,0,1,67,9,1
4688,CA,CAD,16,Weekend,MasterCard,Debit,1,0,47,6,0
7819,UK,USD,23,Weekday,Visa,Debit,1,1,23,12,1
7204,US,USD,23,Weekend,Discover,Credit,1,1,55,0,1
2584,US,AUD,8,Weekday,Visa,Credit,0,0,41,10,0
6548,US,AUD,1,Weekend,Discover,Credit,1,1,56,10,1
1180,AU,GBP,15,Weekend,Discover,Credit,1,0,66,3,0
5452,UK,GBP,23,Weekend,Amex,Debit,1,1,67,3,1
9281,UK,AUD,23,Weekday,Amex,Debit,1,1,34,1,1
2275,UK,USD,17,Weekday,MasterCard,Debit,1,0,39,10,0
5435,US,USD,23,Weekend,Discover,Credit,1,1,67,8,1
6134,Other,CAD,23,Weekend,MasterCard,Debit,1,1,61,4,1
2357,AU,CAD,14,Weekday,Amex,Debit,0,0,23,11,0
1008,UK,GBP,9,Weekend,Discover,Credit,1,0,54,9,0
8381,CA,GBP,0,Weekend,Visa,Debit,1,1,56,7,1
2641,UK,GBP,19,Weekend,Visa,Credit,0,0,38,2,0
1132,US,CAD,18,Weekday,Visa,Debit,1,0,43,2,0
3537,UK,CAD,15,Weekday,MasterCard,Credit,0,0,28,7,0
998,Other,GBP,12,Weekend,Amex,Credit,0,0,64,6,0
2049,AU,GBP,15,Weekend,MasterCard,Debit,1,0,42,11,0
3732,US,CAD,17,Weekend,Amex,Debit,1,0,55,1,0
3549,Other,GBP,14,Weekend,Discover,Credit,1,0,21,11,0
7246,AU,USD,23,Weekend,Amex,Credit,1,1,70,0,1
4416,CA,GBP,17,Weekday,Visa,Debit,1,0,60,11,0
3796,CA,GBP,9,Weekend,Visa,Credit,0,0,25,1,0
3686,CA,USD,11,Weekend,MasterCard,Debit,1,0,28,5,0
4015,AU,USD,18,Weekend,MasterCard,Credit,0,0,45,8,0
7000,Other,CAD,1,Weekend,Visa,Credit,1,1,68,0,1
8758,Other,USD,23,Weekday,Amex,Debit,1,1,31,12,1
7099,UK,GBP,0,Weekday,Amex,Debit,1,1,57,7,1
4536,CA,GBP,9,Weekday,MasterCard,Credit,1,0,34,1,0
2862,US,GBP,19,Weekday,MasterCard,Credit,1,0,29,3,0
9577,US,CAD,0,Weekend,Visa,Credit,1,1,23,2,1
5583,Other,CAD,0,Weekday,Visa,Debit,1,1,26,6,1
3380,Other,AUD,13,Weekday,Discover,Debit,0,0,54,1,0
3207,US,USD,10,Weekend,Amex,Credit,1,0,21,9,0
591,UK,GBP,8,Weekday,Amex,Debit,1,0,25,0,0
9354,US,GBP,23,Weekend,Amex,Credit,1,1,38,3,1
9658,UK,CAD,23,Weekend,MasterCard,Credit,1,1,51,7,1
5537,CA,CAD,1,Weekend,Amex,Credit,1,1,19,7,1
6698,CA,CAD,0,Weekday,MasterCard,Credit,1,1,56,2,1
632,Other,GBP,12,Weekend,Amex,Credit,1,0,68,6,0
2647,UK,USD,18,Weekday,Amex,Credit,1,0,25,12,0
7242,AU,AUD,0,Weekday,Visa,Credit,1,1,47,2,1
7925,US,GBP,0,Weekend,Visa,Debit,1,1,44,2,1
5059,UK,AUD,1,Weekday,Discover,Debit,1,1,34,2,1
7787,US,CAD,1,Weekend,Visa,Credit,1,1,34,7,1
1999,Other,GBP,8,Weekday,MasterCard,Debit,1,0,23,12,0
1834,US,AUD,17,Weekend,Amex,Debit,1,0,27,10,0
7142,US,CAD,1,Weekend,MasterCard,Debit,1,1,69,11,1
3916,UK,GBP,11,Weekday,Visa,Debit,1,0,57,3,0
626,Other,GBP,13,Weekday,MasterCard,Credit,0,0,44,10,0
3347,AU,GBP,9,Weekday,Visa,Credit,1,0,64,3,0
5754,AU,GBP,1,Weekend,MasterCard,Credit,1,1,26,6,1
8095,CA,GBP,1,Weekend,Discover,Credit,1,1,59,6,1
1099,UK,CAD,18,Weekend,MasterCard,Debit,0,0,63,2,0
2626,US,USD,13,Weekend,Discover,Credit,0,0,60,7,0
9894,AU,USD,0,Weekend,Discover,Debit,1,1,70,8,1
2128,US,GBP,8,Weekend,Discover,Debit,1,0,33,10,0
4494,CA,GBP,10,Weekday,MasterCard,Credit,1,0,28,6,0
3354,US,USD,13,Weekend,MasterCard,Debit,1,0,20,2,0
4247,CA,AUD,16,Weekday,Visa,Debit,1,0,22,7,0
6570,Other,AUD,0,Weekend,Amex,Credit,1,1,38,0,1
1505,Other,USD,8,Weekend,Discover,Debit,1,0,54,9,0
3227,CA,GBP,8,Weekend,Visa,Credit,1,0,46,10,0
8586,CA,GBP,23,Weekday,Amex,Credit,1,1,24,4,1
3164,AU,AUD,14,Weekend,Amex,Debit,0,0,58,7,0
388,Other,USD,13,Weekend,MasterCard,Credit,1,0,30,7,0
7020,Other,AUD,0,Weekday,Visa,Credit,0,1,66,9,1
5563,AU,CAD,0,Weekend,MasterCard,Debit,1,1,70,0,1
1310,UK,USD,13,Weekday,Visa,Credit,1,0,40,8,0
3203,UK,CAD,12,Weekend,MasterCard,Debit,0,0,33,1,0
744,US,GBP,19,Weekday,Visa,Credit,1,0,42,0,0
1469,Other,AUD,17,Weekend,Discover,Credit,1,0,68,2,0
2137,CA,CAD,10,Weekend,Discover,Credit,0,0,18,12,0
1528,CA,CAD,11,Weekend,Amex,Credit,0,0,51,3,0
4494,Other,USD,17,Weekday,Visa,Debit,1,0,20,4,0
8141,CA,AUD,23,Weekend,Amex,Credit,1,1,35,6,1
803,US,USD,15,Weekend,MasterCard,Debit,1,0,54,12,0
2909,CA,AUD,19,Weekend,Visa,Credit,0,0,32,5,0
6667,Other,GBP,23,Weekend,Visa,Debit,1,1,19,1,1
1543,Other,USD,10,Weekend,Visa,Debit,1,0,56,11,0
3194,Other,AUD,13,Weekday,Discover,Debit,0,0,29,1,0
3157,Other,CAD,15,Weekday,MasterCard,Credit,1,0,25,2,0
5326,Other,GBP,23,Weekday,Amex,Debit,1,1,42,12,1
472,Other,USD,9,Weekend,Discover,Credit,0,0,38,2,0
5688,AU,GBP,1,Weekend,Amex,Debit,1,1,45,9,1
7085,Other,CAD,0,Weekday,Amex,Credit,1,1,34,0,1
4585,US,AUD,8,Weekday,Visa,Debit,0,0,36,7,0
6399,Other,USD,1,Weekday,Amex,Credit,1,1,69,11,1
8398,AU,CAD,0,Weekday,Amex,Credit,1,1,22,0,1
629,Other,AUD,8,Weekday,Visa,Debit,1,0,20,2,0
5191,Other,AUD,1,Weekend,MasterCard,Credit,1,1,59,9,1
3169,CA,CAD,15,Weekend,Visa,Debit,1,0,49,5,0
1040,CA,CAD,12,Weekend,Amex,Debit,1,0,36,10,0
5038,CA,CAD,1,Weekday,Amex,Credit,1,1,18,9,1
4374,UK,GBP,15,Weekend,MasterCard,Credit,0,0,42,5,0
1337,UK,GBP,18,Weekend,MasterCard,Credit,1,0,49,8,0
9263,US,AUD,0,Weekday,Amex,Credit,1,1,68,0,1
7508,Other,USD,1,Weekend,Amex,Debit,1,1,67,6,1
2341,UK,USD,11,Weekday,Visa,Credit,0,0,67,7,0
9136,AU,USD,0,Weekend,Discover,Debit,1,1,70,8,1
7796,Other,USD,1,Weekday,Discover,Credit,1,1,69,4,1
8071,Other,CAD,23,Weekend,Amex,Credit,1,1,57,8,1
4016,AU,GBP,8,Weekend,Amex,Credit,0,0,56,10,0
6330,Other,CAD,0,Weekday,Visa,Credit,0,1,32,2,1
5003,CA,GBP,1,Weekend,Amex,Credit,0,1,51,4,1
4434,US,GBP,14,Weekend,Discover,Debit,0,0,39,9,0
4477,CA,GBP,19,Weekday,Amex,Credit,1,0,36,3,0
2562,UK,USD,16,Weekday,Discover,Credit,1,0,30,9,0
8473,Other,USD,23,Weekend,Discover,Credit,1,1,53,10,1
2956,CA,GBP,19,Weekday,Visa,Debit,0,0,53,3,0
2750,Other,USD,19,Weekday,MasterCard,Credit,1,0,60,8,0
7549,US,AUD,1,Weekday,MasterCard,Credit,1,1,59,8,1
3650,AU,AUD,13,Weekday,Visa,Credit,1,0,32,8,0
2330,AU,CAD,18,Weekend,MasterCard,Credit,0,0,56,9,0
7303,US,CAD,23,Weekend,MasterCard,Credit,1,1,27,1,1
6776,CA,AUD,1,Weekend,Amex,Credit,1,1,50,1,1
6183,Other,GBP,0,Weekday,Amex,Credit,1,1,65,6,1
3260,Other,GBP,12,Weekend,MasterCard,Debit,1,0,45,6,0
2070,Other,AUD,17,Weekday,Amex,Debit,1,0,25,4,0
5613,US,USD,23,Weekend,MasterCard,Credit,1,1,57,9,1
7800,US,CAD,0,Weekday,Amex,Credit,1,1,59,12,1
7102,AU,GBP,0,Weekend,Amex,Debit,1,1,52,4,1
3175,UK,CAD,8,Weekday,Visa,Credit,0,0,21,8,0
7665,US,CAD,1,Weekday,Amex,Credit,1,1,69,7,1
1742,Other,AUD,13,Weekday,MasterCard,Credit,0,0,38,11,0
7013,CA,USD,1,Weekday,Amex,Debit,1,1,28,12,1
4331,US,CAD,10,Weekday,MasterCard,Credit,1,0,47,5,0
1072,UK,AUD,9,Weekday,Discover,Debit,0,0,66,10,0
7289,Other,USD,0,Weekend,Discover,Credit,0,1,30,3,1
9368,US,AUD,0,Weekend,Discover,Credit,1,1,60,6,1
9734,UK,GBP,23,Weekend,Amex,Debit,1,1,67,3,1
7580,Other,AUD,1,Weekend,Amex,Debit,1,1,61,3,1
7278,Other,AUD,0,Weekend,Amex,Debit,0,1,44,1,1
9352,US,GBP,1,Weekend,Amex,Credit,1,1,49,10,1
6915,Other,CAD,1,Weekend,Amex,Debit,1,1,18,4,1
6884,US,CAD,1,Weekend,Amex,Credit,1,1,36,6,1
1499,US,AUD,17,Weekend,Amex,Debit,0,0,59,8,0
9308,Other,AUD,23,Weekend,Visa,Debit,1,1,19,7,1
338,US,CAD,18,Weekend,Discover,Credit,1,0,37,1,0
8456,US,GBP,0,Weekend,Amex,Credit,1,1,38,3,1
9663,Other,CAD,23,Weekday,MasterCard,Debit,1,1,28,3,1
6506,AU,CAD,23,Weekend,Discover,Credit,1,1,47,11,1
2819,CA,CAD,10,Weekend,MasterCard,Credit,0,0,61,6,0
4435,AU,AUD,11,Weekend,Discover,Debit,1,0,24,12,0
4729,CA,GBP,14,Weekend,Amex,Credit,1,0,44,2,0
510,UK,AUD,19,Weekend,Discover,Credit,1,0,59,6,0
7432,Other,USD,23,Weekend,MasterCard,Credit,1,1,30,12,1
4723,CA,GBP,13,Weekday,Amex,Debit,0,0,33,11,0
8512,Other,CAD,0,Weekday,Visa,Credit,1,1,61,2,1
474,UK,USD,8,Weekday,Amex,Debit,0,0,57,10,0
6093,AU,USD,23,Weekend,Visa,Credit,1,1,68,7,1
1085,Other,CAD,13,Weekend,MasterCard,Debit,0,0,43,8,0
5370,CA,AUD,1,Weekend,MasterCard,Credit,1,1,54,8,1
8596,US,USD,23,Weekend,MasterCard,Credit,1,1,57,9,1
9906,Other,AUD,23,Weekend,MasterCard,Debit,0,1,31,6,1
4635,AU,GBP,16,Weekday,MasterCard,Debit,1,0,57,7,0
1441,UK,CAD,14,Weekday,MasterCard,Debit,1,0,61,0,0
6191,CA,CAD,23,Weekday,Amex,Credit,1,1,34,4,1
7345,UK,CAD,23,Weekday,Amex,Credit,1,1,68,1,1
6345,UK,AUD,23,Weekend,Discover,Credit,1,1,54,4,1
1119,Other,GBP,17,Weekday,Visa,Debit,1,0,41,10,0
5834,Other,CAD,1,Weekend,Amex,Credit,1,1,27,0,1
3295,Other,CAD,10,Weekend,MasterCard,Debit,1,0,43,4,0
3648,UK,CAD,13,Weekend,Amex,Credit,0,0,57,7,0
3420,Other,GBP,11,Weekday,Amex,Credit,0,0,23,1,0
6376,AU,CAD,0,Weekday,Visa,Debit,1,1,55,5,1
1348,UK,AUD,18,Weekend,Amex,Credit,1,0,26,7,0
4720,UK,AUD,17,Weekday,MasterCard,Debit,1,0,42,8,0
4572,UK,CAD,18,Weekend,Amex,Credit,0,0,27,7,0
6630,AU,CAD,23,Weekend,Visa,Credit,1,1,29,7,1
1411,UK,USD,13,Weekend,Discover,Debit,0,0,32,2,0
6371,Other,USD,0,Weekday,Amex,Debit,1,1,64,9,1
5776,Other,CAD,1,Weekend,Amex,Debit,1,1,68,12,1
5212,CA,CAD,23,Weekend,Discover,Credit,1,1,50,5,1
7019,Other,AUD,0,Weekday,Visa,Credit,0,1,66,9,1
6825,US,AUD,0,Weekday,Amex,Credit,1,1,22,8,1
5966,UK,AUD,1,Weekend,Amex,Credit,1,1,68,12,1
8546,Other,USD,23,Weekday,MasterCard,Credit,1,1,25,2,1
9771,AU,AUD,1,Weekend,Discover,Credit,1,1,19,1,1
2116,UK,AUD,9,Weekday,MasterCard,Debit,0,0,63,1,0
1116,CA,USD,16,Weekend,MasterCard,Debit,0,0,47,6,0
5786,AU,CAD,23,Weekday,Discover,Credit,1,1,40,12,1
1251,UK,GBP,17,Weekend,Discover,Credit,1,0,69,10,0
6374,CA,GBP,1,Weekend,Amex,Credit,1,1,33,3,1
7189,Other,CAD,23,Weekday,Amex,Credit,0,1,57,8,1
1356,UK,CAD,19,Weekend,Amex,Debit,1,0,68,10,0
9487,AU,GBP,1,Weekend,MasterCard,Credit,1,1,26,6,1
1424,CA,CAD,18,Weekday,MasterCard,Debit,1,0,25,4,0
9854,UK,CAD,1,Weekday,Amex,Debit,1,1,19,0,1
923,US,CAD,9,Weekday,Visa,Credit,0,0,28,1,0
7549,US,CAD,23,Weekend,Visa,Credit,1,1,67,7,1
7369,Other,AUD,23,Weekend,MasterCard,Credit,1,1,59,9,1
6270,US,USD,0,Weekend,Amex,Debit,1,1,56,11,1
5779,Other,GBP,23,Weekend,MasterCard,Debit,1,1,49,4,1
5315,UK,USD,0,Weekend,MasterCard,Credit,1,1,34,1,1
3737,UK,AUD,18,Weekend,Amex,Credit,0,0,43,1,0
1986,Other,AUD,15,Weekend,Discover,Debit,0,0,52,4,0
3803,Other,USD,18,Weekday,Discover,Credit,0,0,29,5,0
1071,CA,USD,18,Weekend,Amex,Credit,1,0,18,12,0
911,US,GBP,17,Weekday,MasterCard,Credit,1,0,50,6,0
4231,US,CAD,13,Weekend,Discover,Debit,0,0,50,7,0
3438,Other,USD,10,Weekend,MasterCard,Debit,0,0,59,0,0
3760,US,GBP,10,Weekday,Visa,Debit,1,0,51,3,0
4668,CA,GBP,17,Weekday,Visa,Debit,1,0,22,6,0
5805,US,CAD,1,Weekday,Amex,Credit,1,1,19,12,1
8230,US,USD,23,Weekend,Discover,Credit,1,1,67,8,1
306,Other,CAD,12,Weekend,Amex,Debit,0,0,28,8,0
6360,AU,CAD,0,Weekday,MasterCard,Debit,1,1,27,11,1
8733,CA,CAD,0,Weekday,Discover,Credit,1,1,51,4,1
1990,UK,USD,9,Weekend,Visa,Debit,1,0,47,11,0
6893,Other,CAD,23,Weekend,Visa,Credit,0,1,23,8,1
9085,CA,GBP,0,Weekend,Amex,Credit,1,1,33,3,1
3304,UK,USD,16,Weekday,Amex,Credit,0,0,36,6,0
6969,AU,USD,23,Weekend,Amex,Credit,1,1,46,1,1
484,AU,AUD,19,Weekend,MasterCard,Debit,0,0,66,6,0
240,Other,AUD,12,Weekend,Amex,Debit,0,0,18,5,0
2224,CA,GBP,13,Weekend,Discover,Debit,1,0,33,5,0
5740,Other,USD,1,Weekday,MasterCard,Credit,1,1,63,12,1
875,UK,USD,8,Weekday,Visa,Debit,1,0,47,4,0
9377,Other,AUD,1,Weekend,Amex,Credit,0,1,49,5,1
8688,US,AUD,0,Weekend,Amex,Debit,1,1,67,6,1
2019,CA,AUD,9,Weekend,Visa,Debit,1,0,52,4,0
4237,CA,GBP,17,Weekday,Amex,Credit,0,0,22,4,0
3160,Other,CAD,16,Weekday,MasterCard,Debit,1,0,40,0,0
2431,CA,GBP,15,Weekend,Visa,Debit,0,0,27,0,0
9906,US,AUD,23,Weekend,Amex,Credit,1,1,31,10,1
9197,US,GBP,23,Weekend,Visa,Credit,1,1,21,2,1
7300,Other,USD,0,Weekend,Discover,Debit,0,1,31,1,1
2065,US,GBP,12,Weekend,Amex,Credit,0,0,31,9,0
5847,AU,CAD,1,Weekday,Visa,Debit,1,1,59,10,1
5146,Other,USD,1,Weekend,Discover,Credit,1,1,18,8,1
592,US,GBP,10,Weekend,MasterCard,Debit,1,0,48,1,0
5217,Other,GBP,0,Weekend,MasterCard,Debit,1,1,49,4,1
9716,CA,AUD,23,Weekend,Amex,Credit,1,1,35,6,1
8043,Other,AUD,0,Weekend,Amex,Credit,1,1,40,11,1
8691,CA,AUD,0,Weekday,Amex,Credit,1,1,32,9,1
3528,UK,GBP,10,Weekend,Visa,Debit,0,0,25,4,0
1540,US,AUD,11,Weekend,Visa,Credit,1,0,35,5,0
3228,US,USD,14,Weekday,Discover,Credit,1,0,30,5,0
4679,US,CAD,17,Weekend,Discover,Debit,1,0,23,4,0
8325,Other,AUD,1,Weekday,Discover,Credit,1,1,63,0,1
2313,CA,USD,15,Weekday,Visa,Debit,1,0,53,5,0
5573,Other,CAD,0,Weekday,Discover,Credit,1,1,24,11,1
9801,UK,CAD,23,Weekday,Amex,Debit,1,1,65,9,1
5845,AU,USD,0,Weekend,MasterCard,Debit,1,1,46,5,1
7006,Other,AUD,23,Weekend,Visa,Credit,0,1,67,9,1
4302,AU,AUD,15,Weekend,Discover,Debit,1,0,34,11,0
4307,Other,AUD,14,Weekend,Amex,Debit,1,0,23,9,0
5097,CA,USD,1,Weekend,MasterCard,Debit,1,1,64,5,1
9122,CA,CAD,23,Weekend,Discover,Credit,1,1,24,7,1
2969,CA,USD,13,Weekday,Discover,Credit,1,0,53,12,0
5000,Other,USD,1,Weekend,Visa,Credit,0,1,40,5,1
2036,Other,USD,17,Weekend,Amex,Credit,0,0,67,6,0
965,Other,USD,11,Weekend,Visa,Credit,1,0,63,0,0
9211,Other,USD,23,Weekday,Discover,Credit,1,1,38,7,1
6576,CA,GBP,0,Weekend,Visa,Debit,1,1,56,7,1
4089,UK,AUD,18,Weekday,Visa,Debit,1,0,21,12,0
2788,Other,AUD,18,Weekday,MasterCard,Credit,1,0,33,10,0
798,CA,GBP,10,Weekend,MasterCard,Debit,1,0,47,10,0
4913,UK,AUD,18,Weekday,Discover,Debit,1,0,28,7,0
5773,AU,AUD,0,Weekend,Amex,Credit,1,1,53,1,1
1396,AU,CAD,14,Weekday,Discover,Credit,0,0,59,1,0
5552,Other,USD,0,Weekend,Amex,Debit,1,1,62,7,1
5735,US,CAD,0,Weekend,Amex,Debit,1,1,25,1,1
1187,UK,GBP,16,Weekend,Discover,Debit,0,0,21,7,0
3329,Other,USD,15,Weekday,Visa,Debit,1,0,68,0,0
2746,CA,AUD,15,Weekday,Visa,Debit,1,0,68,2,0
7044,AU,GBP,1,Weekend,Discover,Debit,1,1,57,2,1
8800,AU,AUD,0,Weekday,Visa,Debit,1,1,44,8,1
9880,Other,USD,0,Weekend,Discover,Credit,1,1,51,7,1
6638,Other,AUD,23,Weekend,Amex,Debit,0,1,47,9,1
3560,UK,USD,8,Weekend,Amex,Credit,0,0,64,11,0
6877,Other,USD,0,Weekday,Discover,Credit,1,1,69,4,1
3170,Other,AUD,8,Weekday,Amex,Debit,1,0,61,4,0
1648,Other,GBP,15,Weekend,Discover,Debit,1,0,24,1,0
3301,US,AUD,17,Weekend,MasterCard,Credit,0,0,34,4,0
5506,AU,CAD,1,Weekend,Discover,Debit,1,1,64,3,1
9534,Other,AUD,0,Weekend,MasterCard,Credit,1,1,68,3,1
6877,Other,CAD,23,Weekend,Visa,Credit,0,1,38,9,1
3476,US,CAD,8,Weekend,Amex,Credit,1,0,32,4,0
9350,US,AUD,1,Weekend,Discover,Credit,1,1,60,6,1
5427,US,USD,23,Weekend,Discover,Credit,1,1,67,8,1
2954,UK,CAD,13,Weekday,Discover,Credit,0,0,42,5,0
677,US,AUD,15,Weekday,Visa,Credit,0,0,27,1,0
9663,AU,GBP,1,Weekday,MasterCard,Credit,1,1,67,9,1
7946,CA,AUD,23,Weekend,Amex,Credit,0,1,65,7,1
9791,CA,CAD,23,Weekend,Discover,Credit,1,1,24,7,1
9833,Other,USD,23,Weekend,Discover,Credit,1,1,53,10,1
7197,US,USD,1,Weekend,Visa,Credit,1,1,24,5,1
1198,AU,CAD,18,Weekday,MasterCard,Debit,1,0,69,10,0
3559,UK,AUD,13,Weekend,Visa,Credit,1,0,44,6,0
281,US,AUD,12,Weekday,Discover,Credit,0,0,23,8,0
6454,CA,AUD,0,Weekday,Amex,Credit,1,1,42,6,1
185,UK,USD,18,Weekend,Amex,Credit,1,0,31,6,0
7195,US,CAD,1,Weekend,Visa,Credit,1,1,19,2,1
2123,UK,GBP,11,Weekday,MasterCard,Debit,1,0,47,1,0
5417,AU,GBP,1,Weekday,Visa,Credit,1,1,42,8,1
2566,CA,AUD,19,Weekend,Visa,Credit,1,0,64,4,0
9906,Other,CAD,1,Weekend,Amex,Credit,1,1,23,0,1
2985,CA,USD,19,Weekday,Discover,Debit,0,0,65,12,0
6867,Other,AUD,0,Weekday,Discover,Credit,1,1,18,6,1
4669,US,AUD,8,Weekend,Discover,Credit,1,0,47,10,0
9573,Other,CAD,1,Weekend,Discover,Debit,1,1,18,12,1
6909,CA,AUD,23,Weekend,Amex,Credit,0,1,38,3,1
4790,CA,GBP,17,Weekend,Discover,Credit,1,0,35,9,0
5034,UK,USD,0,Weekend,Visa,Credit,1,1,49,4,1
9192,Other,CAD,1,Weekend,Amex,Debit,1,1,27,11,1
6216,Other,AUD,1,Weekend,Discover,Debit,1,1,54,6,1
565,Other,AUD,18,Weekend,Discover,Debit,0,0,44,4,0
7501,UK,USD,0,Weekend,Discover,Credit,1,1,29,2,1
2099,US,GBP,12,Weekend,MasterCard,Debit,0,0,29,11,0
5844,AU,AUD,1,Weekend,Amex,Credit,0,1,54,7,1
6447,Other,AUD,1,Weekend,MasterCard,Credit,1,1,23,9,1
8301,CA,CAD,1,Weekend,MasterCard,Credit,1,1,49,6,1
5697,Other,CAD,0,Weekday,Amex,Credit,0,1,42,6,1
3347,CA,USD,14,Weekend,Visa,Credit,1,0,24,2,0
549,UK,AUD,14,Weekday,Amex,Credit,0,0,32,7,0
3501,Other,AUD,14,Weekend,Visa,Debit,1,0,26,8,0
7102,UK,AUD,1,Weekday,Discover,Debit,1,1,34,2,1
2302,US,CAD,12,Weekday,Discover,Credit,0,0,38,5,0
9742,Other,CAD,0,Weekend,Amex,Credit,1,1,51,3,1
9221,CA,AUD,0,Weekend,Visa,Credit,1,1,24,8,1
2296,UK,AUD,8,Weekend,Discover,Debit,0,0,70,8,0
8422,Other,AUD,23,Weekend,Discover,Credit,1,1,35,8,1
6746,Other,USD,23,Weekday,Amex,Credit,0,1,47,9,1
3790,AU,AUD,14,Weekday,MasterCard,Debit,0,0,29,10,0
2361,US,GBP,13,Weekday,Amex,Credit,1,0,56,5,0
7862,Other,USD,1,Weekend,Discover,Credit,0,1,35,0,1
2114,CA,CAD,15,Weekday,Visa,Credit,1,0,35,1,0
5781,UK,AUD,23,Weekend,Discover,Debit,1,1,60,12,1
6103,UK,CAD,1,Weekend,Amex,Credit,1,1,38,8,1
8163,AU,CAD,23,Weekend,MasterCard,Credit,1,1,18,9,1
5861,UK,USD,23,Weekday,Visa,Debit,1,1,23,12,1
6014,CA,AUD,0,Weekend,Visa,Credit,1,1,62,1,1
1052,Other,USD,15,Weekend,Visa,Credit,1,0,56,5,0
741,Other,GBP,10,Weekend,Amex,Credit,1,0,68,4,0
5463,US,CAD,23,Weekend,Amex,Debit,1,1,23,6,1
9839,UK,AUD,1,Weekend,Visa,Credit,1,1,38,0,1
7736,US,USD,1,Weekend,Amex,Credit,1,1,61,3,1
7970,Other,USD,1,Weekday,Amex,Credit,1,1,40,10,1
2074,US,AUD,8,Weekend,Amex,Debit,1,0,22,0,0
1795,UK,USD,11,Weekend,Visa,Debit,1,0,22,11,0
7221,UK,AUD,1,Weekend,Discover,Credit,1,1,28,9,1
3161,CA,USD,8,Weekday,Visa,Credit,1,0,67,8,0
4721,CA,CAD,17,Weekend,Amex,Debit,1,0,56,5,0
9156,Other,CAD,1,Weekend,MasterCard,Credit,1,1,57,1,1
9899,CA,GBP,23,Weekend,Discover,Credit,1,1,23,2,1
9388,CA,CAD,0,Weekend,Amex,Debit,1,1,68,11,1
3387,UK,GBP,8,Weekday,MasterCard,Credit,1,0,24,12,0
7943,US,AUD,1,Weekday,Discover,Credit,1,1,20,6,1
3596,US,GBP,8,Weekday,Discover,Credit,0,0,67,5,0
8254,Other,GBP,1,Weekday,Discover,Credit,1,1,20,2,1
1133,CA,AUD,15,Weekend,Amex,Debit,1,0,20,5,0
7247,CA,CAD,23,Weekend,Discover,Credit,1,1,47,4,1
4904,AU,USD,11,Weekend,Amex,Credit,0,0,66,5,0
8959,UK,CAD,23,Weekend,Amex,Credit,1,1,21,12,1
3328,Other,AUD,8,Weekday,Amex,Debit,1,0,38,0,0
1669,Other,AUD,10,Weekend,MasterCard,Debit,0,0,63,4,0
374,AU,USD,19,Weekend,Visa,Credit,1,0,25,10,0
6367,US,USD,1,Weekend,Discover,Debit,1,1,40,6,1
5478,Other,USD,23,Weekday,Amex,Credit,1,1,40,10,1
363,US,CAD,18,Weekend,Visa,Credit,0,0,64,4,0
9974,AU,CAD,23,Weekday,Visa,Credit,1,1,60,6,1
5813,US,AUD,23,Weekend,Amex,Debit,1,1,67,6,1
1286,UK,AUD,13,Weekday,Discover,Debit,0,0,55,4,0
4562,AU,AUD,16,Weekday,Discover,Debit,1,0,62,11,0
6399,Other,GBP,0,Weekend,Visa,Debit,1,1,63,1,1
7617,UK,USD,23,Weekend,Visa,Credit,1,1,50,12,1
7675,AU,GBP,1,Weekday,Visa,Credit,1,1,42,8,1
5749,AU,CAD,0,Weekday,MasterCard,Debit,1,1,27,11,1
842,UK,AUD,15,Weekday,Discover,Credit,1,0,31,6,0
271,AU,CAD,14,Weekday,MasterCard,Debit,1,0,36,4,0
4174,UK,AUD,11,Weekday,MasterCard,Credit,0,0,60,5,0
3692,AU,CAD,16,Weekend,MasterCard,Credit,1,0,62,2,0
2665,CA,AUD,14,Weekday,Visa,Credit,1,0,49,6,0
1308,US,GBP,12,Weekend,Amex,Credit,1,0,34,6,0
8756,AU,USD,23,Weekday,Discover,Credit,1,1,28,1,1
8300,US,CAD,0,Weekend,Amex,Debit,1,1,23,9,1
6351,UK,AUD,1,Weekend,Amex,Debit,1,1,50,4,1
3373,Other,AUD,13,Weekday,Discover,Debit,1,0,24,7,0
1694,AU,USD,19,Weekday,Discover,Credit,0,0,34,3,0
3307,UK,AUD,12,Weekday,Amex,Debit,1,0,18,7,0
7206,CA,AUD,0,Weekday,Amex,Credit,1,1,35,10,1
2563,AU,CAD,17,Weekend,Visa,Debit,1,0,66,5,0
8730,Other,AUD,23,Weekday,Discover,Debit,1,1,32,12,1
6654,US,AUD,23,Weekday,Amex,Debit,1,1,46,7,1
941,UK,CAD,8,Weekend,MasterCard,Debit,1,0,36,3,0
5559,US,CAD,1,Weekday,Discover,Debit,1,1,41,6,1
9303,Other,USD,1,Weekday,Visa,Credit,1,1,63,6,1
3077,CA,CAD,14,Weekend,MasterCard,Credit,0,0,42,3,0
3612,US,AUD,19,Weekday,Discover,Debit,0,0,28,12,0
3556,UK,GBP,9,Weekend,Visa,Debit,1,0,43,10,0
5725,Other,GBP,23,Weekend,Discover,Debit,0,1,20,11,1
8229,CA,GBP,23,Weekend,Amex,Credit,1,1,33,3,1
1535,US,AUD,9,Weekend,Amex,Credit,1,0,56,0,0
1897,CA,CAD,8,Weekday,MasterCard,Credit,0,0,59,4,0
8156,CA,CAD,23,Weekend,Amex,Debit,1,1,26,8,1
2896,Other,GBP,8,Weekday,Discover,Debit,1,0,57,3,0
5758,Other,AUD,0,Weekend,Visa,Debit,1,1,46,7,1
9970,Other,CAD,23,Weekday,Amex,Credit,1,1,49,3,1
2741,CA,USD,16,Weekday,Discover,Credit,0,0,50,11,0
6535,UK,AUD,1,Weekend,Discover,Credit,1,1,54,4,1
1624,Other,USD,15,Weekend,Discover,Credit,0,0,51,5,0
4982,CA,GBP,8,Weekend,Amex,Credit,0,0,70,5,0
3082,CA,CAD,18,Weekend,Visa,Debit,0,0,59,8,0
8814,UK,GBP,1,Weekend,Amex,Credit,1,1,25,9,1
5780,AU,AUD,0,Weekend,Amex,Debit,1,1,66,2,1
9195,UK,GBP,0,Weekday,Amex,Debit,1,1,57,7,1
6864,US,USD,23,Weekend,Discover,Credit,1,1,23,2,1
1382,UK,AUD,9,Weekday,Discover,Debit,0,0,54,2,0
2316,US,CAD,16,Weekend,MasterCard,Credit,1,0,59,0,0
9466,Other,CAD,1,Weekend,MasterCard,Debit,0,1,50,12,1
5244,Other,AUD,23,Weekday,Discover,Debit,1,1,45,9,1
9464,CA,AUD,0,Weekday,Discover,Credit,1,1,28,3,1
2794,Other,AUD,8,Weekend,MasterCard,Credit,1,0,23,8,0
2581,AU,AUD,8,Weekday,MasterCard,Debit,1,0,49,10,0
5659,UK,CAD,0,Weekend,MasterCard,Debit,1,1,70,9,1
6402,UK,AUD,1,Weekday,Amex,Credit,1,1,28,6,1
6911,AU,CAD,1,Weekend,MasterCard,Credit,1,1,49,3,1
9705,AU,AUD,23,Weekday,Amex,Debit,1,1,52,6,1
737,AU,GBP,10,Weekday,Amex,Debit,1,0,68,12,0
476,CA,CAD,14,Weekend,MasterCard,Debit,1,0,30,10,0
2956,UK,AUD,9,Weekday,Amex,Credit,1,0,22,5,0
5905,US,CAD,23,Weekday,Amex,Debit,1,1,31,7,1
1117,AU,CAD,13,Weekend,Discover,Debit,1,0,59,4,0
9670,US,AUD,0,Weekday,Amex,Credit,1,1,68,0,1
4729,CA,CAD,10,Weekend,Amex,Debit,1,0,63,8,0
9724,Other,AUD,1,Weekend,Visa,Debit,0,1,43,6,1
9299,Other,AUD,1,Weekend,Visa,Debit,1,1,46,7,1
7375,AU,GBP,23,Weekend,Visa,Credit,1,1,52,9,1
1651,AU,AUD,19,Weekday,Amex,Debit,0,0,64,5,0
4781,US,AUD,14,Weekday,Amex,Debit,0,0,32,12,0
5918,US,USD,23,Weekend,Discover,Credit,1,1,55,0,1
9470,CA,USD,0,Weekday,Amex,Debit,1,1,57,1,1
5963,AU,USD,0,Weekday,Amex,Credit,1,1,63,7,1
2219,US,GBP,10,Weekend,Discover,Credit,1,0,47,10,0
8019,US,GBP,1,Weekday,MasterCard,Credit,1,1,39,8,1
2540,CA,GBP,9,Weekend,MasterCard,Credit,1,0,68,10,0
1353,CA,USD,13,Weekend,Discover,Debit,1,0,66,7,0
7938,AU,USD,0,Weekend,Discover,Credit,1,1,35,5,1
8416,Other,CAD,1,Weekend,Discover,Debit,1,1,18,12,1
9001,Other,GBP,1,Weekday,Amex,Credit,0,1,60,4,1
944,UK,AUD,14,Weekday,Discover,Debit,1,0,38,8,0
3870,Other,CAD,8,Weekend,Discover,Debit,1,0,39,1,0
2999,US,AUD,16,Weekend,Discover,Debit,0,0,61,5,0
6199,CA,USD,23,Weekend,Amex,Credit,1,1,67,0,1
7107,UK,GBP,0,Weekend,Discover,Debit,1,1,49,4,1
6509,CA,USD,23,Weekday,Amex,Debit,1,1,19,5,1
1613,US,GBP,18,Weekday,Amex,Debit,1,0,21,10,0
3306,CA,USD,15,Weekday,MasterCard,Debit,0,0,29,1,0
9459,US,AUD,0,Weekend,MasterCard,Credit,1,1,47,5,1
1986,UK,AUD,16,Weekday,Discover,Credit,0,0,62,0,0
1561,UK,USD,19,Weekend,Discover,Credit,1,0,30,10,0
2833,US,AUD,9,Weekday,MasterCard,Debit,1,0,57,8,0
6189,Other,CAD,23,Weekend,Discover,Credit,0,1,40,2,1
8247,AU,USD,0,Weekend,Amex,Debit,1,1,24,2,1
6598,Other,GBP,0,Weekday,MasterCard,Credit,1,1,34,8,1
6875,CA,USD,23,Weekday,Visa,Credit,1,1,41,10,1
2718,US,AUD,19,Weekday,Discover,Debit,1,0,25,7,0
1682,UK,AUD,15,Weekend,MasterCard,Debit,1,0,60,0,0
9433,US,AUD,1,Weekend,Visa,Debit,1,1,52,12,1
1490,UK,CAD,10,Weekend,MasterCard,Debit,1,0,22,8,0
5228,AU,CAD,23,Weekend,Visa,Credit,1,1,61,10,1
2325,UK,GBP,19,Weekend,Discover,Debit,1,0,30,3,0
783,Other,GBP,17,Weekend,MasterCard,Debit,1,0,62,2,0
5559,AU,USD,23,Weekend,Amex,Credit,1,1,46,1,1
4054,AU,CAD,10,Weekday,Discover,Debit,0,0,40,11,0
8642,AU,GBP,1,Weekday,Amex,Credit,0,1,32,9,1
9095,Other,CAD,1,Weekday,Discover,Debit,1,1,27,12,1
4762,CA,CAD,11,Weekday,Amex,Credit,1,0,28,3,0
4663,CA,CAD,16,Weekend,MasterCard,Debit,1,0,34,8,0
2553,UK,USD,9,Weekday,Visa,Credit,0,0,29,5,0
9165,CA,GBP,1,Weekend,MasterCard,Debit,1,1,54,0,1
7144,Other,USD,0,Weekday,Discover,Debit,1,1,60,10,1
3761,CA,CAD,10,Weekday,MasterCard,Debit,1,0,48,7,0
2966,AU,CAD,9,Weekday,Amex,Credit,1,0,35,2,0
812,US,AUD,10,Weekday,MasterCard,Debit,1,0,38,4,0
6003,AU,GBP,23,Weekday,MasterCard,Credit,1,1,65,8,1
4200,UK,CAD,10,Weekend,MasterCard,Credit,1,0,19,10,0
9255,Other,AUD,1,Weekday,Discover,Credit,1,1,42,3,1
4886,CA,CAD,14,Weekday,Discover,Credit,1,0,44,11,0
7955,Other,USD,1,Weekday,MasterCard,Credit,1,1,36,9,1
6246,US,USD,23,Weekend,Discover,Credit,1,1,43,11,1
6849,AU,AUD,1,Weekday,Amex,Debit,1,1,53,10,1
3781,UK,USD,15,Weekend,Amex,Credit,0,0,58,10,0
5043,UK,USD,1,Weekday,Amex,Credit,1,1,34,3,1
551,UK,CAD,14,Weekend,Visa,Credit,0,0,19,8,0
9071,AU,CAD,1,Weekday,Discover,Debit,1,1,18,8,1
4637,UK,USD,19,Weekday,Visa,Debit,1,0,38,10,0
3787,Other,GBP,8,Weekend,Visa,Debit,0,0,69,11,0
1164,AU,USD,8,Weekend,Visa,Debit,0,0,41,6,0
7390,Other,GBP,0,Weekend,Amex,Credit,1,1,36,4,1
9800,AU,CAD,1,Weekend,Visa,Credit,1,1,61,10,1
8934,CA,GBP,0,Weekend,Discover,Credit,1,1,53,8,1
1763,CA,AUD,19,Weekday,MasterCard,Debit,1,0,51,1,0
8083,Other,GBP,1,Weekend,Discover,Debit,0,1,45,10,1
5603,CA,CAD,1,Weekday,Visa,Credit,1,1,44,11,1
9258,Other,GBP,23,Weekday,Amex,Credit,0,1,32,10,1
5331,AU,CAD,1,Weekend,Discover,Credit,1,1,37,4,1
3838,UK,AUD,9,Weekday,Discover,Credit,1,0,55,7,0
690,Other,GBP,15,Weekday,Discover,Credit,1,0,46,0,0
1524,US,GBP,15,Weekend,MasterCard,Credit,0,0,61,0,0
5952,US,CAD,1,Weekday,Discover,Debit,1,1,41,6,1
5910,Other,AUD,23,Weekday,MasterCard,Credit,1,1,60,1,1
5713,Other,GBP,23,Weekend,Visa,Debit,1,1,19,1,1
254,US,CAD,13,Weekend,MasterCard,Debit,0,0,69,1,0
1366,Other,CAD,19,Weekend,Discover,Debit,1,0,34,11,0
6681,Other,AUD,0,Weekday,Discover,Debit,1,1,32,12,1
7423,AU,CAD,23,Weekend,Discover,Debit,1,1,55,1,1
6297,CA,USD,0,Weekend,Visa,Credit,1,1,70,4,1
6111,US,CAD,23,Weekend,Amex,Credit,1,1,36,6,1
4980,AU,USD,14,Weekday,Discover,Credit,0,0,18,10,0
6329,CA,GBP,23,Weekday,Amex,Credit,1,1,30,2,1
9287,AU,USD,0,Weekend,Amex,Debit,1,1,24,2,1
521,Other,CAD,8,Weekday,Amex,Credit,0,0,29,10,0
2867,CA,GBP,15,Weekday,Discover,Credit,1,0,33,10,0
4707,CA,GBP,15,Weekend,Discover,Debit,0,0,59,4,0
7100,UK,GBP,0,Weekend,Discover,Credit,1,1,52,11,1
5211,Other,CAD,1,Weekend,Amex,Debit,1,1,18,4,1
865,US,CAD,8,Weekday,Visa,Debit,1,0,56,8,0
6004,Other,AUD,1,Weekday,Visa,Debit,0,1,49,8,1
6511,Other,GBP,1,Weekend,MasterCard,Credit,1,1,18,2,1
7180,US,USD,0,Weekend,MasterCard,Debit,1,1,69,9,1
4472,Other,GBP,17,Weekday,Amex,Debit,1,0,33,7,0
5389,US,USD,23,Weekend,Visa,Credit,1,1,65,5,1
8363,US,AUD,23,Weekend,Visa,Credit,1,1,68,1,1
7436,US,AUD,23,Weekend,Amex,Credit,1,1,54,1,1
7939,CA,GBP,1,Weekend,Amex,Credit,1,1,47,11,1
3733,CA,USD,10,Weekday,Discover,Debit,0,0,58,0,0
4504,US,AUD,15,Weekend,MasterCard,Debit,1,0,31,6,0
3674,US,GBP,9,Weekday,Amex,Debit,1,0,65,9,0
3710,UK,USD,10,Weekend,Visa,Credit,1,0,63,2,0
5387,Other,AUD,23,Weekend,Visa,Debit,1,1,24,0,1
1284,UK,GBP,18,Weekend,Visa,Debit,1,0,31,10,0
2050,US,USD,19,Weekday,Amex,Debit,0,0,29,12,0
8530,UK,USD,1,Weekend,Discover,Credit,1,1,29,2,1
1358,AU,AUD,14,Weekday,MasterCard,Credit,0,0,60,0,0
8492,CA,AUD,23,Weekend,MasterCard,Credit,1,1,23,6,1
9400,CA,GBP,23,Weekend,MasterCard,Debit,1,1,22,2,1
7321,UK,AUD,0,Weekday,Amex,Credit,1,1,57,9,1
6918,UK,CAD,23,Weekend,Amex,Credit,1,1,21,12,1
9997,AU,USD,0,Weekend,Amex,Debit,1,1,22,7,1
8156,CA,AUD,1,Weekend,Amex,Credit,1,1,41,6,1
2209,CA,AUD,12,Weekend,MasterCard,Credit,0,0,31,1,0
3095,UK,CAD,9,Weekday,Discover,Debit,1,0,22,7,0
9443,Other,GBP,23,Weekday,Visa,Credit,0,1,20,5,1
6095,Other,GBP,0,Weekend,Amex,Debit,1,1,41,12,1
2106,AU,AUD,9,Weekend,Discover,Debit,1,0,19,8,0
2873,UK,CAD,18,Weekend,MasterCard,Credit,0,0,67,0,0
9715,Other,GBP,23,Weekend,Amex,Credit,1,1,36,4,1
3691,AU,AUD,13,Weekday,MasterCard,Debit,0,0,63,1,0
7429,Other,GBP,0,Weekend,Visa,Credit,1,1,64,1,1
6939,CA,AUD,0,Weekend,Amex,Credit,1,1,35,6,1
2219,AU,AUD,9,Weekend,Discover,Debit,0,0,40,9,0
5849,UK,USD,23,Weekend,Visa,Credit,1,1,55,0,1
1591,Other,AUD,19,Weekend,Amex,Debit,0,0,39,1,0
6032,Other,GBP,0,Weekend,Amex,Debit,1,1,37,1,1
9653,Other,AUD,1,Weekend,Discover,Credit,0,1,35,8,1
3629,UK,GBP,18,Weekend,Visa,Credit,1,0,61,5,0
241,Other,CAD,10,Weekend,Discover,Credit,0,0,38,6,0
8506,CA,GBP,1,Weekend,MasterCard,Debit,1,1,54,0,1
1793,UK,USD,19,Weekday,MasterCard,Credit,1,0,28,9,0
2666,AU,GBP,17,Weekday,Amex,Debit,0,0,33,7,0
9038,AU,AUD,1,Weekday,Visa,Credit,1,1,47,2,1
9122,Other,GBP,0,Weekend,Amex,Debit,1,1,37,1,1
5988,Other,CAD,23,Weekday,Amex,Debit,0,1,50,4,1
9204,Other,AUD,1,Weekend,Visa,Credit,1,1,68,8,1
5600,CA,CAD,1,Weekend,Amex,Debit,1,1,25,10,1
4652,AU,AUD,12,Weekend,MasterCard,Debit,1,0,70,3,0
1390,AU,USD,16,Weekday,Amex,Debit,0,0,59,8,0
459,UK,GBP,15,Weekend,MasterCard,Debit,0,0,67,8,0
3571,UK,GBP,16,Weekend,Amex,Credit,1,0,38,4,0
4147,AU,AUD,10,Weekend,MasterCard,Credit,1,0,66,8,0
2291,Other,USD,14,Weekend,MasterCard,Debit,0,0,29,2,0
3900,UK,USD,12,Weekday,Visa,Debit,0,0,42,2,0
5372,CA,AUD,1,Weekday,Discover,Credit,1,1,30,10,1
7477,Other,GBP,0,Weekday,Visa,Credit,1,1,67,6,1
3415,CA,USD,9,Weekday,Discover,Credit,0,0,35,2,0
9582,AU,GBP,0,Weekday,Amex,Credit,1,1,45,10,1
6064,Other,GBP,1,Weekday,MasterCard,Credit,1,1,34,8,1
493,AU,CAD,8,Weekday,MasterCard,Credit,0,0,63,8,0
3067,CA,USD,9,Weekday,Amex,Credit,0,0,19,8,0
1926,US,USD,19,Weekend,MasterCard,Credit,1,0,37,4,0
3392,US,CAD,12,Weekday,Visa,Credit,1,0,66,6,0
6977,Other,USD,1,Weekend,Amex,Debit,1,1,33,3,1
3513,US,USD,13,Weekday,MasterCard,Debit,0,0,47,11,0
7123,UK,USD,0,Weekend,Discover,Credit,1,1,52,12,1
3007,AU,AUD,18,Weekday,MasterCard,Credit,1,0,55,4,0
4843,UK,USD,10,Weekend,MasterCard,Debit,1,0,61,8,0
282,AU,AUD,15,Weekday,Visa,Debit,0,0,68,10,0
6209,Other,CAD,23,Weekday,Amex,Credit,0,1,52,7,1
6757,Other,GBP,1,Weekend,Amex,Debit,1,1,60,0,1
6615,Other,GBP,23,Weekend,Visa,Credit,0,1,29,8,1
8600,CA,GBP,1,Weekend,Amex,Credit,1,1,33,3,1
1140,CA,CAD,10,Weekend,Visa,Credit,1,0,46,11,0
183,AU,GBP,12,Weekend,Discover,Debit,1,0,26,2,0
1751,UK,CAD,16,Weekday,Discover,Credit,1,0,36,9,0
8431,AU,AUD,0,Weekend,Amex,Debit,1,1,66,2,1
1070,UK,GBP,10,Weekday,Discover,Debit,1,0,33,7,0
1594,AU,GBP,19,Weekend,Amex,Debit,0,0,42,11,0
8426,Other,AUD,1,Weekday,MasterCard,Credit,0,1,52,2,1
5966,Other,USD,23,Weekday,Discover,Credit,1,1,45,11,1
4693,Other,CAD,19,Weekday,Amex,Debit,1,0,43,7,0
3516,US,USD,10,Weekend,Discover,Debit,0,0,41,7,0
9648,US,USD,0,Weekend,Visa,Credit,1,1,24,5,1
7286,US,USD,1,Weekend,Amex,Debit,1,1,56,11,1
1889,AU,USD,17,Weekday,MasterCard,Debit,1,0,40,2,0
7844,Other,AUD,0,Weekday,Amex,Credit,1,1,70,5,1
5835,AU,CAD,0,Weekend,Amex,Credit,1,1,59,10,1
411,Other,GBP,14,Weekend,Amex,Debit,0,0,68,9,0
8040,CA,CAD,1,Weekend,Amex,Debit,1,1,25,10,1
1855,AU,AUD,16,Weekday,MasterCard,Debit,1,0,25,4,0
2107,UK,AUD,10,Weekday,MasterCard,Debit,1,0,33,9,0
2202,AU,GBP,12,Weekend,MasterCard,Debit,1,0,26,7,0
7904,UK,CAD,1,Weekday,Amex,Credit,1,1,36,6,1
5423,Other,USD,1,Weekend,Visa,Credit,1,1,37,2,1
4531,UK,AUD,10,Weekday,MasterCard,Credit,1,0,47,1,0
3058,AU,CAD,10,Weekend,Visa,Debit,1,0,23,2,0
7990,AU,AUD,0,Weekday,MasterCard,Credit,1,1,49,8,1
3953,Other,CAD,12,Weekend,MasterCard,Debit,1,0,41,5,0
8061,AU,CAD,1,Weekday,Amex,Credit,1,1,58,5,1
5712,CA,GBP,23,Weekend,Amex,Credit,0,1,26,0,1
6279,US,USD,23,Weekend,MasterCard,Credit,1,1,32,7,1
1232,AU,GBP,8,Weekday,Discover,Credit,1,0,57,7,0
5118,CA,AUD,1,Weekday,Amex,Credit,1,1,35,10,1
2650,AU,GBP,18,Weekday,Visa,Debit,1,0,51,5,0
9434,UK,CAD,1,Weekday,Amex,Credit,1,1,66,6,1
2435,UK,CAD,19,Weekday,MasterCard,Debit,0,0,56,6,0
8465,Other,CAD,0,Weekend,Visa,Credit,1,1,68,11,1
8381,Other,GBP,1,Weekday,MasterCard,Credit,1,1,43,0,1
8541,Other,GBP,0,Weekend,MasterCard,Debit,1,1,40,5,1
682,CA,CAD,19,Weekday,Amex,Debit,1,0,28,1,0
1459,AU,USD,15,Weekday,Discover,Credit,1,0,29,12,0
4754,Other,CAD,11,Weekday,Amex,Debit,0,0,68,7,0
5018,US,CAD,1,Weekday,Amex,Credit,1,1,25,12,1
9134,US,USD,1,Weekday,Amex,Credit,1,1,45,1,1
8067,UK,CAD,23,Weekend,Amex,Credit,1,1,26,10,1
9450,Other,USD,0,Weekend,Amex,Credit,1,1,65,5,1
7337,UK,USD,0,Weekday,Amex,Credit,1,1,18,12,1
9048,Other,CAD,1,Weekend,Amex,Credit,1,1,44,5,1
9372,AU,GBP,0,Weekday,Amex,Debit,1,1,69,3,1
4823,CA,GBP,8,Weekday,MasterCard,Credit,0,0,28,4,0
4574,AU,GBP,9,Weekend,Amex,Credit,1,0,25,0,0
4471,AU,AUD,10,Weekday,MasterCard,Credit,0,0,19,7,0
311,AU,GBP,11,Weekend,Visa,Debit,0,0,30,2,0
7140,Other,GBP,0,Weekday,Amex,Credit,0,1,60,4,1
4708,US,AUD,16,Weekend,Amex,Debit,1,0,58,2,0
2718,AU,AUD,17,Weekday,Discover,Debit,0,0,51,2,0
3965,CA,GBP,14,Weekday,Visa,Debit,0,0,45,12,0
7561,US,CAD,0,Weekend,Amex,Debit,1,1,23,9,1
9908,Other,CAD,0,Weekend,Discover,Credit,0,1,49,10,1
2441,CA,AUD,17,Weekday,MasterCard,Debit,1,0,66,3,0
5127,Other,USD,23,Weekday,Visa,Debit,1,1,19,4,1
3182,US,USD,13,Weekday,Amex,Credit,0,0,35,8,0
391,CA,AUD,19,Weekend,Visa,Debit,0,0,56,1,0
5764,Other,GBP,0,Weekend,Amex,Credit,1,1,70,7,1
4699,US,CAD,13,Weekend,Amex,Debit,1,0,34,11,0
9277,Other,AUD,23,Weekend,MasterCard,Debit,1,1,22,3,1
5707,Other,USD,0,Weekend,Amex,Debit,1,1,32,7,1
7516,US,AUD,0,Weekday,Amex,Credit,1,1,22,8,1
883,US,GBP,10,Weekday,MasterCard,Credit,1,0,28,6,0
562,AU,AUD,13,Weekday,Discover,Debit,1,0,51,1,0
4509,UK,GBP,9,Weekend,Discover,Credit,0,0,68,0,0
4485,CA,GBP,15,Weekday,Visa,Debit,1,0,33,2,0
2770,Other,GBP,19,Weekday,Discover,Credit,1,0,35,5,0
4339,AU,AUD,19,Weekend,Discover,Credit,1,0,57,11,0
892,US,GBP,11,Weekday,Amex,Debit,1,0,49,8,0
4679,CA,GBP,12,Weekend,Visa,Debit,0,0,53,2,0
9187,AU,CAD,23,Weekend,Visa,Credit,1,1,28,12,1
3833,CA,CAD,11,Weekday,Amex,Credit,0,0,64,0,0
8441,US,CAD,1,Weekday,Discover,Credit,1,1,25,8,1
8030,US,AUD,1,Weekend,Amex,Credit,1,1,22,1,1
845,CA,CAD,19,Weekday,Visa,Debit,1,0,39,5,0
810,AU,USD,14,Weekend,MasterCard,Debit,1,0,42,4,0
8511,Other,AUD,23,Weekday,Amex,Credit,1,1,62,6,1
8719,US,CAD,23,Weekend,Amex,Credit,1,1,46,6,1
8020,CA,AUD,23,Weekend,Amex,Credit,0,1,65,7,1
2600,CA,USD,11,Weekend,Discover,Debit,1,0,53,8,0
6892,Other,CAD,1,Weekend,Amex,Credit,1,1,27,4,1
3026,UK,CAD,10,Weekend,Discover,Debit,0,0,56,7,0
1291,US,CAD,18,Weekday,MasterCard,Credit,1,0,36,4,0
744,AU,GBP,17,Weekday,MasterCard,Debit,1,0,28,3,0
7359,AU,GBP,1,Weekend,Visa,Credit,1,1,18,12,1
7507,UK,CAD,23,Weekend,Visa,Credit,1,1,26,12,1
9068,UK,AUD,23,Weekend,Discover,Debit,1,1,67,11,1
5490,UK,GBP,1,Weekend,Visa,Credit,1,1,37,4,1
6958,US,GBP,23,Weekday,Amex,Credit,1,1,37,12,1
3691,Other,CAD,16,Weekend,Visa,Debit,0,0,37,0,0
2275,UK,AUD,17,Weekend,Discover,Credit,0,0,31,11,0
9769,AU,USD,1,Weekday,MasterCard,Credit,1,1,37,10,1
6632,AU,AUD,23,Weekday,Visa,Credit,1,1,66,5,1
4755,UK,USD,15,Weekday,Amex,Debit,0,0,24,1,0
6286,UK,CAD,23,Weekday,Amex,Credit,1,1,36,6,1
9064,UK,GBP,23,Weekend,Amex,Debit,1,1,64,7,1
1380,AU,CAD,10,Weekday,Discover,Debit,1,0,66,5,0
4054,CA,GBP,12,Weekday,Amex,Debit,0,0,36,7,0
5029,Other,GBP,23,Weekday,Visa,Credit,1,1,67,6,1
2486,US,CAD,8,Weekend,Discover,Debit,1,0,47,10,0
1282,AU,GBP,14,Weekday,MasterCard,Credit,0,0,42,0,0
5920,CA,USD,23,Weekday,Amex,Debit,1,1,19,5,1
7082,Other,CAD,23,Weekday,Amex,Credit,1,1,58,6,1
2586,UK,GBP,9,Weekend,Visa,Credit,1,0,32,4,0
7219,CA,CAD,1,Weekend,MasterCard,Credit,1,1,53,5,1
9232,US,CAD,1,Weekend,Amex,Credit,0,1,22,9,1
7731,UK,CAD,1,Weekend,Amex,Credit,1,1,32,12,1
9900,UK,GBP,23,Weekend,Amex,Credit,1,1,67,5,1
4318,CA,USD,9,Weekday,MasterCard,Credit,1,0,45,10,0
6450,AU,CAD,0,Weekday,Amex,Debit,1,1,61,5,1
3406,US,GBP,8,Weekday,MasterCard,Credit,0,0,31,7,0
9666,AU,AUD,0,Weekend,Amex,Credit,0,1,63,6,1
6260,UK,GBP,23,Weekend,Amex,Debit,1,1,64,7,1
3182,AU,GBP,19,Weekend,Visa,Credit,0,0,20,2,0
7592,Other,GBP,1,Weekend,Discover,Debit,0,1,45,10,1
5713,US,AUD,0,Weekday,Amex,Credit,1,1,22,8,1
1016,US,CAD,8,Weekend,MasterCard,Debit,0,0,67,5,0
8850,AU,AUD,23,Weekend,Visa,Debit,1,1,57,7,1
7651,Other,USD,0,Weekend,MasterCard,Credit,1,1,18,7,1
2507,AU,AUD,11,Weekend,MasterCard,Credit,0,0,26,0,0
1955,CA,USD,14,Weekend,Visa,Debit,1,0,32,1,0
8509,UK,AUD,23,Weekend,Discover,Credit,1,1,64,10,1
3584,Other,USD,9,Weekday,Amex,Credit,1,0,37,12,0
9257,Other,USD,1,Weekend,Amex,Debit,1,1,32,7,1
7357,US,AUD,1,Weekend,Visa,Credit,1,1,58,8,1
2817,CA,AUD,16,Weekend,MasterCard,Debit,0,0,30,5,0
5168,Other,USD,0,Weekend,MasterCard,Credit,1,1,20,12,1
7557,Other,AUD,1,Weekend,Amex,Credit,0,1,61,10,1
2705,US,CAD,17,Weekend,Visa,Debit,0,0,60,10,0
5200,Other,AUD,0,Weekend,MasterCard,Debit,0,1,31,6,1
3344,CA,USD,8,Weekday,MasterCard,Credit,1,0,65,10,0
4764,Other,AUD,17,Weekend,Amex,Credit,1,0,27,3,0
4048,Other,AUD,8,Weekday,Amex,Credit,1,0,55,10,0
9773,UK,AUD,0,Weekend,Visa,Debit,1,1,24,9,1
263,AU,USD,9,Weekend,Discover,Debit,1,0,50,2,0
8328,AU,CAD,1,Weekend,MasterCard,Debit,1,1,70,0,1
3193,UK,GBP,9,Weekend,MasterCard,Credit,1,0,60,6,0
3670,UK,GBP,17,Weekday,Visa,Credit,1,0,59,6,0
5895,US,AUD,23,Weekday,Discover,Credit,1,1,69,0,1
3228,US,GBP,19,Weekday,Discover,Debit,1,0,52,3,0
256,UK,AUD,8,Weekday,Visa,Debit,1,0,34,11,0
9450,AU,GBP,1,Weekday,Visa,Credit,1,1,32,11,1
2187,US,AUD,11,Weekday,Discover,Debit,1,0,41,0,0
144,AU,CAD,13,Weekend,MasterCard,Debit,0,0,24,9,0
6924,US,AUD,23,Weekday,Discover,Credit,1,1,47,3,1
3252,Other,AUD,14,Weekday,MasterCard,Debit,1,0,61,7,0
2724,CA,GBP,10,Weekday,MasterCard,Credit,1,0,62,5,0
7816,CA,CAD,1,Weekday,Amex,Debit,1,1,22,8,1
7636,UK,CAD,0,Weekend,Amex,Credit,1,1,58,7,1
5548,AU,GBP,0,Weekend,Discover,Debit,1,1,57,6,1
2061,CA,AUD,17,Weekday,Discover,Credit,0,0,48,7,0
7347,CA,AUD,1,Weekend,Amex,Debit,1,1,45,5,1
9364,CA,CAD,1,Weekend,Discover,Credit,1,1,24,7,1
3299,CA,GBP,10,Weekend,Amex,Credit,1,0,54,1,0
2060,Other,GBP,19,Weekday,Amex,Debit,1,0,52,9,0
8705,Other,GBP,23,Weekday,Visa,Debit,1,1,70,6,1
3589,Other,GBP,10,Weekday,Visa,Debit,1,0,48,0,0
8405,CA,AUD,1,Weekend,Amex,Credit,1,1,41,6,1
9375,Other,AUD,0,Weekday,Discover,Credit,1,1,59,11,1
7297,CA,GBP,1,Weekend,Visa,Debit,1,1,23,9,1
610,CA,GBP,10,Weekend,Discover,Credit,1,0,59,3,0
2541,US,AUD,10,Weekday,Visa,Credit,1,0,53,2,0
1231,CA,GBP,11,Weekend,Amex,Debit,0,0,36,12,0
1158,UK,AUD,19,Weekend,MasterCard,Debit,1,0,67,10,0
5432,Other,USD,23,Weekday,Discover,Debit,1,1,56,7,1
9602,CA,CAD,0,Weekday,Amex,Credit,1,1,40,1,1
2502,CA,GBP,17,Weekday,MasterCard,Credit,1,0,64,5,0
5799,US,CAD,0,Weekday,Amex,Credit,1,1,59,12,1
7331,Other,AUD,1,Weekend,Amex,Credit,1,1,39,0,1
3103,Other,AUD,10,Weekend,Discover,Debit,0,0,24,7,0
7810,AU,CAD,23,Weekday,Visa,Debit,1,1,59,10,1
7440,AU,GBP,0,Weekend,Amex,Credit,1,1,43,11,1
9574,US,CAD,0,Weekend,Amex,Credit,1,1,46,6,1
6668,US,AUD,1,Weekend,Visa,Debit,1,1,52,12,1
9754,Other,AUD,1,Weekend,Amex,Debit,1,1,25,3,1
7124,Other,AUD,0,Weekday,Amex,Credit,1,1,70,5,1
3462,UK,GBP,17,Weekday,MasterCard,Debit,1,0,47,4,0
497,US,AUD,14,Weekend,Visa,Credit,0,0,56,9,0
2278,AU,GBP,15,Weekday,Discover,Debit,1,0,42,1,0
9302,Other,AUD,23,Weekend,MasterCard,Debit,1,1,42,1,1
705,AU,CAD,9,Weekend,Discover,Debit,1,0,60,2,0
4481,UK,GBP,9,Weekday,Discover,Debit,0,0,59,9,0
7318,AU,USD,23,Weekend,Visa,Credit,1,1,68,7,1
3298,UK,CAD,11,Weekend,Discover,Debit,1,0,49,2,0
8577,Other,GBP,1,Weekend,MasterCard,Debit,1,1,49,4,1
4680,Other,USD,18,Weekday,Amex,Credit,1,0,20,9,0
9095,AU,CAD,1,Weekday,Amex,Credit,1,1,22,0,1
9109,AU,USD,23,Weekend,Amex,Debit,1,1,47,12,1
7798,AU,CAD,0,Weekday,Visa,Credit,1,1,56,4,1
3873,Other,USD,11,Weekend,Amex,Credit,1,0,51,6,0
4880,UK,USD,14,Weekend,Amex,Credit,0,0,18,2,0
8216,AU,GBP,23,Weekend,MasterCard,Credit,1,1,52,1,1
7898,CA,GBP,23,Weekday,Amex,Credit,1,1,22,12,1
8917,AU,CAD,23,Weekday,Amex,Credit,1,1,19,8,1
8867,AU,CAD,1,Weekend,MasterCard,Credit,1,1,68,3,1
6600,Other,AUD,0,Weekend,Amex,Credit,0,1,49,11,1
2930,US,CAD,14,Weekday,MasterCard,Debit,1,0,64,9,0
117,US,CAD,14,Weekday,Amex,Credit,0,0,55,8,0
2291,Other,CAD,9,Weekday,Amex,Credit,0,0,61,12,0
6549,Other,CAD,0,Weekday,Visa,Credit,1,1,61,2,1
7330,US,CAD,23,Weekend,Amex,Debit,1,1,25,1,1
4996,CA,AUD,11,Weekend,MasterCard,Debit,1,0,21,5,0
6422,Other,CAD,0,Weekend,Visa,Credit,1,1,32,3,1
2146,AU,USD,17,Weekday,Visa,Debit,1,0,30,5,0
5793,UK,USD,1,Weekend,MasterCard,Credit,1,1,35,11,1
6879,AU,GBP,0,Weekend,Discover,Credit,1,1,26,2,1
3202,UK,GBP,9,Weekday,Discover,Debit,0,0,27,9,0
9581,US,USD,23,Weekend,Discover,Credit,1,1,46,2,1
4027,Other,USD,13,Weekday,Discover,Credit,1,0,36,3,0
2648,AU,GBP,18,Weekend,Visa,Credit,0,0,44,11,0
4777,AU,CAD,11,Weekend,Discover,Debit,1,0,50,12,0
2449,UK,GBP,12,Weekend,Amex,Credit,0,0,67,2,0
4272,UK,USD,8,Weekday,Discover,Debit,0,0,22,4,0
4194,US,USD,13,Weekend,Amex,Debit,0,0,68,9,0
6159,AU,USD,23,Weekend,Amex,Credit,1,1,35,10,1
4552,CA,AUD,12,Weekday,Visa,Debit,1,0,25,5,0
8805,Other,CAD,0,Weekday,Visa,Credit,0,1,54,6,1
7683,US,USD,23,Weekend,Discover,Credit,1,1,67,8,1
8564,CA,AUD,1,Weekday,Discover,Credit,1,1,30,10,1
1849,AU,GBP,17,Weekday,MasterCard,Credit,1,0,60,8,0
7690,Other,GBP,0,Weekend,MasterCard,Credit,1,1,43,8,1
1679,US,AUD,15,Weekend,MasterCard,Credit,0,0,40,8,0
710,CA,USD,11,Weekday,Discover,Debit,1,0,62,2,0
9029,Other,AUD,23,Weekend,Amex,Credit,1,1,20,0,1
1036,AU,USD,18,Weekday,MasterCard,Credit,0,0,54,4,0
8525,Other,USD,0,Weekday,Amex,Credit,1,1,40,10,1
9409,Other,AUD,23,Weekend,Amex,Credit,1,1,45,1,1
620,UK,USD,10,Weekend,Amex,Credit,0,0,25,11,0
6183,Other,AUD,23,Weekend,Visa,Credit,0,1,67,9,1
5667,US,USD,0,Weekday,Amex,Credit,1,1,68,8,1
9194,US,USD,0,Weekend,Amex,Debit,1,1,56,11,1
197,UK,GBP,11,Weekday,Visa,Credit,0,0,43,4,0
170,UK,CAD,19,Weekday,Discover,Debit,1,0,54,11,0
7216,Other,CAD,1,Weekday,Visa,Debit,0,1,68,0,1
7487,Other,AUD,23,Weekend,Amex,Debit,1,1,38,11,1
8960,CA,AUD,0,Weekend,Discover,Debit,1,1,57,2,1
5372,Other,AUD,0,Weekday,Amex,Debit,0,1,44,12,1
5302,AU,GBP,23,Weekend,Visa,Debit,1,1,69,12,1
7267,Other,GBP,0,Weekday,Amex,Debit,1,1,57,4,1
7905,Other,CAD,1,Weekend,Amex,Debit,1,1,44,7,1
7361,Other,CAD,0,Weekend,MasterCard,Debit,1,1,52,11,1
1928,AU,AUD,16,Weekday,MasterCard,Credit,1,0,57,10,0
5793,UK,USD,0,Weekday,MasterCard,Credit,1,1,22,6,1
3418,CA,CAD,19,Weekend,Visa,Debit,1,0,40,10,0
162,US,GBP,16,Weekday,Amex,Debit,1,0,31,3,0
9067,AU,CAD,1,Weekday,Visa,Credit,1,1,60,6,1
7897,CA,CAD,23,Weekend,Amex,Credit,0,1,23,11,1
170,UK,USD,11,Weekend,MasterCard,Credit,1,0,34,1,0
2632,US,CAD,9,Weekend,MasterCard,Credit,0,0,69,12,0
9191,Other,GBP,1,Weekday,Amex,Credit,0,1,32,10,1
1238,Other,AUD,9,Weekend,Amex,Credit,1,0,37,4,0
2975,US,USD,12,Weekend,MasterCard,Debit,0,0,46,3,0
6441,Other,GBP,1,Weekend,MasterCard,Credit,0,1,40,9,1
4604,AU,CAD,8,Weekend,Visa,Debit,1,0,54,3,0
3934,AU,CAD,18,Weekend,Visa,Credit,0,0,68,12,0
4328,AU,AUD,11,Weekday,MasterCard,Debit,1,0,56,1,0
8675,AU,AUD,23,Weekend,MasterCard,Debit,1,1,21,7,1
1386,Other,USD,19,Weekend,Visa,Credit,0,0,62,0,0
9433,US,CAD,0,Weekend,Discover,Credit,1,1,66,0,1
6836,AU,USD,23,Weekday,Amex,Credit,1,1,55,6,1
5804,US,USD,0,Weekend,Discover,Credit,1,1,23,2,1
3351,US,AUD,18,Weekday,Visa,Debit,1,0,51,8,0
3230,CA,USD,16,Weekday,MasterCard,Credit,1,0,60,0,0
9555,AU,CAD,23,Weekday,Amex,Credit,0,1,47,9,1
4405,AU,CAD,17,Weekend,Amex,Debit,1,0,49,9,0
5634,UK,USD,0,Weekend,Amex,Credit,1,1,45,0,1
9497,Other,GBP,0,Weekday,Amex,Credit,0,1,44,12,1
7802,Other,USD,0,Weekday,Discover,Credit,1,1,38,7,1
6519,AU,CAD,0,Weekend,Discover,Credit,1,1,37,4,1
8675,UK,GBP,1,Weekend,MasterCard,Debit,1,1,47,10,1
591,US,AUD,11,Weekend,Amex,Credit,1,0,59,10,0
1574,UK,GBP,14,Weekday,Visa,Debit,0,0,27,8,0
7917,UK,CAD,23,Weekday,Amex,Credit,1,1,43,4,1
5977,UK,GBP,1,Weekend,Visa,Debit,1,1,58,12,1
7527,CA,GBP,23,Weekday,Amex,Credit,1,1,38,4,1
2556,CA,CAD,17,Weekday,Amex,Debit,1,0,55,7,0
4016,CA,AUD,9,Weekend,Amex,Credit,1,0,34,10,0
6779,US,USD,23,Weekend,Amex,Credit,1,1,48,12,1
8254,Other,GBP,0,Weekend,Amex,Credit,1,1,67,8,1
6672,AU,AUD,0,Weekday,Amex,Credit,1,1,46,1,1
1441,US,USD,11,Weekend,Visa,Debit,0,0,43,7,0
4992,US,USD,16,Weekday,Discover,Debit,0,0,29,1,0
7766,AU,CAD,23,Weekday,Discover,Debit,1,1,18,8,1
3740,US,CAD,11,Weekend,MasterCard,Debit,0,0,70,3,0
7964,Other,GBP,1,Weekday,MasterCard,Debit,1,1,19,1,1
2645,Other,GBP,16,Weekday,Amex,Debit,1,0,61,4,0
4783,CA,AUD,11,Weekday,Visa,Credit,1,0,39,11,0
1513,AU,USD,9,Weekend,MasterCard,Debit,0,0,68,0,0
5980,Other,AUD,1,Weekend,MasterCard,Credit,1,1,68,3,1
9307,CA,AUD,0,Weekend,Discover,Credit,1,1,48,9,1
6425,Other,CAD,1,Weekend,Amex,Credit,0,1,28,12,1
2471,US,CAD,14,Weekday,Visa,Debit,0,0,59,7,0
5589,UK,USD,1,Weekday,Visa,Debit,1,1,23,12,1
6776,Other,AUD,1,Weekend,Discover,Debit,1,1,70,0,1
4601,Other,USD,16,Weekday,Amex,Credit,0,0,21,10,0
4392,CA,CAD,9,Weekend,MasterCard,Debit,0,0,53,12,0
152,UK,CAD,13,Weekday,Visa,Credit,1,0,49,10,0
8407,Other,USD,23,Weekday,Discover,Credit,1,1,70,8,1
7080,UK,CAD,1,Weekend,Discover,Credit,1,1,22,7,1
175,UK,AUD,19,Weekend,MasterCard,Credit,0,0,25,2,0
1008,UK,CAD,10,Weekend,Visa,Credit,1,0,22,4,0
9497,AU,USD,1,Weekend,Amex,Credit,1,1,30,8,1
6613,Other,GBP,23,Weekend,Amex,Debit,1,1,37,1,1
4161,CA,USD,17,Weekday,MasterCard,Credit,0,0,35,0,0
2525,US,AUD,8,Weekend,Visa,Credit,1,0,42,6,0
8127,UK,GBP,23,Weekday,Visa,Credit,1,1,18,5,1
1165,US,USD,18,Weekend,Visa,Credit,1,0,68,1,0
3971,US,USD,12,Weekday,Visa,Debit,0,0,38,2,0
2109,US,USD,9,Weekday,Visa,Debit,1,0,22,0,0
2142,UK,AUD,17,Weekday,MasterCard,Debit,0,0,47,3,0
4469,UK,USD,10,Weekday,Discover,Credit,1,0,50,6,0
1416,AU,GBP,19,Weekend,Discover,Debit,1,0,44,1,0
3843,CA,GBP,12,Weekend,Amex,Debit,1,0,64,0,0
3457,AU,GBP,14,Weekend,Visa,Credit,0,0,48,1,0
6232,Other,USD,1,Weekend,Amex,Debit,1,1,33,3,1
6327,UK,CAD,0,Weekday,Amex,Credit,1,1,22,10,1
3356,UK,GBP,10,Weekday,Amex,Debit,0,0,50,10,0
9654,Other,GBP,1,Weekday,Amex,Credit,0,1,32,10,1
3288,CA,GBP,16,Weekday,Visa,Credit,1,0,54,6,0
6060,AU,CAD,23,Weekday,Visa,Credit,1,1,56,4,1
8644,AU,USD,1,Weekend,Visa,Credit,1,1,31,4,1
507,CA,CAD,8,Weekday,Amex,Credit,1,0,19,6,0
9235,US,USD,1,Weekend,Discover,Credit,1,1,43,11,1
9812,US,GBP,1,Weekday,Amex,Credit,1,1,46,7,1
3135,UK,USD,8,Weekend,Amex,Debit,1,0,22,7,0
8634,Other,GBP,1,Weekend,Amex,Debit,1,1,60,0,1
7496,US,AUD,1,Weekday,Discover,Credit,1,1,56,8,1
1201,Other,USD,12,Weekday,Discover,Debit,1,0,51,5,0
2419,US,AUD,11,Weekend,Visa,Credit,0,0,51,6,0
4652,UK,CAD,11,Weekday,Amex,Debit,1,0,70,2,0
3660,US,USD,10,Weekend,Discover,Credit,0,0,36,12,0
2612,US,CAD,17,Weekday,MasterCard,Debit,1,0,35,5,0
8822,AU,USD,0,Weekday,Amex,Credit,1,1,55,6,1
8519,Other,CAD,23,Weekend,Discover,Credit,0,1,49,10,1
5868,Other,CAD,23,Weekday,Discover,Debit,1,1,37,9,1
4147,AU,AUD,19,Weekend,MasterCard,Credit,0,0,43,12,0
2277,UK,USD,14,Weekday,Visa,Debit,1,0,52,4,0
1044,AU,USD,16,Weekday,Amex,Debit,0,0,55,5,0
9662,US,CAD,0,Weekend,Amex,Debit,1,1,25,12,1
5246,Other,USD,0,Weekend,Amex,Debit,1,1,32,7,1
7030,US,CAD,23,Weekday,Amex,Debit,1,1,31,7,1
6460,US,GBP,1,Weekend,Visa,Debit,1,1,44,2,1
2125,AU,USD,14,Weekend,Amex,Credit,1,0,23,0,0
577,Other,AUD,16,Weekend,Amex,Debit,0,0,18,10,0
6489,US,GBP,1,Weekend,Visa,Credit,1,1,21,2,1
159,Other,USD,18,Weekend,Visa,Credit,1,0,20,1,0
9717,Other,CAD,1,Weekday,Amex,Credit,1,1,68,0,1
361,CA,USD,17,Weekday,MasterCard,Credit,0,0,33,12,0
6736,CA,AUD,23,Weekend,Amex,Debit,1,1,60,6,1
6788,CA,GBP,0,Weekday,Amex,Debit,1,1,58,1,1
9182,Other,CAD,0,Weekday,Amex,Credit,1,1,27,0,1
7910,US,USD,1,Weekend,MasterCard,Debit,1,1,40,11,1
4935,US,GBP,19,Weekend,Visa,Debit,0,0,31,12,0
7548,Other,AUD,23,Weekend,Visa,Credit,1,1,68,8,1
4216,US,GBP,14,Weekend,Amex,Credit,0,0,42,10,0
6691,Other,USD,1,Weekend,Visa,Debit,1,1,65,8,1
8449,CA,GBP,0,Weekend,Discover,Credit,1,1,23,2,1
1009,CA,AUD,16,Weekday,Discover,Debit,1,0,44,1,0
2398,US,USD,18,Weekday,Amex,Credit,0,0,66,8,0
8992,AU,CAD,1,Weekend,MasterCard,Debit,1,1,35,12,1
6493,US,CAD,23,Weekend,Amex,Debit,1,1,56,10,1
7221,UK,USD,23,Weekday,MasterCard,Credit,1,1,22,11,1
8413,US,CAD,1,Weekend,Visa,Credit,1,1,23,2,1
9339,Other,USD,1,Weekend,Visa,Credit,1,1,50,1,1
1275,CA,USD,17,Weekday,Discover,Debit,0,0,29,11,0
9732,Other,USD,0,Weekday,MasterCard,Credit,1,1,36,9,1
5208,UK,GBP,0,Weekend,MasterCard,Debit,1,1,70,6,1
9965,Other,GBP,0,Weekday,MasterCard,Credit,0,1,54,10,1
4560,US,GBP,18,Weekend,Visa,Credit,0,0,45,9,0
8440,Other,GBP,1,Weekday,Discover,Debit,1,1,65,5,1
3859,AU,GBP,10,Weekend,Discover,Credit,0,0,50,5,0
4678,AU,AUD,10,Weekend,Visa,Credit,1,0,47,8,0
8431,Other,GBP,1,Weekday,Amex,Credit,1,1,42,12,1
1703,AU,GBP,16,Weekday,Visa,Credit,1,0,65,1,0
1172,US,CAD,13,Weekday,Amex,Credit,1,0,40,8,0
3631,Other,GBP,17,Weekend,MasterCard,Debit,0,0,31,9,0
594,UK,USD,17,Weekend,Visa,Credit,0,0,22,7,0
6285,Other,CAD,1,Weekday,Discover,Debit,1,1,32,11,1
9935,CA,GBP,23,Weekend,Amex,Debit,0,1,67,9,1
6240,AU,GBP,23,Weekend,Amex,Credit,1,1,43,11,1
4734,AU,USD,8,Weekend,Discover,Debit,1,0,18,8,0
8487,Other,USD,1,Weekday,Visa,Credit,1,1,63,6,1
7727,US,GBP,0,Weekend,Amex,Debit,1,1,58,7,1
9735,US,AUD,23,Weekend,Discover,Credit,1,1,47,3,1
2645,US,AUD,17,Weekday,Discover,Debit,1,0,54,4,0
4940,CA,GBP,19,Weekday,Discover,Credit,1,0,40,12,0
9502,CA,CAD,0,Weekend,MasterCard,Credit,1,1,53,5,1
5196,US,CAD,23,Weekday,Amex,Credit,1,1,59,12,1
3758,Other,USD,11,Weekday,Visa,Credit,1,0,56,6,0
2881,US,GBP,13,Weekday,MasterCard,Debit,1,0,70,11,0
9947,UK,CAD,23,Weekend,MasterCard,Credit,1,1,45,11,1
9304,AU,AUD,23,Weekday,Discover,Debit,1,1,62,12,1
9483,AU,CAD,23,Weekend,Discover,Debit,1,1,55,9,1
1097,CA,CAD,15,Weekend,Visa,Debit,0,0,26,12,0
4395,US,CAD,16,Weekday,Amex,Debit,1,0,26,1,0
3718,UK,USD,13,Weekday,Amex,Credit,1,0,54,2,0
4433,UK,GBP,10,Weekday,MasterCard,Credit,0,0,37,8,0
6456,CA,CAD,1,Weekday,Visa,Credit,1,1,44,11,1
1962,CA,AUD,11,Weekday,Discover,Credit,0,0,19,3,0
5228,UK,CAD,1,Weekend,Discover,Credit,0,1,45,12,1
234,Other,USD,8,Weekend,Discover,Credit,0,0,28,0,0
3648,AU,CAD,10,Weekday,Visa,Credit,1,0,69,10,0
1548,US,GBP,14,Weekday,Amex,Credit,1,0,42,3,0
6979,Other,GBP,23,Weekday,Amex,Credit,1,1,65,6,1
2965,US,USD,14,Weekday,Amex,Debit,0,0,36,12,0
1289,Other,GBP,13,Weekend,Amex,Debit,1,0,68,11,0
2709,AU,GBP,11,Weekday,MasterCard,Credit,1,0,39,3,0
9482,Other,GBP,0,Weekend,Amex,Credit,1,1,36,4,1
9489,UK,USD,0,Weekend,Visa,Credit,1,1,50,12,1
7414,Other,GBP,1,Weekend,Visa,Credit,1,1,46,8,1
1280,Other,USD,18,Weekday,Visa,Credit,0,0,25,5,0
8305,Other,AUD,23,Weekend,Amex,Debit,1,1,56,9,1
5977,Other,AUD,23,Weekend,Amex,Credit,1,1,40,11,1
8367,US,GBP,0,Weekend,Amex,Credit,1,1,35,9,1
5606,US,CAD,23,Weekday,Discover,Credit,1,1,25,8,1
6759,Other,AUD,0,Weekend,Discover,Debit,0,1,31,1,1
5500,UK,CAD,23,Weekday,Amex,Credit,1,1,43,4,1
4670,UK,AUD,16,Weekday,Visa,Debit,1,0,41,1,0
5836,UK,CAD,23,Weekend,MasterCard,Debit,1,1,65,5,1
6362,Other,USD,23,Weekend,Visa,Credit,1,1,37,2,1
3973,Other,GBP,14,Weekday,Discover,Credit,0,0,64,10,0
906,UK,USD,9,Weekend,Discover,Credit,1,0,30,11,0
7017,Other,GBP,1,Weekday,Discover,Debit,1,1,46,9,1
3412,AU,CAD,13,Weekend,Visa,Debit,1,0,46,1,0
307,CA,USD,13,Weekday,MasterCard,Credit,1,0,54,9,0
2563,AU,CAD,19,Weekday,Amex,Debit,1,0,40,6,0
4670,CA,AUD,18,Weekend,Discover,Debit,0,0,47,5,0
8908,AU,GBP,23,Weekday,MasterCard,Credit,1,1,67,9,1
3077,CA,AUD,9,Weekday,MasterCard,Credit,0,0,23,6,0
8028,CA,AUD,23,Weekday,Amex,Credit,1,1,35,10,1
7512,US,CAD,23,Weekend,Amex,Debit,1,1,23,6,1
8012,US,GBP,0,Weekday,Discover,Credit,1,1,44,12,1
2332,US,USD,10,Weekend,Amex,Debit,0,0,38,11,0
2340,Other,AUD,8,Weekday,Discover,Credit,1,0,47,4,0
4142,Other,CAD,16,Weekday,Discover,Debit,1,0,46,8,0
7062,Other,AUD,1,Weekend,MasterCard,Debit,0,1,31,6,1
5612,CA,GBP,0,Weekday,Visa,Credit,1,1,18,11,1
7797,Other,AUD,0,Weekend,Amex,Credit,1,1,67,2,1
6349,CA,AUD,1,Weekday,Discover,Credit,1,1,70,2,1
2774,AU,CAD,13,Weekday,MasterCard,Credit,1,0,46,10,0
2123,US,AUD,12,Weekday,MasterCard,Debit,0,0,66,5,0
8713,Other,USD,1,Weekend,Amex,Debit,0,1,69,8,1
9534,AU,CAD,23,Weekend,MasterCard,Credit,1,1,27,5,1
711,Other,AUD,10,Weekend,Amex,Credit,0,0,18,1,0
6705,US,CAD,0,Weekend,Discover,Credit,1,1,63,1,1
7642,Other,AUD,0,Weekday,MasterCard,Debit,1,1,56,11,1
6202,Other,AUD,0,Weekend,Discover,Debit,1,1,52,10,1
990,US,GBP,19,Weekend,Discover,Credit,1,0,33,4,0
1420,CA,CAD,14,Weekday,Visa,Debit,1,0,37,7,0
9631,US,GBP,0,Weekend,Visa,Credit,1,1,21,2,1
8396,AU,GBP,1,Weekday,Visa,Credit,1,1,42,8,1
7273,Other,AUD,0,Weekday,Discover,Credit,1,1,63,0,1
630,AU,GBP,14,Weekday,Discover,Credit,1,0,39,6,0
2454,US,CAD,11,Weekday,Amex,Credit,1,0,34,1,0
9601,Other,USD,23,Weekday,Discover,Credit,1,1,69,4,1
1112,Other,CAD,15,Weekday,MasterCard,Debit,1,0,48,3,0
2534,CA,GBP,15,Weekday,MasterCard,Credit,1,0,59,2,0
406,CA,GBP,17,Weekday,Visa,Debit,1,0,29,7,0
1835,AU,CAD,17,Weekend,Amex,Debit,0,0,27,2,0
4275,AU,GBP,14,Weekday,MasterCard,Credit,1,0,26,8,0
2802,CA,CAD,11,Weekend,Discover,Debit,0,0,70,8,0
7163,Other,GBP,1,Weekend,Amex,Debit,1,1,37,1,1
2253,CA,USD,12,Weekend,Discover,Debit,0,0,48,12,0
2587,AU,AUD,11,Weekend,MasterCard,Credit,1,0,33,2,0
1369,US,GBP,14,Weekend,MasterCard,Debit,1,0,23,2,0
6783,Other,CAD,1,Weekend,Visa,Credit,1,1,32,3,1
5707,UK,AUD,0,Weekday,Discover,Debit,1,1,34,2,1
6427,Other,USD,0,Weekday,Visa,Debit,1,1,60,12,1
3106,US,CAD,16,Weekday,Discover,Debit,1,0,29,7,0
5643,Other,AUD,23,Weekend,MasterCard,Debit,1,1,22,3,1
2485,UK,CAD,15,Weekday,Discover,Credit,0,0,29,8,0
6571,Other,AUD,0,Weekend,Discover,Credit,1,1,34,3,1
3981,UK,USD,17,Weekend,MasterCard,Debit,1,0,62,0,0
2783,UK,USD,9,Weekend,Amex,Debit,0,0,29,7,0
514,AU,AUD,18,Weekend,Amex,Credit,1,0,54,12,0
2654,CA,USD,17,Weekday,Discover,Credit,1,0,29,2,0
5887,CA,AUD,23,Weekend,Amex,Debit,1,1,41,7,1
1073,US,CAD,14,Weekday,Amex,Credit,0,0,20,1,0
975,AU,GBP,9,Weekend,Discover,Debit,0,0,37,12,0
1490,US,GBP,13,Weekday,Discover,Credit,0,0,35,8,0
5161,Other,CAD,23,Weekday,Visa,Debit,0,1,67,11,1
4472,UK,AUD,13,Weekday,Visa,Debit,1,0,24,1,0
8239,AU,USD,23,Weekday,Amex,Credit,1,1,63,7,1
6754,AU,AUD,1,Weekday,Discover,Credit,1,1,26,9,1
1937,AU,GBP,17,Weekday,Visa,Debit,0,0,27,7,0
6204,Other,AUD,23,Weekend,MasterCard,Credit,1,1,33,8,1
2036,UK,CAD,12,Weekday,Discover,Credit,1,0,35,7,0
6052,AU,CAD,23,Weekday,MasterCard,Credit,1,1,48,2,1
1592,AU,AUD,17,Weekday,MasterCard,Debit,1,0,54,7,0
9148,Other,CAD,23,Weekday,Amex,Credit,1,1,36,1,1
9963,CA,AUD,1,Weekend,Visa,Credit,1,1,62,1,1
1520,CA,AUD,9,Weekday,MasterCard,Debit,1,0,40,11,0
259,US,AUD,14,Weekend,MasterCard,Credit,1,0,21,7,0
6176,Other,CAD,0,Weekend,Amex,Credit,1,1,44,5,1
9647,Other,USD,1,Weekday,Amex,Credit,1,1,69,11,1
7787,Other,GBP,0,Weekend,Discover,Credit,1,1,51,5,1
8575,Other,GBP,23,Weekend,Discover,Credit,1,1,42,12,1
488,Other,USD,17,Weekday,Visa,Credit,0,0,51,7,0
3072,Other,CAD,16,Weekday,Visa,Credit,1,0,21,12,0
2248,CA,AUD,19,Weekend,Visa,Debit,1,0,57,1,0
2225,US,GBP,14,Weekday,Amex,Credit,1,0,38,7,0
2214,AU,AUD,16,Weekday,Amex,Debit,0,0,61,0,0
5581,AU,CAD,23,Weekday,Amex,Debit,1,1,37,5,1
6415,Other,CAD,0,Weekend,Visa,Debit,0,1,27,0,1
3317,US,GBP,16,Weekday,Visa,Credit,0,0,70,9,0
4419,AU,USD,8,Weekday,Visa,Credit,0,0,69,7,0
6651,Other,GBP,0,Weekday,Amex,Credit,1,1,49,12,1
2442,Other,GBP,11,Weekend,Discover,Debit,1,0,41,11,0
5970,Other,AUD,1,Weekend,Amex,Debit,1,1,62,5,1
3439,CA,AUD,9,Weekday,Visa,Credit,0,0,43,5,0
5551,Other,CAD,1,Weekend,Discover,Credit,1,1,69,3,1
8073,Other,AUD,0,Weekday,Visa,Credit,1,1,63,6,1
2656,Other,AUD,17,Weekday,MasterCard,Credit,0,0,33,8,0
386,US,AUD,9,Weekday,MasterCard,Debit,1,0,19,10,0
3343,Other,CAD,18,Weekend,Discover,Credit,0,0,19,0,0
6914,Other,AUD,0,Weekday,Visa,Credit,0,1,66,9,1
2607,Other,AUD,16,Weekday,MasterCard,Debit,1,0,62,7,0
389,Other,AUD,14,Weekend,MasterCard,Debit,0,0,36,11,0
6267,Other,GBP,23,Weekday,Discover,Debit,1,1,46,9,1
5922,CA,GBP,1,Weekday,Amex,Credit,1,1,30,2,1
190,US,GBP,9,Weekday,MasterCard,Debit,0,0,45,3,0
6766,AU,GBP,23,Weekday,Visa,Credit,1,1,42,8,1
7304,Other,USD,0,Weekend,Amex,Debit,1,1,62,7,1
4472,CA,CAD,17,Weekend,Visa,Debit,0,0,48,3,0
8759,US,CAD,0,Weekday,Amex,Credit,1,1,69,7,1
5243,Other,USD,23,Weekday,MasterCard,Debit,1,1,35,10,1
1710,Other,GBP,17,Weekend,MasterCard,Debit,0,0,36,12,0
6169,Other,CAD,1,Weekend,Visa,Credit,0,1,53,8,1
242,AU,AUD,18,Weekend,Discover,Debit,0,0,24,6,0
4882,US,AUD,12,Weekend,MasterCard,Credit,0,0,63,3,0
9176,CA,GBP,23,Weekday,Amex,Credit,1,1,24,4,1
5937,Other,AUD,1,Weekend,Amex,Credit,0,1,49,11,1
6178,UK,GBP,1,Weekday,Visa,Credit,1,1,69,9,1
9290,AU,USD,23,Weekend,MasterCard,Debit,1,1,25,4,1
8507,UK,USD,23,Weekend,MasterCard,Credit,1,1,46,4,1
1830,Other,CAD,13,Weekday,Discover,Credit,1,0,48,4,0
467,AU,CAD,8,Weekday,Discover,Credit,1,0,60,9,0
5594,Other,USD,1,Weekday,Amex,Credit,1,1,40,10,1
9580,Other,CAD,1,Weekend,Discover,Credit,0,1,26,7,1
7270,US,GBP,1,Weekend,Discover,Credit,1,1,46,8,1
9252,CA,GBP,0,Weekday,Amex,Credit,1,1,38,4,1
3625,CA,GBP,15,Weekday,Discover,Debit,1,0,61,10,0
7869,Other,GBP,23,Weekday,MasterCard,Credit,1,1,34,8,1
6752,Other,CAD,0,Weekend,Visa,Credit,1,1,64,12,1
9349,UK,USD,1,Weekday,Discover,Credit,1,1,69,2,1
7023,Other,AUD,1,Weekday,Amex,Credit,1,1,70,5,1
7957,US,GBP,1,Weekday,Amex,Credit,1,1,46,7,1
1644,CA,CAD,10,Weekday,Amex,Debit,1,0,41,4,0
4103,CA,USD,11,Weekend,MasterCard,Debit,0,0,68,8,0
366,CA,CAD,9,Weekend,Discover,Debit,0,0,42,8,0
6328,UK,USD,0,Weekday,Visa,Debit,1,1,23,12,1
2774,US,CAD,18,Weekday,Amex,Debit,1,0,66,5,0
2948,UK,CAD,19,Weekday,Visa,Debit,0,0,44,12,0
4380,Other,AUD,12,Weekday,Amex,Credit,1,0,48,2,0
255,Other,USD,9,Weekend,Amex,Debit,0,0,19,2,0
5523,AU,CAD,23,Weekday,Amex,Credit,1,1,19,8,1
6777,US,USD,1,Weekend,Discover,Credit,1,1,23,2,1
6421,US,AUD,1,Weekend,MasterCard,Debit,1,1,63,11,1
8879,UK,USD,1,Weekday,Discover,Credit,1,1,69,2,1
8436,US,GBP,23,Weekend,Amex,Credit,0,1,60,9,1
3284,UK,AUD,16,Weekend,Amex,Debit,0,0,49,5,0
8308,AU,CAD,0,Weekend,MasterCard,Credit,1,1,18,9,1
1298,CA,CAD,10,Weekend,Discover,Debit,1,0,53,9,0
2420,CA,CAD,15,Weekday,Discover,Credit,0,0,49,0,0
817,AU,CAD,13,Weekend,Visa,Credit,0,0,62,9,0
7087,US,GBP,23,Weekday,Amex,Credit,1,1,37,12,1
2397,CA,USD,11,Weekday,Amex,Debit,1,0,56,1,0
2506,Other,CAD,19,Weekday,Visa,Debit,1,0,24,5,0
1254,CA,CAD,12,Weekday,Discover,Credit,1,0,44,10,0
8389,AU,CAD,0,Weekend,Discover,Credit,1,1,49,1,1
7362,AU,CAD,0,Weekday,Visa,Credit,1,1,56,4,1
1614,AU,GBP,13,Weekend,MasterCard,Debit,0,0,45,3,0
6375,AU,GBP,1,Weekend,Visa,Credit,1,1,18,12,1
3508,Other,CAD,15,Weekend,Amex,Debit,1,0,28,8,0
2357,AU,CAD,9,Weekday,Discover,Credit,1,0,57,6,0
3896,US,AUD,15,Weekend,Amex,Debit,1,0,68,6,0
1285,CA,USD,17,Weekend,MasterCard,Debit,1,0,35,4,0
1219,Other,GBP,14,Weekend,MasterCard,Credit,1,0,68,12,0
3818,US,AUD,18,Weekday,MasterCard,Debit,1,0,43,12,0
9917,Other,AUD,1,Weekday,Amex,Debit,1,1,31,2,1
3615,Other,CAD,16,Weekday,Amex,Credit,1,0,58,7,0
6617,Other,USD,23,Weekday,MasterCard,Credit,1,1,36,9,1
748,Other,GBP,19,Weekend,Amex,Debit,0,0,52,11,0
8283,Other,CAD,23,Weekday,Amex,Credit,0,1,57,8,1
2569,CA,GBP,11,Weekend,MasterCard,Debit,0,0,65,8,0
5129,AU,USD,0,Weekend,Visa,Credit,1,1,22,5,1
8100,Other,AUD,0,Weekday,Visa,Credit,0,1,42,11,1
4668,UK,CAD,10,Weekday,Discover,Credit,1,0,20,4,0
8916,US,AUD,0,Weekday,Amex,Credit,0,1,59,4,1
3541,US,CAD,15,Weekday,MasterCard,Debit,1,0,67,7,0
3720,AU,USD,13,Weekday,MasterCard,Debit,0,0,46,0,0
1466,US,CAD,8,Weekend,Visa,Debit,1,0,39,5,0
338,CA,GBP,10,Weekday,Discover,Debit,1,0,18,4,0
9685,Other,AUD,23,Weekend,Discover,Debit,0,1,31,1,1
3677,AU,USD,11,Weekend,Amex,Debit,0,0,38,2,0
3595,AU,GBP,12,Weekend,Visa,Credit,1,0,32,2,0
2127,AU,GBP,11,Weekday,Amex,Credit,0,0,67,0,0
809,UK,CAD,19,Weekday,Visa,Credit,1,0,69,6,0
3236,CA,GBP,9,Weekend,MasterCard,Credit,1,0,33,5,0
635,CA,AUD,11,Weekday,Amex,Debit,0,0,24,0,0
8927,AU,USD,23,Weekend,Visa,Debit,1,1,69,5,1
7767,Other,CAD,23,Weekday,Visa,Credit,0,1,54,6,1
470,US,AUD,8,Weekend,Amex,Debit,1,0,60,7,0
5496,US,GBP,1,Weekend,Discover,Credit,1,1,67,2,1
5083,CA,USD,23,Weekday,Visa,Credit,1,1,41,10,1
5402,CA,CAD,1,Weekend,Amex,Credit,1,1,19,7,1
6629,Other,GBP,1,Weekend,Visa,Credit,1,1,25,3,1
7340,Other,USD,23,Weekend,Visa,Debit,1,1,65,8,1
8626,Other,GBP,0,Weekend,MasterCard,Credit,1,1,54,6,1
1635,UK,USD,19,Weekend,Amex,Credit,1,0,20,12,0
8339,AU,USD,23,Weekend,Visa,Credit,1,1,68,7,1
8407,Other,GBP,0,Weekend,Visa,Credit,0,1,29,8,1
4120,UK,CAD,12,Weekend,Visa,Debit,0,0,24,8,0
7953,US,CAD,23,Weekday,Amex,Credit,1,1,25,12,1
6076,UK,AUD,1,Weekend,Discover,Credit,1,1,67,1,1
5427,US,CAD,23,Weekend,Amex,Debit,1,1,25,1,1
7145,AU,USD,0,Weekend,Visa,Credit,1,1,22,5,1
9244,US,CAD,1,Weekend,Amex,Credit,0,1,26,10,1
6961,Other,CAD,23,Weekday,Discover,Credit,1,1,57,9,1
2411,AU,AUD,15,Weekend,Discover,Debit,1,0,36,0,0
7724,AU,GBP,23,Weekend,Amex,Debit,1,1,24,2,1
1176,CA,AUD,13,Weekend,MasterCard,Credit,0,0,27,8,0
1067,US,GBP,14,Weekday,Discover,Debit,1,0,57,0,0
9674,US,AUD,23,Weekday,Discover,Credit,1,1,47,3,1
8807,AU,AUD,1,Weekend,MasterCard,Credit,1,1,32,10,1
4665,UK,GBP,11,Weekend,MasterCard,Credit,0,0,23,8,0
1459,UK,CAD,15,Weekend,Visa,Credit,0,0,55,1,0
7149,US,CAD,0,Weekend,Amex,Credit,1,1,46,6,1
2675,UK,CAD,17,Weekday,Amex,Credit,0,0,55,12,0
1739,US,CAD,13,Weekday,Discover,Credit,0,0,28,5,0
2889,US,CAD,16,Weekend,Amex,Credit,1,0,39,1,0
3044,UK,GBP,12,Weekend,MasterCard,Debit,0,0,21,1,0
5047,CA,CAD,1,Weekend,Amex,Debit,1,1,50,8,1
3792,Other,AUD,13,Weekday,Amex,Credit,1,0,24,6,0
2324,CA,AUD,18,Weekday,Discover,Credit,0,0,60,2,0
8859,US,GBP,23,Weekend,Discover,Credit,1,1,67,2,1
8794,Other,USD,23,Weekday,Amex,Credit,0,1,69,1,1
4390,AU,GBP,10,Weekend,MasterCard,Credit,0,0,58,9,0
2885,AU,GBP,13,Weekday,Discover,Credit,1,0,39,5,0
472,Other,CAD,12,Weekday,Amex,Credit,0,0,34,5,0
252,US,GBP,19,Weekend,Discover,Credit,1,0,29,1,0
3924,AU,GBP,8,Weekday,Visa,Credit,1,0,42,0,0
6545,UK,CAD,1,Weekday,Amex,Debit,1,1,65,9,1
8925,AU,AUD,1,Weekend,Discover,Credit,1,1,67,0,1
4725,AU,GBP,12,Weekend,MasterCard,Debit,0,0,58,10,0
5476,CA,GBP,1,Weekend,Amex,Credit,1,1,40,11,1
6799,Other,AUD,1,Weekend,Discover,Credit,1,1,62,0,1
4505,US,AUD,13,Weekend,MasterCard,Debit,1,0,50,0,0
4064,Other,GBP,9,Weekend,Amex,Debit,1,0,55,0,0
1407,UK,CAD,9,Weekday,Amex,Debit,0,0,55,11,0
2130,US,CAD,18,Weekend,Discover,Debit,0,0,66,10,0
3980,AU,GBP,18,Weekend,MasterCard,Debit,1,0,32,5,0
9881,US,USD,0,Weekend,Discover,Credit,1,1,60,12,1
371,UK,USD,19,Weekend,Discover,Debit,1,0,60,3,0
2365,UK,CAD,13,Weekday,Amex,Credit,1,0,69,1,0
1811,UK,USD,12,Weekend,Discover,Credit,1,0,65,6,0
1444,Other,GBP,13,Weekday,Visa,Debit,0,0,50,7,0
2306,CA,AUD,17,Weekday,Visa,Debit,1,0,44,8,0
3865,Other,CAD,18,Weekend,Discover,Debit,1,0,45,8,0
307,UK,USD,11,Weekend,Amex,Debit,1,0,56,2,0
8017,CA,AUD,0,Weekend,Amex,Credit,1,1,18,4,1
1184,US,GBP,12,Weekday,Discover,Debit,1,0,69,9,0
6870,UK,AUD,23,Weekend,MasterCard,Credit,1,1,47,9,1
8463,AU,AUD,1,Weekend,Amex,Debit,1,1,66,10,1
9940,Other,AUD,23,Weekday,MasterCard,Debit,1,1,19,10,1
679,CA,GBP,17,Weekday,Visa,Debit,1,0,66,10,0
5818,Other,CAD,23,Weekend,Visa,Debit,0,1,64,10,1
4863,UK,GBP,17,Weekend,Discover,Debit,1,0,51,12,0
5182,AU,USD,0,Weekend,Amex,Credit,1,1,30,8,1
9164,AU,CAD,23,Weekend,Visa,Credit,1,1,29,7,1
1454,AU,AUD,17,Weekday,Discover,Credit,1,0,56,8,0
6709,US,CAD,0,Weekend,Amex,Credit,0,1,27,2,1
3009,AU,CAD,10,Weekend,Discover,Credit,0,0,36,7,0
1086,UK,GBP,9,Weekday,Amex,Debit,1,0,36,4,0
9072,Other,USD,0,Weekday,Discover,Credit,1,1,34,7,1
8398,Other,AUD,0,Weekday,Amex,Credit,1,1,36,11,1
5364,UK,AUD,23,Weekend,Visa,Debit,1,1,24,9,1
4726,Other,GBP,19,Weekday,Amex,Credit,0,0,54,2,0
8362,Other,AUD,23,Weekend,Amex,Credit,1,1,40,11,1
4606,US,AUD,15,Weekend,MasterCard,Credit,0,0,29,1,0
3062,CA,AUD,19,Weekend,Discover,Credit,1,0,43,7,0
9985,Other,USD,0,Weekend,Amex,Credit,1,1,30,9,1
8744,US,USD,0,Weekend,Amex,Credit,1,1,21,3,1
693,CA,AUD,11,Weekday,Discover,Debit,1,0,31,11,0
3119,UK,CAD,19,Weekend,MasterCard,Debit,1,0,19,4,0
7033,CA,AUD,1,Weekend,MasterCard,Credit,1,1,51,5,1
4285,CA,AUD,12,Weekend,Amex,Debit,1,0,39,4,0
7594,Other,CAD,1,Weekday,Amex,Credit,1,1,56,4,1
4566,AU,AUD,13,Weekend,Amex,Debit,0,0,54,8,0
2283,CA,AUD,15,Weekday,Discover,Debit,1,0,58,3,0
4634,AU,AUD,10,Weekend,Visa,Credit,0,0,44,7,0
7218,AU,USD,1,Weekend,Visa,Credit,1,1,67,9,1
6806,Other,GBP,1,Weekday,MasterCard,Credit,1,1,34,8,1
2334,AU,GBP,8,Weekday,Amex,Credit,1,0,46,7,0
5567,UK,GBP,1,Weekday,Amex,Debit,1,1,70,8,1
6182,Other,CAD,1,Weekday,MasterCard,Debit,1,1,46,12,1
4618,Other,CAD,11,Weekday,Discover,Credit,0,0,65,2,0
1781,UK,USD,18,Weekend,Amex,Credit,1,0,47,12,0
4377,Other,AUD,18,Weekday,MasterCard,Credit,1,0,22,6,0
2157,UK,AUD,18,Weekday,MasterCard,Debit,0,0,62,5,0
2174,Other,GBP,18,Weekday,Amex,Credit,1,0,43,10,0
5509,US,AUD,0,Weekday,Discover,Credit,1,1,20,6,1
6573,US,AUD,23,Weekend,Amex,Debit,1,1,57,11,1
8925,AU,USD,23,Weekend,Amex,Credit,1,1,30,8,1
7712,CA,AUD,1,Weekday,Amex,Credit,1,1,42,6,1
8187,Other,AUD,1,Weekend,MasterCard,Credit,1,1,33,8,1
1445,CA,USD,15,Weekend,Discover,Credit,0,0,49,7,0
7691,US,AUD,23,Weekend,Amex,Debit,1,1,57,11,1
1086,CA,CAD,15,Weekday,Visa,Debit,1,0,36,8,0
1510,Other,CAD,19,Weekday,Discover,Debit,1,0,24,6,0
4738,Other,CAD,18,Weekday,Visa,Debit,0,0,42,1,0
2461,Other,AUD,16,Weekday,Amex,Credit,0,0,36,12,0
3143,CA,CAD,9,Weekday,Discover,Credit,0,0,61,2,0
7200,Other,CAD,23,Weekday,Amex,Credit,1,1,34,0,1
8831,AU,AUD,23,Weekend,Discover,Credit,1,1,19,1,1
4215,Other,AUD,16,Weekend,Visa,Credit,1,0,29,12,0
1125,UK,GBP,16,Weekend,Discover,Debit,0,0,67,10,0
6189,CA,AUD,1,Weekend,Visa,Credit,1,1,62,1,1
7242,Other,CAD,1,Weekend,Discover,Credit,0,1,40,2,1
9938,CA,GBP,1,Weekend,Amex,Credit,1,1,19,12,1
937,UK,USD,14,Weekday,MasterCard,Credit,0,0,49,1,0
9387,AU,AUD,1,Weekday,Visa,Debit,1,1,44,8,1
6031,Other,GBP,1,Weekday,Discover,Credit,0,1,69,7,1
8441,UK,GBP,23,Weekend,Discover,Debit,1,1,69,9,1
1539,CA,GBP,12,Weekend,Discover,Credit,1,0,69,7,0
5445,Other,CAD,1,Weekend,Amex,Credit,1,1,46,3,1
4733,Other,GBP,14,Weekend,Amex,Debit,1,0,30,2,0
8211,CA,AUD,23,Weekend,Amex,Credit,0,1,38,3,1
7220,Other,AUD,0,Weekend,Discover,Debit,1,1,58,12,1
8244,Other,AUD,23,Weekend,Amex,Credit,1,1,50,3,1
6347,UK,GBP,23,Weekend,Amex,Debit,1,1,50,9,1
6420,Other,USD,23,Weekday,Discover,Credit,1,1,19,3,1
7885,Other,USD,0,Weekend,Visa,Credit,0,1,40,5,1
2018,CA,AUD,16,Weekend,Amex,Credit,1,0,23,1,0
2266,AU,CAD,8,Weekday,Discover,Debit,0,0,23,2,0
8578,UK,USD,0,Weekend,MasterCard,Credit,1,1,34,1,1
9072,Other,CAD,23,Weekday,Discover,Credit,1,1,29,11,1
8451,Other,USD,23,Weekday,MasterCard,Debit,1,1,35,10,1
772,Other,GBP,10,Weekday,MasterCard,Credit,1,0,47,4,0
3739,UK,AUD,8,Weekday,MasterCard,Debit,1,0,49,6,0
5449,UK,USD,23,Weekday,Amex,Credit,1,1,18,12,1
7751,US,AUD,0,Weekend,Visa,Credit,1,1,58,8,1
1308,Other,AUD,18,Weekend,MasterCard,Credit,1,0,27,3,0
7039,US,USD,0,Weekend,MasterCard,Debit,1,1,40,11,1
2948,UK,GBP,15,Weekday,Discover,Credit,0,0,28,1,0
4323,CA,CAD,16,Weekday,Discover,Credit,0,0,57,12,0
7673,Other,CAD,1,Weekday,Amex,Debit,1,1,58,10,1
158,UK,USD,13,Weekend,Amex,Debit,1,0,65,8,0
6829,Other,CAD,0,Weekday,Discover,Debit,1,1,48,3,1
3444,UK,AUD,15,Weekday,Discover,Debit,0,0,35,1,0
5060,UK,GBP,0,Weekend,Discover,Credit,1,1,39,9,1
9327,UK,USD,0,Weekend,Visa,Credit,1,1,49,4,1
4338,UK,CAD,8,Weekend,MasterCard,Credit,0,0,43,8,0
7726,AU,USD,0,Weekend,Amex,Debit,1,1,41,6,1
8384,AU,USD,0,Weekend,Amex,Debit,1,1,41,6,1
4604,UK,CAD,18,Weekend,MasterCard,Debit,1,0,35,5,0
1725,US,AUD,12,Weekend,MasterCard,Debit,0,0,52,11,0
8782,Other,CAD,0,Weekend,MasterCard,Credit,1,1,47,5,1
5945,US,AUD,0,Weekend,MasterCard,Debit,1,1,58,0,1
5628,Other,AUD,23,Weekend,Discover,Credit,0,1,33,6,1
2247,AU,GBP,18,Weekday,MasterCard,Debit,1,0,51,7,0
3253,UK,CAD,15,Weekday,MasterCard,Debit,0,0,34,7,0
8065,Other,GBP,23,Weekday,Amex,Credit,1,1,42,12,1
8504,UK,CAD,23,Weekend,Amex,Credit,1,1,32,12,1
7165,US,AUD,23,Weekday,Amex,Debit,1,1,20,2,1
897,Other,GBP,17,Weekday,MasterCard,Debit,1,0,41,12,0
9719,UK,AUD,0,Weekend,Amex,Debit,1,1,43,10,1
682,Other,USD,14,Weekday,MasterCard,Credit,1,0,69,2,0
7551,Other,USD,1,Weekday,Amex,Debit,1,1,47,10,1
3676,AU,USD,12,Weekday,Amex,Debit,0,0,22,7,0
6099,AU,USD,0,Weekday,Amex,Credit,1,1,55,8,1
2351,AU,AUD,10,Weekday,MasterCard,Credit,0,0,46,1,0
7014,UK,USD,1,Weekend,Amex,Credit,1,1,45,0,1
9955,Other,CAD,1,Weekend,Amex,Credit,0,1,36,5,1
6946,UK,CAD,0,Weekend,MasterCard,Debit,1,1,20,1,1
6895,Other,CAD,23,Weekday,Visa,Debit,0,1,68,0,1
2813,AU,AUD,16,Weekend,Visa,Debit,1,0,25,12,0
2153,Other,CAD,13,Weekend,Amex,Debit,0,0,47,0,0
4780,CA,CAD,13,Weekday,Amex,Debit,1,0,59,5,0
5928,UK,CAD,23,Weekday,Amex,Debit,1,1,52,5,1
7050,Other,AUD,1,Weekend,Amex,Debit,1,1,24,9,1
3182,UK,GBP,11,Weekday,Visa,Debit,1,0,37,9,0
4659,AU,GBP,17,Weekday,MasterCard,Debit,0,0,38,6,0
7649,Other,AUD,1,Weekday,Amex,Debit,1,1,62,7,1
9474,UK,USD,1,Weekday,Amex,Credit,1,1,34,10,1
8614,Other,AUD,1,Weekend,Amex,Debit,0,1,56,0,1
7125,US,AUD,23,Weekend,Amex,Debit,1,1,67,6,1
5005,Other,AUD,23,Weekday,Discover,Debit,1,1,32,12,1
1070,AU,USD,17,Weekday,Visa,Debit,0,0,18,9,0
7263,CA,AUD,1,Weekend,Amex,Debit,1,1,25,8,1
6372,AU,AUD,23,Weekday,Amex,Credit,1,1,54,3,1
8704,CA,USD,23,Weekend,Amex,Debit,1,1,45,8,1
4928,US,GBP,16,Weekend,MasterCard,Credit,0,0,23,2,0
4825,US,AUD,9,Weekday,Amex,Credit,1,0,29,2,0
2031,Other,USD,14,Weekday,MasterCard,Credit,0,0,58,4,0
2314,CA,GBP,11,Weekday,Visa,Credit,1,0,42,6,0
771,AU,USD,15,Weekend,Amex,Credit,0,0,40,2,0
1662,US,CAD,13,Weekday,Amex,Credit,1,0,40,9,0
3631,UK,CAD,10,Weekday,Amex,Debit,0,0,35,6,0
2107,Other,USD,18,Weekend,MasterCard,Credit,0,0,61,5,0
8694,UK,GBP,23,Weekday,Amex,Debit,1,1,57,7,1
3802,AU,USD,8,Weekday,Visa,Credit,0,0,61,6,0
4375,US,AUD,10,Weekend,Visa,Debit,0,0,50,12,0
2394,CA,GBP,17,Weekday,Visa,Debit,0,0,38,3,0
4563,US,CAD,17,Weekday,Amex,Debit,0,0,58,5,0
2232,Other,CAD,19,Weekday,Discover,Credit,0,0,67,10,0
4143,Other,USD,15,Weekend,Visa,Credit,1,0,22,5,0
9316,Other,AUD,23,Weekend,MasterCard,Credit,0,1,27,8,1
3766,AU,GBP,12,Weekend,Visa,Credit,1,0,60,10,0
7979,Other,USD,0,Weekend,Amex,Credit,1,1,30,9,1
8412,AU,AUD,1,Weekend,Discover,Credit,1,1,19,1,1
9019,UK,USD,1,Weekend,Visa,Credit,1,1,55,0,1
5030,US,AUD,1,Weekend,Discover,Credit,1,1,54,5,1
8085,Other,CAD,1,Weekday,Discover,Debit,1,1,37,9,1
8587,CA,GBP,1,Weekday,Amex,Credit,1,1,24,4,1
6998,UK,AUD,1,Weekend,Discover,Credit,1,1,54,4,1
1543,AU,AUD,18,Weekend,Amex,Credit,1,0,21,2,0
1377,AU,CAD,18,Weekend,Discover,Debit,1,0,47,7,0
5287,Other,USD,0,Weekday,Visa,Credit,1,1,24,4,1
7249,AU,CAD,1,Weekend,MasterCard,Debit,1,1,35,12,1
1577,UK,USD,15,Weekday,Discover,Credit,1,0,24,4,0
5465,UK,GBP,23,Weekend,Discover,Debit,1,1,49,4,1
1687,AU,GBP,12,Weekday,Amex,Credit,1,0,38,11,0
7956,UK,USD,1,Weekend,Discover,Credit,1,1,29,2,1
1705,Other,CAD,15,Weekend,Visa,Credit,0,0,67,10,0
4807,Other,GBP,9,Weekend,MasterCard,Credit,1,0,31,0,0
9597,Other,GBP,23,Weekday,MasterCard,Credit,1,1,48,2,1
6813,CA,AUD,23,Weekend,MasterCard,Debit,1,1,39,10,1
5304,CA,CAD,0,Weekend,Amex,Debit,1,1,50,8,1
3138,AU,AUD,9,Weekend,Discover,Debit,1,0,40,3,0
286,Other,USD,9,Weekday,Discover,Debit,1,0,42,8,0
9521,AU,GBP,1,Weekday,Visa,Credit,1,1,42,8,1
6208,Other,USD,1,Weekend,Amex,Debit,1,1,34,12,1
1639,CA,GBP,11,Weekend,Discover,Credit,0,0,21,10,0
3338,CA,USD,16,Weekend,Amex,Credit,0,0,53,0,0
1647,CA,USD,9,Weekday,Visa,Debit,1,0,54,12,0
3874,CA,GBP,9,Weekend,Visa,Credit,1,0,18,9,0
9097,US,AUD,0,Weekday,Discover,Credit,1,1,20,6,1
4151,UK,GBP,14,Weekend,Visa,Credit,1,0,66,12,0
4565,CA,AUD,13,Weekend,MasterCard,Credit,0,0,50,11,0
423,UK,USD,19,Weekday,MasterCard,Credit,1,0,46,4,0
4624,CA,AUD,17,Weekday,Amex,Debit,1,0,24,12,0
7991,Other,CAD,23,Weekend,MasterCard,Debit,1,1,24,0,1
2062,UK,GBP,15,Weekend,Discover,Credit,0,0,43,3,0
555,AU,AUD,9,Weekday,Amex,Debit,1,0,28,1,0
7471,Other,CAD,0,Weekday,Amex,Debit,1,1,58,10,1
6872,US,USD,0,Weekend,MasterCard,Debit,1,1,40,11,1
5334,Other,AUD,0,Weekend,Amex,Credit,0,1,65,8,1
8400,Other,AUD,1,Weekend,Visa,Credit,1,1,60,5,1
5857,Other,GBP,1,Weekend,MasterCard,Credit,1,1,18,2,1
5015,AU,GBP,23,Weekday,Visa,Debit,1,1,68,9,1
9111,AU,GBP,23,Weekend,Amex,Credit,1,1,43,11,1
5462,Other,USD,0,Weekend,MasterCard,Debit,1,1,36,0,1
3562,AU,AUD,19,Weekday,Visa,Debit,1,0,37,3,0
3058,US,CAD,15,Weekend,Visa,Debit,0,0,62,2,0
8180,Other,USD,23,Weekend,Visa,Credit,1,1,50,1,1
3304,US,AUD,10,Weekday,Amex,Debit,1,0,22,12,0
6663,AU,GBP,23,Weekend,Amex,Credit,1,1,43,11,1
2268,US,AUD,16,Weekday,Amex,Credit,1,0,43,4,0
3253,US,CAD,16,Weekday,Discover,Credit,0,0,35,1,0
9033,CA,USD,1,Weekend,Visa,Credit,1,1,70,4,1
4017,AU,USD,14,Weekend,MasterCard,Debit,1,0,31,1,0
8797,US,CAD,0,Weekend,Amex,Credit,1,1,46,6,1
7517,AU,USD,23,Weekday,MasterCard,Credit,1,1,37,10,1
3073,AU,AUD,14,Weekday,Discover,Credit,1,0,39,0,0
7598,Other,GBP,1,Weekend,MasterCard,Credit,0,1,40,9,1
4411,UK,USD,19,Weekend,Visa,Credit,0,0,58,10,0
9032,UK,AUD,1,Weekend,Discover,Credit,1,1,49,5,1
2770,AU,CAD,15,Weekend,Discover,Credit,0,0,20,9,0
5741,Other,GBP,1,Weekend,MasterCard,Credit,1,1,18,2,1
7770,US,AUD,23,Weekend,Amex,Credit,1,1,54,1,1
477,AU,AUD,17,Weekday,Discover,Debit,1,0,43,0,0
5803,Other,CAD,23,Weekday,Visa,Credit,1,1,42,6,1
2600,UK,GBP,8,Weekend,Discover,Debit,1,0,35,0,0
5167,Other,CAD,0,Weekend,Visa,Credit,1,1,68,0,1
2112,UK,USD,15,Weekend,Visa,Debit,1,0,30,11,0
7937,US,CAD,0,Weekday,Amex,Credit,1,1,69,7,1
8640,AU,AUD,1,Weekday,Visa,Credit,1,1,47,2,1
7758,US,CAD,23,Weekend,Amex,Debit,1,1,56,10,1
1097,CA,CAD,15,Weekend,Amex,Debit,1,0,50,3,0
1311,AU,CAD,17,Weekend,Amex,Credit,1,0,63,7,0
4204,US,GBP,19,Weekend,MasterCard,Credit,0,0,25,3,0
3636,CA,GBP,9,Weekday,Discover,Debit,1,0,33,11,0
1284,Other,USD,8,Weekend,Amex,Credit,0,0,23,0,0
1066,AU,GBP,16,Weekday,Visa,Credit,1,0,51,1,0
7484,Other,GBP,1,Weekday,Discover,Credit,1,1,69,12,1
4169,Other,USD,11,Weekday,MasterCard,Debit,0,0,44,5,0
2755,UK,USD,13,Weekday,Visa,Credit,1,0,55,3,0
1985,CA,AUD,8,Weekend,MasterCard,Credit,1,0,41,4,0
1176,US,GBP,8,Weekday,Visa,Debit,0,0,46,1,0
4560,AU,CAD,16,Weekend,Discover,Debit,1,0,43,4,0
2122,AU,USD,16,Weekend,Visa,Credit,0,0,47,11,0
6407,Other,AUD,23,Weekend,Amex,Credit,1,1,55,1,1
6134,Other,USD,0,Weekday,MasterCard,Credit,1,1,50,4,1
8093,Other,AUD,0,Weekend,Discover,Credit,0,1,33,6,1
8701,UK,AUD,23,Weekday,Visa,Credit,1,1,34,10,1
452,UK,USD,9,Weekday,MasterCard,Debit,0,0,28,0,0
9011,Other,AUD,1,Weekend,Discover,Credit,0,1,36,8,1
7926,Other,USD,23,Weekend,Amex,Debit,1,1,25,0,1
1236,AU,GBP,11,Weekday,Discover,Debit,0,0,34,8,0
9903,Other,AUD,0,Weekend,Amex,Credit,1,1,41,9,1
2099,CA,AUD,13,Weekday,Visa,Credit,1,0,63,3,0
5046,AU,GBP,23,Weekday,Visa,Debit,1,1,68,9,1
9882,UK,USD,23,Weekend,Amex,Debit,1,1,59,9,1
2662,US,GBP,17,Weekend,Amex,Debit,0,0,56,7,0
1714,AU,GBP,17,Weekend,Amex,Credit,1,0,59,9,0
7480,UK,GBP,1,Weekend,Amex,Debit,1,1,20,0,1
357,US,USD,9,Weekend,Discover,Credit,1,0,27,11,0
5602,Other,CAD,0,Weekend,Amex,Debit,1,1,41,10,1
9665,Other,AUD,23,Weekend,Visa,Credit,1,1,34,10,1
3514,CA,GBP,10,Weekday,Visa,Credit,1,0,26,10,0
7792,US,CAD,1,Weekend,Visa,Credit,1,1,65,8,1
3009,Other,GBP,14,Weekend,Amex,Debit,0,0,61,1,0
8549,AU,USD,23,Weekend,Discover,Credit,1,1,42,11,1
9007,AU,AUD,0,Weekend,Visa,Debit,1,1,57,7,1
6899,US,USD,23,Weekend,MasterCard,Credit,1,1,62,12,1
1885,CA,CAD,16,Weekend,Visa,Debit,1,0,28,9,0
1559,US,GBP,8,Weekend,Visa,Credit,0,0,22,11,0
9940,Other,USD,0,Weekday,MasterCard,Credit,1,1,52,0,1
5739,CA,GBP,1,Weekend,Amex,Credit,1,1,47,11,1
3408,Other,GBP,18,Weekday,Discover,Debit,1,0,61,4,0
6848,UK,CAD,1,Weekday,Amex,Debit,1,1,56,3,1
6023,AU,AUD,1,Weekday,Visa,Debit,1,1,44,8,1
1266,UK,USD,19,Weekend,Discover,Credit,1,0,53,12,0
6409,US,AUD,23,Weekend,Amex,Debit,1,1,67,6,1
171,CA,CAD,18,Weekend,MasterCard,Credit,0,0,46,10,0
6915,Other,CAD,23,Weekend,Amex,Debit,1,1,27,11,1
9341,US,AUD,23,Weekday,Amex,Debit,1,1,46,7,1
8606,UK,CAD,0,Weekend,Amex,Credit,0,1,24,5,1
2210,US,GBP,11,Weekend,Discover,Debit,0,0,43,6,0
3944,US,AUD,15,Weekend,Amex,Debit,1,0,23,1,0
6223,US,GBP,1,Weekday,Discover,Credit,1,1,44,12,1
4362,Other,GBP,16,Weekend,Visa,Debit,1,0,57,1,0
7903,US,CAD,1,Weekday,Amex,Credit,1,1,23,9,1
9445,UK,AUD,1,Weekend,Discover,Credit,1,1,49,5,1
4238,CA,USD,18,Weekend,Visa,Debit,1,0,58,9,0
6155,Other,USD,23,Weekend,Amex,Debit,1,1,60,7,1
5145,US,GBP,0,Weekend,Amex,Credit,1,1,24,10,1
4202,AU,GBP,9,Weekday,Discover,Debit,1,0,47,4,0
2556,Other,GBP,8,Weekday,Amex,Credit,0,0,27,0,0
7858,Other,GBP,0,Weekday,MasterCard,Credit,1,1,34,8,1
567,US,USD,11,Weekend,Discover,Credit,1,0,24,8,0
2208,US,AUD,19,Weekday,Visa,Debit,1,0,39,12,0
4628,US,GBP,19,Weekend,Amex,Credit,1,0,51,11,0
8154,Other,USD,0,Weekday,Amex,Credit,1,1,24,8,1
2422,AU,GBP,16,Weekday,MasterCard,Debit,1,0,29,10,0
1821,Other,USD,15,Weekend,MasterCard,Debit,0,0,51,9,0
1952,US,GBP,10,Weekday,MasterCard,Credit,1,0,27,6,0
2967,US,GBP,17,Weekend,Visa,Debit,0,0,23,9,0
616,AU,GBP,10,Weekday,Discover,Credit,1,0,25,4,0
6574,AU,AUD,1,Weekday,Amex,Credit,1,1,46,1,1
9186,CA,USD,0,Weekend,Discover,Credit,1,1,52,11,1
7113,Other,CAD,0,Weekday,Visa,Credit,0,1,54,6,1
8602,Other,CAD,1,Weekend,MasterCard,Credit,0,1,26,2,1
426,Other,USD,12,Weekday,Amex,Debit,0,0,52,10,0
6579,UK,AUD,23,Weekend,Visa,Debit,1,1,64,2,1
9191,CA,AUD,1,Weekday,Visa,Credit,1,1,68,12,1
7989,Other,AUD,23,Weekend,Amex,Credit,1,1,20,0,1
4295,Other,USD,16,Weekend,Visa,Credit,1,0,20,10,0
4153,CA,GBP,13,Weekday,Visa,Credit,1,0,64,5,0
1380,UK,CAD,9,Weekend,MasterCard,Credit,1,0,41,12,0
5177,Other,USD,0,Weekday,Amex,Debit,1,1,47,10,1
6092,AU,CAD,23,Weekday,MasterCard,Credit,1,1,36,6,1
8254,UK,USD,1,Weekend,Amex,Credit,1,1,63,1,1
5354,US,AUD,1,Weekday,Amex,Credit,1,1,42,12,1
191,AU,GBP,11,Weekday,Amex,Debit,0,0,64,11,0
9769,Other,CAD,0,Weekend,Amex,Debit,1,1,22,10,1
953,US,GBP,10,Weekend,MasterCard,Debit,0,0,65,10,0
6418,Other,CAD,1,Weekend,Discover,Debit,0,1,49,0,1
1784,US,CAD,14,Weekend,MasterCard,Debit,1,0,19,6,0
8904,US,GBP,1,Weekday,Amex,Credit,1,1,46,7,1
5539,US,CAD,1,Weekend,Discover,Credit,1,1,63,1,1
7121,US,CAD,0,Weekend,Amex,Debit,1,1,61,11,1
9180,CA,CAD,23,Weekend,Amex,Credit,1,1,69,9,1
1190,CA,AUD,11,Weekend,Discover,Debit,0,0,53,12,0
8603,Other,AUD,0,Weekend,Amex,Credit,0,1,65,8,1
5003,CA,GBP,0,Weekend,Amex,Debit,0,1,67,9,1
5596,AU,USD,23,Weekend,Amex,Credit,1,1,35,10,1
1230,US,GBP,10,Weekend,Discover,Credit,1,0,45,11,0
4891,Other,CAD,19,Weekday,MasterCard,Debit,1,0,59,8,0
710,AU,GBP,14,Weekend,MasterCard,Debit,1,0,21,8,0
2053,Other,USD,16,Weekend,Amex,Credit,0,0,44,10,0
7610,US,AUD,1,Weekday,Discover,Credit,1,1,47,3,1
8961,Other,USD,23,Weekday,MasterCard,Debit,1,1,35,10,1
1505,US,CAD,16,Weekend,Discover,Debit,1,0,48,3,0
9936,AU,CAD,23,Weekday,Amex,Credit,1,1,58,5,1
2224,Other,GBP,11,Weekend,Amex,Credit,0,0,42,11,0
1702,US,AUD,8,Weekday,Amex,Debit,1,0,47,0,0
7473,UK,AUD,1,Weekday,Discover,Debit,1,1,34,2,1
5494,AU,AUD,0,Weekend,Visa,Credit,0,1,65,7,1
8232,Other,GBP,0,Weekend,Visa,Debit,1,1,50,7,1
5123,Other,AUD,0,Weekday,MasterCard,Credit,0,1,52,2,1
2977,US,AUD,8,Weekend,MasterCard,Credit,0,0,62,2,0
890,AU,AUD,15,Weekend,Discover,Debit,1,0,37,0,0
2597,Other,GBP,18,Weekday,MasterCard,Credit,0,0,32,5,0
5991,Other,CAD,0,Weekday,Amex,Credit,1,1,33,0,1
1377,CA,CAD,9,Weekday,Amex,Credit,1,0,41,5,0
1082,AU,GBP,10,Weekday,Visa,Debit,1,0,67,6,0
8398,AU,CAD,23,Weekday,MasterCard,Credit,1,1,48,2,1
2790,US,GBP,11,Weekday,Discover,Credit,1,0,65,0,0
7012,Other,GBP,1,Weekday,Amex,Debit,1,1,57,4,1
9612,Other,USD,1,Weekend,Discover,Credit,0,1,35,0,1
4356,Other,CAD,9,Weekend,Amex,Debit,0,0,56,6,0
8587,Other,AUD,0,Weekday,Discover,Credit,1,1,18,6,1
9115,US,USD,1,Weekend,Amex,Credit,1,1,55,3,1
469,Other,USD,18,Weekend,Discover,Credit,1,0,32,10,0
9690,UK,GBP,23,Weekend,Discover,Debit,1,1,49,4,1
2151,CA,USD,15,Weekend,Visa,Debit,0,0,60,4,0
6084,AU,AUD,0,Weekend,Discover,Debit,1,1,67,12,1
8728,UK,USD,0,Weekend,MasterCard,Credit,1,1,37,12,1
3498,UK,AUD,10,Weekend,Discover,Debit,1,0,43,3,0
8091,UK,CAD,0,Weekend,Visa,Debit,1,1,44,1,1
5638,Other,GBP,0,Weekend,Discover,Credit,1,1,51,5,1
524,CA,GBP,9,Weekend,Amex,Debit,0,0,48,2,0
9935,AU,AUD,0,Weekend,Discover,Credit,1,1,30,12,1
5207,US,CAD,23,Weekend,Visa,Credit,1,1,34,7,1
7016,US,GBP,23,Weekday,Visa,Credit,1,1,47,11,1
5920,UK,USD,1,Weekday,Discover,Credit,1,1,69,2,1
9247,Other,CAD,0,Weekday,Visa,Debit,1,1,63,6,1
4711,Other,CAD,15,Weekday,MasterCard,Credit,0,0,44,9,0
6887,Other,CAD,1,Weekend,Discover,Credit,1,1,41,10,1
9780,Other,AUD,0,Weekend,Visa,Debit,1,1,46,7,1
6446,Other,CAD,23,Weekend,Amex,Credit,0,1,36,5,1
6577,US,CAD,0,Weekday,Discover,Credit,1,1,24,11,1
5637,US,GBP,23,Weekday,MasterCard,Credit,1,1,39,8,1
2626,UK,CAD,12,Weekday,MasterCard,Debit,0,0,33,12,0
1773,Other,USD,9,Weekend,MasterCard,Credit,1,0,23,4,0
8819,CA,AUD,23,Weekend,Discover,Credit,1,1,26,9,1
3314,Other,GBP,17,Weekday,Visa,Credit,0,0,26,7,0
8499,CA,GBP,23,Weekend,Discover,Credit,1,1,59,6,1
3251,US,CAD,11,Weekend,MasterCard,Debit,1,0,20,11,0
7902,US,USD,23,Weekend,Amex,Credit,1,1,55,11,1
6153,Other,CAD,23,Weekend,Visa,Credit,1,1,68,11,1
2717,CA,AUD,8,Weekend,Visa,Credit,1,0,63,0,0
9467,CA,AUD,0,Weekend,Amex,Debit,1,1,41,7,1
8909,US,AUD,23,Weekend,Discover,Credit,1,1,54,5,1
6088,AU,USD,1,Weekend,Visa,Credit,1,1,22,5,1
3098,UK,CAD,15,Weekend,Discover,Credit,1,0,43,12,0
9537,CA,CAD,23,Weekday,Visa,Credit,1,1,28,4,1
3775,US,GBP,8,Weekday,Discover,Debit,1,0,40,11,0
3997,US,CAD,17,Weekend,Amex,Debit,1,0,65,5,0
9216,Other,GBP,0,Weekend,MasterCard,Credit,1,1,18,2,1
5281,Other,GBP,0,Weekday,Amex,Credit,0,1,44,12,1
2713,AU,CAD,9,Weekend,Amex,Debit,0,0,21,0,0
5869,AU,USD,23,Weekday,Discover,Debit,1,1,46,11,1
6773,UK,AUD,23,Weekday,Amex,Credit,1,1,28,6,1
1655,UK,AUD,8,Weekend,Visa,Debit,0,0,48,2,0
4815,AU,USD,18,Weekday,Visa,Credit,1,0,34,3,0
965,UK,AUD,13,Weekend,MasterCard,Credit,1,0,20,7,0
8100,AU,USD,23,Weekend,Amex,Credit,1,1,70,0,1
8311,UK,USD,0,Weekend,Amex,Debit,1,1,18,4,1
8046,Other,GBP,0,Weekday,MasterCard,Credit,0,1,54,10,1
1025,AU,CAD,10,Weekend,Discover,Credit,1,0,67,1,0
7912,US,CAD,1,Weekend,Discover,Credit,1,1,66,0,1
6565,US,CAD,1,Weekend,Amex,Debit,1,1,56,10,1
4818,Other,AUD,13,Weekend,Discover,Credit,1,0,54,8,0
4736,US,CAD,8,Weekday,Visa,Credit,0,0,67,6,0
1058,Other,USD,19,Weekend,Discover,Debit,0,0,33,4,0
8482,UK,GBP,1,Weekend,Visa,Credit,1,1,37,4,1
1377,CA,USD,10,Weekday,Visa,Credit,0,0,39,3,0
3675,CA,AUD,10,Weekend,Amex,Credit,0,0,49,6,0
5481,CA,USD,0,Weekend,Amex,Credit,1,1,63,8,1
2389,UK,CAD,14,Weekday,Visa,Debit,0,0,52,4,0
7242,US,GBP,1,Weekend,Amex,Debit,1,1,43,4,1
5143,US,GBP,23,Weekday,Visa,Credit,1,1,41,10,1
4656,US,GBP,12,Weekend,Discover,Credit,1,0,37,1,0
3833,AU,CAD,18,Weekday,Amex,Debit,1,0,31,7,0
3942,AU,USD,12,Weekday,Visa,Credit,1,0,65,5,0
7731,CA,AUD,0,Weekend,Discover,Credit,1,1,48,9,1
8856,AU,CAD,23,Weekday,MasterCard,Debit,1,1,27,11,1
5084,US,AUD,0,Weekend,Amex,Credit,1,1,31,10,1
2699,CA,GBP,14,Weekday,MasterCard,Debit,1,0,22,8,0
8319,CA,AUD,0,Weekend,MasterCard,Credit,1,1,23,6,1
6455,Other,GBP,1,Weekday,Visa,Debit,0,1,47,6,1
8980,Other,CAD,1,Weekend,MasterCard,Credit,1,1,47,5,1
4142,AU,CAD,10,Weekend,Visa,Credit,1,0,42,3,0
2079,UK,USD,16,Weekday,Discover,Credit,1,0,52,9,0
5735,UK,CAD,23,Weekday,Amex,Credit,1,1,22,10,1
8022,AU,USD,1,Weekend,Amex,Credit,1,1,30,8,1
5480,Other,AUD,1,Weekend,Visa,Debit,1,1,19,7,1
4894,Other,AUD,9,Weekend,MasterCard,Debit,1,0,37,10,0
563,AU,GBP,12,Weekend,Amex,Credit,1,0,39,0,0
4067,US,AUD,15,Weekday,Amex,Credit,0,0,41,4,0
3491,UK,USD,18,Weekday,MasterCard,Debit,1,0,45,12,0
5301,Other,GBP,0,Weekend,Visa,Debit,1,1,57,10,1
1941,UK,CAD,13,Weekday,Amex,Credit,1,0,53,12,0
4767,CA,AUD,17,Weekday,Discover,Debit,1,0,43,10,0
9830,CA,AUD,23,Weekend,Amex,Credit,1,1,21,5,1
4681,AU,AUD,10,Weekday,MasterCard,Debit,1,0,49,8,0
7346,UK,GBP,23,Weekend,Amex,Credit,1,1,25,9,1
3618,CA,AUD,9,Weekend,MasterCard,Debit,0,0,42,4,0
4876,US,CAD,17,Weekday,Visa,Credit,0,0,48,8,0
8511,Other,USD,23,Weekend,Amex,Debit,1,1,60,7,1
7000,US,USD,0,Weekend,Discover,Credit,1,1,67,8,1
5413,Other,GBP,23,Weekend,Visa,Credit,1,1,46,8,1
3702,CA,USD,9,Weekday,Discover,Debit,1,0,56,6,0
3661,AU,CAD,9,Weekday,Visa,Debit,0,0,60,11,0
6292,Other,AUD,1,Weekend,Visa,Credit,0,1,67,9,1
2398,US,AUD,9,Weekend,Discover,Credit,0,0,27,12,0
9958,Other,USD,0,Weekend,Discover,Credit,0,1,66,10,1
4708,AU,GBP,16,Weekend,Discover,Credit,0,0,42,3,0
5449,AU,USD,0,Weekend,Amex,Credit,1,1,70,0,1
2262,UK,GBP,18,Weekday,Visa,Debit,1,0,65,12,0
5750,US,AUD,0,Weekend,Discover,Credit,1,1,60,6,1
9001,UK,AUD,0,Weekday,Amex,Credit,1,1,57,9,1
1660,UK,USD,12,Weekend,Visa,Debit,0,0,24,12,0
8789,Other,USD,1,Weekend,Amex,Credit,0,1,31,0,1
6680,Other,GBP,1,Weekend,Discover,Credit,1,1,42,12,1
9338,Other,AUD,1,Weekend,Amex,Credit,1,1,39,0,1
3475,CA,CAD,8,Weekend,Amex,Debit,0,0,56,0,0
5657,US,USD,23,Weekend,Discover,Credit,1,1,63,2,1
6331,US,CAD,1,Weekday,Discover,Credit,1,1,24,11,1
9599,Other,CAD,0,Weekend,Amex,Credit,1,1,46,3,1
2084,US,CAD,12,Weekend,Discover,Credit,1,0,39,1,0
822,US,USD,12,Weekday,Visa,Debit,0,0,23,1,0
9944,Other,USD,23,Weekday,Amex,Credit,0,1,49,12,1
3162,AU,GBP,13,Weekend,MasterCard,Credit,0,0,44,3,0
5117,US,CAD,23,Weekend,Amex,Debit,1,1,25,12,1
8632,US,GBP,1,Weekend,Amex,Credit,1,1,24,10,1
412,UK,USD,17,Weekend,Visa,Credit,0,0,23,5,0
3946,UK,USD,11,Weekday,MasterCard,Debit,0,0,49,1,0
3245,AU,AUD,17,Weekend,Amex,Credit,0,0,57,2,0
4650,AU,GBP,19,Weekday,Discover,Debit,1,0,69,0,0
5600,CA,AUD,0,Weekend,Amex,Credit,1,1,21,5,1
5305,AU,CAD,1,Weekend,Visa,Credit,1,1,29,7,1
2688,UK,CAD,18,Weekday,Amex,Credit,0,0,41,7,0
138,CA,CAD,8,Weekday,Discover,Debit,0,0,41,7,0
4902,UK,USD,17,Weekend,Visa,Credit,0,0,23,11,0
7202,Other,GBP,23,Weekend,Amex,Debit,0,1,43,5,1
8196,Other,CAD,0,Weekend,Visa,Credit,1,1,68,11,1
3752,Other,GBP,18,Weekday,Visa,Credit,1,0,56,11,0
253,Other,AUD,13,Weekday,Amex,Debit,1,0,46,1,0
3653,Other,CAD,15,Weekend,Visa,Debit,1,0,44,10,0
5691,CA,GBP,23,Weekend,Amex,Debit,0,1,67,9,1
6285,Other,CAD,0,Weekend,Amex,Debit,1,1,18,4,1
5376,Other,GBP,1,Weekend,Amex,Debit,1,1,54,10,1
4911,US,GBP,18,Weekday,Visa,Credit,0,0,36,3,0
4004,CA,GBP,15,Weekday,Discover,Debit,1,0,66,0,0
7964,Other,AUD,23,Weekday,Amex,Debit,0,1,65,10,1
4769,AU,GBP,13,Weekday,Discover,Debit,1,0,29,4,0
3293,US,GBP,15,Weekday,Visa,Debit,1,0,24,10,0
2274,UK,CAD,15,Weekday,Visa,Debit,1,0,36,0,0
2762,UK,AUD,14,Weekend,Amex,Debit,0,0,36,8,0
7963,UK,AUD,1,Weekday,Discover,Credit,1,1,44,8,1
9119,CA,CAD,23,Weekend,Amex,Debit,1,1,25,10,1
4697,Other,CAD,17,Weekend,Amex,Credit,0,0,52,0,0
8350,US,AUD,23,Weekend,MasterCard,Debit,1,1,63,11,1
9359,Other,USD,0,Weekend,Amex,Debit,1,1,38,10,1
7305,AU,CAD,23,Weekday,Amex,Credit,1,1,19,8,1
4561,UK,USD,13,Weekend,MasterCard,Credit,1,0,34,1,0
8267,US,AUD,0,Weekend,MasterCard,Debit,1,1,63,11,1
8306,AU,GBP,0,Weekend,Amex,Debit,1,1,52,4,1
4034,Other,GBP,8,Weekend,Amex,Debit,1,0,36,11,0
2601,UK,USD,14,Weekend,Amex,Debit,1,0,19,1,0
5529,Other,CAD,1,Weekday,Amex,Credit,1,1,35,2,1
6406,CA,AUD,0,Weekend,Amex,Debit,1,1,60,6,1
5317,Other,CAD,23,Weekend,Amex,Credit,0,1,43,0,1
9441,AU,USD,0,Weekend,Visa,Credit,1,1,36,12,1
6074,US,AUD,23,Weekend,Discover,Credit,1,1,56,10,1
7955,Other,AUD,23,Weekday,MasterCard,Credit,0,1,52,2,1
6898,UK,AUD,1,Weekday,Amex,Credit,1,1,57,9,1
4397,Other,AUD,16,Weekend,Visa,Credit,1,0,45,3,0
5025,CA,GBP,23,Weekday,Visa,Credit,1,1,47,8,1
9015,US,CAD,23,Weekend,MasterCard,Credit,1,1,27,1,1
3761,AU,AUD,18,Weekday,Visa,Credit,1,0,28,12,0
6730,Other,CAD,23,Weekend,Amex,Credit,1,1,27,5,1
6152,Other,AUD,23,Weekend,MasterCard,Credit,0,1,24,0,1
7085,Other,AUD,1,Weekend,Amex,Credit,1,1,39,0,1
7638,UK,USD,1,Weekend,MasterCard,Credit,1,1,34,1,1
9034,AU,GBP,1,Weekday,Visa,Credit,1,1,64,5,1
8515,Other,GBP,1,Weekend,Visa,Credit,0,1,66,2,1
8562,Other,CAD,23,Weekday,Visa,Debit,1,1,56,2,1
5160,UK,CAD,1,Weekday,Amex,Credit,1,1,32,9,1
701,Other,USD,16,Weekend,Visa,Credit,0,0,41,3,0
8364,US,USD,1,Weekend,Amex,Credit,0,1,35,11,1
1288,Other,GBP,10,Weekday,Amex,Debit,1,0,44,2,0
5316,US,CAD,1,Weekend,MasterCard,Credit,1,1,27,1,1
4465,AU,AUD,8,Weekend,Amex,Debit,0,0,24,2,0
3517,UK,CAD,11,Weekend,Discover,Debit,0,0,21,12,0
6026,US,AUD,23,Weekend,Discover,Credit,1,1,48,4,1
8837,UK,GBP,23,Weekday,Amex,Debit,1,1,57,7,1
7882,AU,AUD,23,Weekend,Amex,Debit,1,1,66,2,1
8683,Other,AUD,1,Weekend,Discover,Credit,1,1,35,8,1
2620,US,GBP,15,Weekday,Amex,Debit,1,0,32,8,0
9853,Other,CAD,23,Weekend,Visa,Debit,1,1,66,2,1
8449,CA,AUD,23,Weekend,Amex,Credit,1,1,35,6,1
7544,UK,USD,0,Weekend,MasterCard,Credit,1,1,37,12,1
2792,UK,AUD,10,Weekday,MasterCard,Credit,1,0,61,5,0
7535,Other,AUD,1,Weekend,Amex,Debit,1,1,70,12,1
1870,Other,USD,14,Weekday,MasterCard,Debit,0,0,56,5,0
8118,Other,USD,23,Weekday,Discover,Credit,1,1,70,8,1
3235,UK,GBP,16,Weekday,Discover,Credit,1,0,52,2,0
6049,UK,GBP,23,Weekend,Visa,Credit,1,1,37,4,1
9905,Other,AUD,1,Weekend,Visa,Debit,1,1,46,9,1
3695,CA,USD,11,Weekend,Discover,Debit,1,0,32,11,0
9218,Other,GBP,23,Weekend,Amex,Credit,0,1,35,11,1
160,CA,AUD,10,Weekend,Amex,Debit,1,0,28,5,0
2868,AU,AUD,9,Weekend,Discover,Credit,1,0,29,0,0
8259,US,GBP,0,Weekday,Amex,Credit,1,1,46,7,1
479,CA,USD,15,Weekday,Visa,Debit,1,0,30,6,0
3733,AU,AUD,14,Weekday,Discover,Credit,0,0,35,10,0
1926,CA,GBP,10,Weekend,Discover,Credit,0,0,59,6,0
1316,UK,CAD,8,Weekend,Visa,Credit,0,0,64,5,0
8804,US,CAD,0,Weekday,Amex,Credit,1,1,69,7,1
8546,Other,AUD,23,Weekday,Amex,Debit,0,1,40,6,1
1220,US,CAD,13,Weekday,Visa,Credit,0,0,41,7,0
2874,Other,GBP,14,Weekend,MasterCard,Debit,0,0,23,3,0
3924,Other,GBP,12,Weekday,Amex,Credit,0,0,24,10,0
8969,Other,GBP,23,Weekend,Amex,Debit,0,1,43,5,1
6081,Other,GBP,23,Weekend,Amex,Credit,0,1,35,11,1
1824,CA,GBP,19,Weekend,Visa,Credit,0,0,47,10,0
7069,UK,USD,0,Weekend,Amex,Credit,1,1,63,1,1
1760,US,CAD,13,Weekend,Amex,Debit,1,0,44,1,0
1342,Other,GBP,19,Weekend,Discover,Credit,0,0,25,4,0
6227,CA,AUD,1,Weekend,Amex,Debit,1,1,25,8,1
7825,UK,AUD,1,Weekday,Amex,Credit,1,1,28,6,1
4400,CA,USD,10,Weekday,Discover,Debit,1,0,41,4,0
1536,AU,USD,15,Weekday,Amex,Credit,0,0,47,4,0
6426,Other,USD,0,Weekend,Amex,Credit,1,1,30,9,1
9976,Other,USD,0,Weekday,Amex,Credit,0,1,59,6,1
3223,CA,GBP,19,Weekend,Amex,Debit,1,0,52,7,0
660,Other,CAD,10,Weekday,MasterCard,Debit,0,0,57,7,0
2630,US,CAD,12,Weekend,Visa,Debit,1,0,62,7,0
5231,Other,AUD,23,Weekend,MasterCard,Credit,1,1,59,9,1
7345,Other,GBP,1,Weekend,MasterCard,Debit,1,1,40,5,1
4580,AU,AUD,17,Weekend,Discover,Credit,0,0,62,10,0
8807,CA,CAD,23,Weekend,Discover,Credit,1,1,24,7,1
1367,UK,USD,11,Weekday,Visa,Credit,1,0,43,4,0
7129,CA,USD,1,Weekday,Visa,Credit,1,1,41,10,1
1934,UK,CAD,15,Weekend,Amex,Debit,1,0,51,0,0
3022,AU,AUD,13,Weekday,Visa,Credit,0,0,31,3,0
4222,AU,CAD,9,Weekday,Amex,Credit,1,0,60,2,0
7204,AU,USD,23,Weekend,Amex,Credit,1,1,28,7,1
9628,UK,CAD,0,Weekend,Amex,Credit,0,1,24,5,1
6689,Other,GBP,1,Weekday,MasterCard,Credit,1,1,43,0,1
8994,Other,CAD,1,Weekday,Amex,Credit,1,1,57,4,1
1991,AU,AUD,12,Weekday,Discover,Debit,0,0,22,2,0
7501,Other,CAD,23,Weekend,Amex,Credit,1,1,23,0,1
4502,CA,CAD,16,Weekend,Amex,Credit,1,0,67,7,0
6811,CA,GBP,0,Weekend,Amex,Credit,0,1,26,0,1
3915,CA,AUD,9,Weekday,MasterCard,Credit,1,0,20,5,0
1303,UK,AUD,18,Weekend,MasterCard,Debit,1,0,37,1,0
9142,CA,AUD,23,Weekend,Amex,Credit,1,1,21,5,1
7175,CA,GBP,1,Weekday,Visa,Credit,1,1,18,11,1
5353,CA,CAD,0,Weekday,Amex,Credit,1,1,34,4,1
3517,AU,AUD,12,Weekday,Discover,Debit,1,0,59,3,0
129,AU,CAD,14,Weekday,Discover,Debit,0,0,37,9,0
1699,US,GBP,9,Weekday,Amex,Credit,1,0,45,3,0
742,AU,CAD,16,Weekend,Discover,Debit,0,0,44,9,0
3388,Other,AUD,15,Weekend,Visa,Credit,1,0,51,7,0
5394,US,GBP,1,Weekend,Amex,Debit,1,1,58,7,1
2804,Other,AUD,10,Weekend,Discover,Credit,1,0,50,12,0
3061,UK,GBP,19,Weekday,MasterCard,Credit,1,0,35,8,0
671,UK,GBP,8,Weekend,Discover,Credit,1,0,36,5,0
5047,CA,AUD,1,Weekend,MasterCard,Debit,1,1,47,1,1
5061,AU,USD,0,Weekend,Amex,Debit,1,1,41,6,1
1293,AU,CAD,17,Weekend,Visa,Debit,0,0,67,0,0
6190,CA,CAD,0,Weekday,Amex,Debit,1,1,22,8,1
9980,US,AUD,0,Weekend,Amex,Debit,1,1,57,11,1
5463,AU,CAD,0,Weekend,MasterCard,Credit,1,1,27,5,1
4949,AU,USD,15,Weekday,Amex,Debit,1,0,64,2,0
5324,AU,AUD,23,Weekend,Discover,Credit,1,1,67,0,1
626,AU,USD,9,Weekday,Discover,Debit,0,0,29,11,0
4341,US,CAD,9,Weekday,Discover,Debit,1,0,44,3,0
3682,Other,CAD,15,Weekend,Amex,Debit,0,0,45,1,0
1202,AU,GBP,19,Weekday,MasterCard,Credit,0,0,46,3,0
8112,Other,CAD,23,Weekday,Amex,Credit,1,1,49,3,1
4637,Other,CAD,16,Weekend,MasterCard,Credit,0,0,22,9,0
6620,US,GBP,1,Weekday,Amex,Credit,1,1,46,7,1
102,AU,USD,12,Weekday,Amex,Credit,1,0,55,7,0
1796,AU,GBP,9,Weekday,Visa,Credit,0,0,35,6,0
8368,Other,USD,1,Weekday,MasterCard,Credit,1,1,36,9,1
1174,Other,AUD,11,Weekend,Discover,Debit,1,0,30,12,0
4566,Other,AUD,15,Weekend,Amex,Credit,1,0,41,3,0
7945,CA,CAD,0,Weekday,Amex,Credit,1,1,34,4,1
9034,Other,AUD,0,Weekend,MasterCard,Debit,1,1,22,11,1
9429,Other,USD,0,Weekend,MasterCard,Credit,1,1,18,7,1
3793,CA,CAD,13,Weekday,Discover,Credit,1,0,38,10,0
8130,AU,CAD,1,Weekday,MasterCard,Credit,1,1,36,6,1
9582,CA,AUD,0,Weekday,MasterCard,Credit,1,1,49,8,1
9928,Other,GBP,23,Weekend,Discover,Credit,1,1,42,12,1
2431,UK,GBP,16,Weekday,Visa,Debit,1,0,18,11,0
4851,CA,GBP,13,Weekday,Discover,Credit,1,0,64,6,0
9346,UK,GBP,23,Weekend,Amex,Debit,1,1,35,3,1
4887,UK,USD,13,Weekday,Discover,Credit,0,0,32,8,0
1612,UK,USD,8,Weekday,Discover,Credit,1,0,38,6,0
8014,Other,AUD,0,Weekday,Visa,Debit,1,1,56,8,1
2049,UK,GBP,9,Weekday,Discover,Debit,1,0,41,9,0
5682,AU,CAD,23,Weekend,Visa,Credit,1,1,61,10,1
6723,Other,USD,1,Weekday,Amex,Credit,0,1,59,6,1
5393,Other,CAD,0,Weekday,Amex,Credit,0,1,57,8,1
7401,US,USD,23,Weekend,Discover,Credit,1,1,63,2,1
2619,CA,AUD,17,Weekend,Visa,Debit,1,0,29,11,0
6318,Other,CAD,0,Weekday,MasterCard,Credit,0,1,56,12,1
8752,US,AUD,23,Weekend,MasterCard,Credit,1,1,47,5,1
4917,US,USD,19,Weekday,Discover,Debit,0,0,43,9,0
6258,UK,AUD,23,Weekday,Discover,Credit,1,1,33,4,1
8282,Other,CAD,1,Weekend,Discover,Credit,0,1,40,2,1
1508,AU,GBP,17,Weekend,Amex,Credit,1,0,56,9,0
4666,AU,CAD,10,Weekend,Amex,Credit,0,0,51,0,0
351,US,GBP,10,Weekday,Amex,Credit,0,0,41,11,0
4888,CA,GBP,13,Weekday,Amex,Debit,1,0,39,12,0
4155,US,GBP,15,Weekday,Discover,Credit,1,0,20,10,0
331,AU,AUD,15,Weekend,Visa,Debit,1,0,23,6,0
1513,CA,GBP,15,Weekend,Amex,Debit,0,0,52,5,0
9814,AU,GBP,1,Weekend,Discover,Credit,1,1,68,1,1
5080,US,GBP,1,Weekend,Amex,Credit,0,1,60,9,1
5170,AU,CAD,1,Weekend,Visa,Credit,1,1,29,7,1
2838,Other,USD,13,Weekend,Discover,Credit,0,0,29,8,0
8194,CA,USD,23,Weekday,Visa,Credit,1,1,41,10,1
4211,Other,AUD,19,Weekend,Amex,Debit,1,0,64,11,0
6381,CA,AUD,23,Weekend,MasterCard,Debit,1,1,30,8,1
6864,UK,USD,0,Weekend,MasterCard,Credit,1,1,63,9,1
1846,US,GBP,14,Weekend,Amex,Credit,0,0,42,9,0
2568,US,AUD,16,Weekday,Amex,Debit,0,0,67,8,0
2085,AU,USD,9,Weekday,MasterCard,Credit,0,0,48,8,0
8806,CA,GBP,23,Weekend,Amex,Credit,1,1,47,11,1
8352,UK,AUD,1,Weekend,Discover,Credit,1,1,64,10,1
2327,AU,CAD,18,Weekday,Visa,Debit,0,0,37,5,0
3801,Other,CAD,16,Weekday,MasterCard,Credit,0,0,55,2,0
6048,UK,CAD,23,Weekday,Amex,Credit,1,1,22,10,1
102,AU,USD,19,Weekday,Amex,Debit,1,0,50,6,0
5126,Other,USD,23,Weekday,Discover,Credit,1,1,19,3,1
9088,Other,GBP,1,Weekday,MasterCard,Credit,1,1,34,8,1
7432,US,USD,23,Weekend,Discover,Credit,1,1,43,11,1
5654,Other,USD,1,Weekend,Discover,Credit,1,1,51,7,1
4745,AU,USD,14,Weekday,Visa,Credit,1,0,38,7,0
1801,UK,CAD,13,Weekend,MasterCard,Credit,0,0,47,1,0
6479,UK,GBP,0,Weekend,Amex,Debit,1,1,35,3,1
7365,UK,AUD,0,Weekday,Visa,Credit,1,1,34,10,1
7721,Other,AUD,1,Weekday,Visa,Credit,1,1,35,4,1
7226,AU,GBP,0,Weekday,Discover,Debit,1,1,27,9,1
8453,Other,AUD,1,Weekend,Discover,Credit,1,1,35,8,1
5328,CA,CAD,23,Weekend,MasterCard,Credit,1,1,53,5,1
5583,Other,CAD,1,Weekday,Visa,Debit,1,1,63,6,1
5439,Other,CAD,23,Weekend,Amex,Credit,1,1,69,7,1
5835,Other,CAD,1,Weekday,Discover,Debit,1,1,27,12,1
6208,US,GBP,1,Weekend,Discover,Debit,1,1,35,10,1
3489,AU,CAD,10,Weekday,Visa,Credit,1,0,27,2,0
8613,Other,CAD,0,Weekday,Discover,Credit,1,1,57,9,1
9307,UK,CAD,1,Weekday,Amex,Credit,0,1,45,6,1
8055,AU,GBP,1,Weekend,Visa,Credit,1,1,52,9,1
4744,CA,GBP,14,Weekday,Amex,Credit,0,0,70,4,0
4757,UK,CAD,17,Weekday,Visa,Debit,1,0,49,11,0
7425,UK,CAD,1,Weekend,Amex,Debit,0,1,36,0,1
2373,CA,USD,13,Weekend,MasterCard,Credit,0,0,56,8,0
8271,AU,GBP,0,Weekend,Visa,Credit,1,1,18,12,1
5895,UK,USD,0,Weekend,Visa,Credit,1,1,66,9,1
5597,US,AUD,0,Weekday,Discover,Credit,1,1,47,3,1
8496,CA,AUD,1,Weekend,Visa,Credit,1,1,24,8,1
3391,US,AUD,18,Weekend,MasterCard,Debit,1,0,30,9,0
4053,UK,USD,12,Weekday,Discover,Debit,1,0,70,8,0
8190,Other,GBP,0,Weekday,Amex,Credit,1,1,42,12,1
5957,UK,USD,0,Weekend,Amex,Credit,1,1,63,1,1
7374,CA,AUD,23,Weekend,Visa,Credit,1,1,24,8,1
322,US,USD,10,Weekday,Discover,Debit,1,0,66,10,0
993,AU,USD,11,Weekend,Visa,Debit,0,0,63,1,0
442,CA,CAD,8,Weekday,Amex,Credit,1,0,44,0,0
3634,US,AUD,13,Weekday,Visa,Credit,1,0,35,9,0
7461,CA,GBP,1,Weekend,Amex,Debit,1,1,20,6,1
914,AU,USD,19,Weekend,Discover,Credit,1,0,62,7,0
613,AU,GBP,18,Weekend,Discover,Debit,0,0,43,10,0
8305,UK,CAD,23,Weekday,Amex,Debit,1,1,19,6,1
2671,UK,GBP,12,Weekday,MasterCard,Credit,1,0,19,1,0
6675,CA,USD,0,Weekend,Amex,Debit,1,1,45,8,1
4480,Other,GBP,13,Weekend,Discover,Credit,1,0,58,8,0
8960,Other,CAD,1,Weekday,Amex,Credit,0,1,42,6,1
5690,Other,GBP,1,Weekday,Amex,Debit,1,1,43,1,1
6490,AU,AUD,23,Weekend,Amex,Debit,1,1,66,10,1
1278,US,GBP,17,Weekday,Discover,Credit,1,0,54,0,0
9758,Other,USD,23,Weekday,Amex,Credit,0,1,59,6,1
5994,Other,CAD,23,Weekend,Visa,Credit,0,1,23,8,1
6422,CA,GBP,1,Weekend,Amex,Debit,0,1,67,9,1
208,US,CAD,12,Weekend,MasterCard,Debit,1,0,38,2,0
3734,UK,USD,17,Weekday,Amex,Debit,0,0,31,4,0
3159,CA,USD,19,Weekday,Discover,Debit,0,0,61,11,0
1867,UK,USD,12,Weekend,Amex,Debit,1,0,43,12,0
6857,AU,CAD,0,Weekday,Amex,Debit,1,1,37,5,1
2625,CA,GBP,15,Weekend,MasterCard,Credit,0,0,69,5,0
8459,US,CAD,1,Weekend,Discover,Credit,1,1,49,9,1
6247,CA,AUD,1,Weekend,Discover,Debit,1,1,57,2,1
8505,UK,GBP,23,Weekend,MasterCard,Debit,1,1,47,10,1
2553,CA,AUD,19,Weekend,MasterCard,Credit,0,0,30,3,0
7894,CA,CAD,1,Weekend,Amex,Debit,1,1,68,11,1
7804,AU,USD,0,Weekday,Amex,Credit,1,1,23,5,1
4812,US,GBP,12,Weekday,Amex,Debit,1,0,21,7,0
211,Other,AUD,8,Weekend,Amex,Debit,1,0,40,1,0
4099,Other,AUD,8,Weekend,MasterCard,Debit,1,0,58,5,0
3151,UK,AUD,17,Weekend,Visa,Credit,1,0,41,11,0
2250,Other,USD,18,Weekend,Visa,Debit,1,0,30,6,0
2410,UK,GBP,11,Weekday,Visa,Debit,0,0,25,6,0
9372,US,AUD,23,Weekend,Visa,Credit,1,1,68,1,1
8402,AU,USD,0,Weekend,Amex,Debit,1,1,24,2,1
2066,CA,CAD,18,Weekday,Discover,Debit,1,0,50,8,0
9776,AU,CAD,23,Weekend,MasterCard,Debit,1,1,58,0,1
4389,US,GBP,14,Weekday,Discover,Credit,0,0,57,5,0
4940,Other,USD,9,Weekday,Discover,Credit,0,0,25,4,0
614,AU,CAD,18,Weekend,MasterCard,Credit,1,0,58,4,0
2668,US,AUD,14,Weekday,MasterCard,Debit,1,0,47,7,0
2680,UK,AUD,18,Weekday,MasterCard,Credit,1,0,18,11,0
988,UK,CAD,17,Weekend,Discover,Debit,0,0,46,1,0
2057,Other,GBP,19,Weekday,MasterCard,Credit,1,0,58,8,0
8576,CA,CAD,0,Weekday,Discover,Credit,1,1,51,4,1
9415,Other,GBP,0,Weekend,Amex,Debit,1,1,54,10,1
1898,AU,CAD,14,Weekend,Amex,Credit,0,0,43,5,0
983,CA,USD,16,Weekday,Amex,Debit,1,0,41,4,0
5747,Other,GBP,1,Weekday,Discover,Credit,0,1,69,7,1
6368,CA,CAD,23,Weekday,Visa,Credit,1,1,28,4,1
1533,US,CAD,19,Weekday,MasterCard,Debit,1,0,43,1,0
4344,UK,GBP,17,Weekday,Amex,Debit,0,0,60,5,0
4387,AU,USD,12,Weekday,Discover,Credit,0,0,25,6,0
3265,AU,GBP,15,Weekend,MasterCard,Debit,1,0,56,3,0
8742,Other,GBP,23,Weekend,MasterCard,Credit,0,1,54,12,1
2330,AU,CAD,15,Weekday,Amex,Debit,1,0,44,7,0
618,US,GBP,17,Weekday,Amex,Debit,0,0,41,12,0
8989,Other,AUD,1,Weekend,Discover,Credit,0,1,24,10,1
6828,AU,USD,0,Weekend,Discover,Debit,1,1,22,12,1
6889,CA,CAD,0,Weekday,Amex,Debit,1,1,18,10,1
7892,CA,AUD,23,Weekend,Visa,Credit,1,1,36,11,1
5279,US,GBP,0,Weekend,Amex,Debit,1,1,61,9,1
9594,CA,AUD,0,Weekday,Discover,Credit,1,1,70,2,1
9283,CA,GBP,0,Weekend,Amex,Credit,0,1,26,0,1
1200,Other,CAD,15,Weekday,MasterCard,Credit,1,0,33,9,0
1815,UK,CAD,18,Weekend,Discover,Credit,1,0,38,1,0
7890,UK,USD,1,Weekend,MasterCard,Credit,1,1,63,9,1
9097,CA,USD,23,Weekend,MasterCard,Debit,1,1,41,12,1
9968,Other,AUD,23,Weekday,Amex,Credit,1,1,70,5,1
7778,Other,GBP,0,Weekday,Visa,Credit,0,1,48,10,1
7385,US,GBP,0,Weekend,Amex,Credit,1,1,68,12,1
1055,US,CAD,16,Weekday,MasterCard,Credit,1,0,19,7,0
4558,AU,GBP,13,Weekday,MasterCard,Debit,1,0,20,9,0
3653,Other,AUD,17,Weekday,Visa,Credit,1,0,32,11,0
7884,AU,GBP,1,Weekday,MasterCard,Credit,1,1,65,8,1
9978,CA,AUD,1,Weekday,Amex,Credit,1,1,61,11,1
3512,CA,CAD,15,Weekday,MasterCard,Debit,1,0,24,10,0
610,Other,USD,9,Weekday,MasterCard,Credit,0,0,29,11,0
1408,UK,CAD,10,Weekend,Discover,Credit,1,0,24,4,0
5340,US,GBP,23,Weekend,Amex,Credit,0,1,60,9,1
8865,AU,CAD,0,Weekend,Discover,Debit,1,1,55,1,1
4677,AU,USD,12,Weekday,Visa,Debit,1,0,59,5,0
3709,UK,GBP,19,Weekday,MasterCard,Debit,0,0,34,10,0
6503,US,CAD,0,Weekend,Amex,Debit,1,1,25,12,1
5550,Other,GBP,1,Weekday,Discover,Debit,1,1,65,5,1
3630,CA,CAD,10,Weekday,Amex,Debit,1,0,26,0,0
9405,US,CAD,23,Weekday,Discover,Credit,1,1,25,8,1
3020,AU,USD,17,Weekday,Visa,Debit,1,0,50,4,0
1731,CA,USD,16,Weekday,Discover,Credit,1,0,62,7,0
1580,US,USD,12,Weekday,MasterCard,Debit,1,0,42,7,0
7012,Other,AUD,1,Weekend,Visa,Credit,1,1,34,10,1
871,UK,CAD,17,Weekday,Discover,Credit,1,0,39,10,0
731,CA,GBP,17,Weekend,Discover,Credit,0,0,18,0,0
7484,AU,USD,23,Weekday,Discover,Debit,1,1,46,11,1
5317,Other,AUD,0,Weekday,MasterCard,Credit,1,1,60,1,1
5862,US,AUD,1,Weekend,MasterCard,Debit,1,1,58,0,1
8422,US,CAD,0,Weekend,Amex,Debit,1,1,23,6,1
6734,CA,AUD,1,Weekend,MasterCard,Debit,1,1,30,8,1
4521,AU,USD,17,Weekday,MasterCard,Debit,1,0,22,7,0
2896,US,AUD,17,Weekend,Discover,Debit,1,0,67,0,0
2995,US,AUD,19,Weekday,MasterCard,Debit,1,0,28,5,0
3596,US,CAD,13,Weekend,Visa,Debit,1,0,20,12,0
4380,AU,CAD,12,Weekday,MasterCard,Debit,0,0,27,0,0
7005,US,CAD,0,Weekday,Amex,Credit,1,1,24,2,1
7622,Other,CAD,23,Weekday,Visa,Debit,1,1,67,4,1
3680,AU,USD,14,Weekday,MasterCard,Credit,0,0,49,7,0
5340,CA,GBP,0,Weekday,Amex,Credit,1,1,38,4,1
2806,US,AUD,11,Weekend,Discover,Credit,0,0,23,11,0
6074,AU,USD,23,Weekend,MasterCard,Debit,1,1,46,5,1
4015,Other,USD,15,Weekend,Visa,Debit,0,0,44,3,0
5288,Other,CAD,0,Weekday,Discover,Debit,1,1,48,3,1
3485,US,GBP,14,Weekday,Discover,Credit,0,0,50,10,0
7550,Other,CAD,1,Weekday,MasterCard,Debit,1,1,28,3,1
6015,CA,AUD,1,Weekday,Amex,Credit,1,1,61,11,1
4678,US,USD,9,Weekday,MasterCard,Debit,0,0,59,12,0
4477,AU,AUD,11,Weekday,Visa,Debit,0,0,28,12,0
2459,US,CAD,13,Weekend,Discover,Credit,1,0,38,9,0
4827,AU,GBP,11,Weekend,Visa,Credit,1,0,29,1,0
7865,Other,USD,23,Weekday,Visa,Credit,1,1,57,0,1
4687,US,CAD,18,Weekday,Discover,Credit,1,0,49,2,0
7372,Other,CAD,1,Weekday,Amex,Credit,1,1,49,3,1
9909,UK,GBP,0,Weekend,Amex,Debit,1,1,51,1,1
4006,CA,USD,12,Weekend,Visa,Credit,1,0,47,6,0
3572,US,CAD,19,Weekday,Discover,Debit,1,0,37,4,0
6630,Other,USD,1,Weekday,Discover,Debit,1,1,21,9,1
555,US,CAD,10,Weekend,Visa,Credit,1,0,31,7,0
2411,UK,USD,9,Weekend,MasterCard,Credit,1,0,60,11,0
6476,UK,USD,23,Weekend,Visa,Credit,1,1,66,9,1
8776,Other,USD,0,Weekday,Amex,Credit,0,1,46,2,1
9193,Other,AUD,23,Weekday,Amex,Credit,1,1,44,5,1
4234,US,CAD,9,Weekday,MasterCard,Credit,0,0,26,3,0
5335,CA,CAD,1,Weekday,Discover,Credit,1,1,51,4,1
9792,UK,AUD,0,Weekend,Amex,Debit,1,1,50,4,1
7694,Other,AUD,23,Weekend,MasterCard,Credit,0,1,27,8,1
1808,AU,GBP,10,Weekday,Discover,Credit,0,0,63,10,0
4163,US,AUD,14,Weekend,MasterCard,Debit,1,0,46,6,0
1207,US,USD,12,Weekend,Discover,Credit,1,0,34,4,0
9143,Other,GBP,23,Weekend,Amex,Debit,1,1,60,0,1
7916,AU,USD,23,Weekend,Amex,Debit,1,1,47,12,1
5815,UK,USD,0,Weekend,MasterCard,Credit,1,1,34,1,1
6224,Other,USD,0,Weekend,Discover,Credit,1,1,39,10,1
2471,AU,USD,14,Weekday,Visa,Credit,0,0,70,12,0
5051,US,CAD,23,Weekend,MasterCard,Debit,1,1,70,1,1
1975,US,AUD,15,Weekend,Discover,Credit,0,0,20,5,0
577,AU,CAD,19,Weekend,Discover,Credit,1,0,23,11,0
7073,US,CAD,0,Weekend,Visa,Credit,1,1,19,2,1
8285,AU,GBP,1,Weekday,Visa,Debit,1,1,68,9,1
9790,UK,GBP,23,Weekend,Amex,Debit,1,1,52,11,1
7395,US,CAD,1,Weekday,Amex,Debit,1,1,21,3,1
6546,UK,GBP,23,Weekday,Amex,Debit,1,1,70,8,1
138,US,AUD,14,Weekend,MasterCard,Credit,0,0,31,5,0
7022,Other,CAD,0,Weekday,Amex,Credit,1,1,36,1,1
7685,Other,CAD,0,Weekday,Amex,Credit,1,1,58,6,1
6951,AU,AUD,23,Weekend,Amex,Credit,0,1,57,12,1
8389,AU,GBP,23,Weekend,Visa,Credit,1,1,52,9,1
7713,CA,CAD,1,Weekday,Visa,Credit,1,1,23,11,1
8221,AU,USD,1,Weekend,Amex,Debit,1,1,47,12,1
9774,Other,AUD,23,Weekend,Amex,Debit,1,1,70,12,1
1045,US,AUD,12,Weekend,MasterCard,Credit,0,0,39,10,0
1837,AU,USD,18,Weekend,MasterCard,Credit,0,0,28,10,0
515,AU,AUD,17,Weekend,Discover,Debit,1,0,40,0,0
5274,CA,GBP,0,Weekend,Visa,Credit,1,1,54,11,1
5681,US,CAD,23,Weekend,Amex,Debit,1,1,23,9,1
7059,UK,CAD,23,Weekend,Amex,Debit,0,1,36,0,1
9493,Other,CAD,1,Weekday,Amex,Debit,1,1,58,10,1
6629,US,AUD,1,Weekend,Discover,Credit,1,1,48,4,1
3956,AU,CAD,11,Weekend,MasterCard,Debit,1,0,25,2,0
5007,UK,USD,1,Weekend,Visa,Credit,1,1,66,9,1
9410,CA,AUD,23,Weekend,MasterCard,Credit,1,1,51,5,1
4456,UK,USD,15,Weekend,Visa,Debit,1,0,42,11,0
2587,CA,USD,13,Weekend,Amex,Debit,1,0,69,2,0
4123,US,AUD,14,Weekday,Amex,Credit,1,0,26,8,0
1806,AU,USD,9,Weekend,Visa,Credit,1,0,55,9,0
9272,UK,USD,23,Weekday,Amex,Credit,1,1,18,12,1
5602,UK,CAD,0,Weekend,Visa,Credit,1,1,26,12,1
7762,CA,AUD,1,Weekend,Amex,Credit,1,1,41,6,1
8704,AU,GBP,1,Weekday,Visa,Credit,1,1,64,5,1
7481,CA,USD,0,Weekend,Amex,Credit,1,1,63,8,1
3753,US,USD,11,Weekday,Visa,Credit,1,0,32,4,0
4532,CA,CAD,9,Weekend,Amex,Debit,0,0,41,1,0
4328,AU,GBP,13,Weekday,Visa,Debit,1,0,39,5,0
8677,Other,CAD,0,Weekday,Discover,Debit,1,1,27,12,1
5232,US,CAD,1,Weekend,Amex,Credit,0,1,22,9,1
2245,Other,AUD,17,Weekend,MasterCard,Credit,0,0,19,3,0
8700,US,CAD,0,Weekend,Amex,Credit,0,1,27,2,1
7284,UK,GBP,23,Weekend,Amex,Credit,1,1,25,9,1
8909,Other,AUD,0,Weekday,Visa,Debit,1,1,53,9,1
5521,AU,USD,1,Weekend,Amex,Credit,1,1,28,7,1
1140,Other,GBP,14,Weekend,Discover,Debit,0,0,33,4,0
8498,Other,USD,23,Weekday,MasterCard,Credit,1,1,52,0,1
6120,Other,USD,0,Weekday,Amex,Credit,0,1,41,10,1
6245,AU,AUD,1,Weekend,Amex,Credit,1,1,53,1,1
3215,UK,GBP,9,Weekday,Visa,Credit,0,0,26,10,0
3359,CA,AUD,11,Weekday,MasterCard,Debit,1,0,54,12,0
7347,US,AUD,0,Weekend,Amex,Credit,1,1,42,10,1
4487,AU,AUD,11,Weekend,Visa,Debit,0,0,18,4,0
1969,AU,GBP,14,Weekday,Amex,Debit,1,0,31,3,0
2696,AU,GBP,19,Weekend,Visa,Credit,1,0,49,6,0
7963,US,CAD,23,Weekend,Amex,Credit,1,1,45,7,1
9243,UK,GBP,23,Weekend,Amex,Credit,1,1,25,9,1
2738,Other,CAD,15,Weekend,MasterCard,Debit,0,0,26,8,0
5398,AU,USD,23,Weekend,Amex,Debit,1,1,24,2,1
1285,UK,CAD,19,Weekend,Visa,Credit,1,0,61,3,0
4606,CA,AUD,19,Weekday,Amex,Credit,1,0,23,4,0
9185,AU,AUD,1,Weekend,Amex,Credit,0,1,57,12,1
867,Other,GBP,9,Weekday,MasterCard,Debit,1,0,36,3,0
9991,UK,USD,23,Weekend,Amex,Debit,1,1,70,12,1
9789,AU,USD,23,Weekend,Amex,Credit,1,1,30,8,1
4713,US,AUD,13,Weekend,Visa,Debit,0,0,69,1,0
7633,AU,USD,1,Weekday,Amex,Credit,1,1,55,8,1
2832,AU,GBP,8,Weekend,Visa,Credit,1,0,54,12,0
843,US,USD,10,Weekday,Discover,Debit,1,0,57,6,0
2571,AU,CAD,9,Weekday,Discover,Debit,1,0,24,12,0
5354,AU,GBP,23,Weekday,Amex,Credit,1,1,45,10,1
9361,Other,AUD,23,Weekend,Amex,Credit,1,1,30,1,1
8552,CA,GBP,23,Weekend,Discover,Credit,1,1,23,2,1
6081,Other,USD,0,Weekday,Amex,Credit,1,1,52,6,1
8740,Other,AUD,23,Weekend,Amex,Debit,0,1,44,1,1
2515,UK,AUD,9,Weekday,Discover,Credit,1,0,69,4,0
4543,US,GBP,16,Weekend,Amex,Debit,1,0,51,0,0
6095,CA,AUD,23,Weekend,MasterCard,Credit,1,1,51,5,1
7645,US,CAD,1,Weekend,Amex,Debit,1,1,25,12,1
8484,AU,USD,23,Weekend,Visa,Credit,1,1,36,12,1
6133,US,USD,1,Weekend,Amex,Credit,0,1,35,11,1
4419,UK,AUD,9,Weekend,MasterCard,Credit,1,0,61,0,0
7006,Other,CAD,23,Weekday,MasterCard,Credit,1,1,37,10,1
4383,UK,USD,9,Weekday,MasterCard,Credit,0,0,50,7,0
1821,UK,USD,16,Weekday,Amex,Credit,1,0,33,9,0
4529,UK,AUD,9,Weekend,MasterCard,Debit,0,0,38,3,0
1852,UK,USD,18,Weekday,MasterCard,Debit,1,0,22,3,0
5636,Other,CAD,23,Weekend,MasterCard,Credit,0,1,62,0,1
448,US,CAD,8,Weekday,Discover,Credit,0,0,40,11,0
297,CA,GBP,18,Weekday,Amex,Credit,1,0,20,6,0
8555,Other,AUD,1,Weekend,MasterCard,Credit,1,1,33,8,1
4575,US,AUD,15,Weekday,Discover,Credit,1,0,36,6,0
9561,Other,CAD,0,Weekend,Amex,Debit,1,1,44,7,1
2163,CA,AUD,11,Weekend,MasterCard,Credit,0,0,44,5,0
1240,US,CAD,11,Weekend,Visa,Debit,1,0,70,6,0
2052,UK,CAD,8,Weekend,Visa,Debit,1,0,70,12,0
8098,CA,CAD,1,Weekend,MasterCard,Debit,1,1,18,10,1
2926,UK,GBP,8,Weekend,Visa,Credit,1,0,61,3,0
7184,AU,CAD,0,Weekend,MasterCard,Debit,1,1,62,11,1
9225,US,AUD,0,Weekend,Amex,Debit,1,1,67,6,1
1954,CA,AUD,9,Weekday,MasterCard,Credit,1,0,46,12,0
3541,AU,GBP,18,Weekend,MasterCard,Debit,1,0,47,11,0
1938,Other,USD,11,Weekday,Discover,Credit,1,0,41,12,0
4720,CA,CAD,9,Weekend,Amex,Credit,1,0,37,7,0
971,AU,CAD,12,Weekday,Amex,Debit,1,0,53,1,0
1170,CA,GBP,16,Weekend,Amex,Credit,0,0,51,7,0
531,AU,USD,8,Weekend,MasterCard,Credit,1,0,40,10,0
8480,CA,AUD,0,Weekday,Discover,Credit,1,1,34,12,1
6691,Other,CAD,0,Weekend,Discover,Credit,0,1,26,7,1
242,AU,GBP,15,Weekend,Discover,Debit,1,0,65,11,0
6813,Other,AUD,1,Weekend,Amex,Credit,1,1,40,11,1
5000,AU,AUD,1,Weekday,Visa,Credit,1,1,47,2,1
9049,CA,GBP,23,Weekend,MasterCard,Debit,1,1,54,0,1
545,Other,USD,8,Weekend,MasterCard,Credit,1,0,61,9,0
2321,US,CAD,9,Weekend,Visa,Debit,0,0,21,6,0
6845,Other,AUD,0,Weekend,Discover,Credit,1,1,34,3,1
2910,Other,GBP,9,Weekend,Amex,Credit,0,0,43,1,0
6543,Other,CAD,1,Weekday,MasterCard,Credit,0,1,64,12,1
1264,Other,AUD,11,Weekend,MasterCard,Debit,1,0,26,2,0
3750,CA,GBP,14,Weekend,MasterCard,Credit,1,0,67,12,0
9853,US,USD,1,Weekend,Visa,Credit,1,1,24,5,1
4436,Other,USD,14,Weekend,Visa,Debit,0,0,20,2,0
5920,Other,USD,1,Weekend,Amex,Debit,1,1,25,0,1
3084,UK,GBP,14,Weekday,Discover,Debit,1,0,51,7,0
9236,UK,CAD,23,Weekday,Amex,Credit,1,1,32,9,1
1307,CA,USD,9,Weekend,Visa,Credit,1,0,59,0,0
5737,AU,CAD,0,Weekend,MasterCard,Debit,1,1,62,11,1
225,UK,CAD,12,Weekend,MasterCard,Credit,1,0,25,8,0
3985,AU,AUD,19,Weekend,Discover,Debit,0,0,19,1,0
8173,Other,GBP,1,Weekend,Visa,Debit,1,1,63,1,1
7381,CA,USD,1,Weekend,Discover,Credit,1,1,52,11,1
1719,UK,USD,11,Weekday,MasterCard,Credit,0,0,49,11,0
7657,Other,GBP,23,Weekend,MasterCard,Credit,0,1,40,9,1
100,CA,CAD,13,Weekday,Discover,Credit,1,0,27,1,0
8562,Other,CAD,0,Weekend,Amex,Credit,0,1,23,1,1
3368,US,AUD,16,Weekday,Amex,Debit,1,0,23,6,0
5831,AU,GBP,0,Weekend,Discover,Credit,1,1,26,2,1
2805,AU,AUD,12,Weekday,Discover,Credit,1,0,31,8,0
790,CA,CAD,12,Weekday,Visa,Credit,0,0,26,11,0
6644,US,AUD,0,Weekday,Discover,Credit,1,1,20,6,1
8892,US,CAD,1,Weekday,Amex,Debit,1,1,31,7,1
7478,UK,CAD,1,Weekend,Discover,Credit,1,1,22,7,1
1024,UK,GBP,8,Weekend,Discover,Credit,1,0,60,8,0
1899,UK,AUD,16,Weekday,Amex,Debit,1,0,68,7,0
4411,US,AUD,9,Weekday,Visa,Credit,0,0,49,12,0
9215,Other,AUD,23,Weekday,Discover,Debit,1,1,32,12,1
8839,US,AUD,0,Weekday,Amex,Debit,1,1,20,2,1
6280,AU,AUD,23,Weekend,Visa,Credit,0,1,65,7,1
9566,Other,GBP,23,Weekend,Amex,Credit,1,1,34,4,1
9760,AU,AUD,23,Weekend,Visa,Debit,1,1,56,7,1
2116,UK,USD,18,Weekend,Visa,Credit,0,0,66,0,0
7164,UK,AUD,0,Weekday,Visa,Credit,1,1,47,6,1
126,AU,USD,14,Weekend,MasterCard,Debit,0,0,29,6,0
9480,AU,AUD,23,Weekend,Discover,Credit,1,1,67,0,1
4255,Other,AUD,17,Weekend,Discover,Credit,1,0,29,5,0
8628,AU,AUD,23,Weekend,Discover,Debit,1,1,67,12,1
138,AU,CAD,10,Weekend,Amex,Credit,1,0,54,11,0
3370,UK,AUD,8,Weekday,MasterCard,Debit,1,0,47,2,0
4913,US,AUD,16,Weekend,Discover,Credit,0,0,64,7,0
499,UK,USD,10,Weekend,MasterCard,Debit,1,0,29,5,0
1399,UK,USD,12,Weekend,Visa,Credit,1,0,44,7,0
4285,US,AUD,14,Weekend,MasterCard,Debit,0,0,41,0,0
314,UK,GBP,9,Weekday,MasterCard,Credit,1,0,40,8,0
7728,Other,CAD,1,Weekday,Visa,Debit,1,1,56,2,1
9547,AU,AUD,0,Weekend,MasterCard,Credit,1,1,54,2,1
3092,UK,CAD,18,Weekend,Visa,Credit,1,0,41,6,0
6844,AU,GBP,23,Weekday,Visa,Credit,1,1,42,8,1
2660,AU,USD,10,Weekday,MasterCard,Debit,1,0,32,3,0
3478,Other,GBP,8,Weekday,Visa,Credit,1,0,33,9,0
9637,CA,GBP,1,Weekend,Discover,Credit,1,1,53,8,1
3799,CA,USD,10,Weekday,MasterCard,Debit,0,0,56,11,0
854,AU,CAD,12,Weekend,MasterCard,Debit,0,0,50,7,0
3191,AU,CAD,15,Weekend,MasterCard,Debit,0,0,54,3,0
8873,US,CAD,23,Weekend,Discover,Credit,1,1,49,9,1
409,US,AUD,13,Weekend,Discover,Credit,0,0,59,12,0
6230,Other,AUD,23,Weekday,Amex,Credit,1,1,36,11,1
9981,UK,AUD,0,Weekend,Discover,Debit,1,1,60,12,1
2397,US,USD,10,Weekday,Discover,Debit,1,0,30,0,0
4884,AU,CAD,13,Weekend,Amex,Debit,1,0,30,7,0
9960,CA,AUD,1,Weekday,Discover,Credit,1,1,28,3,1
9759,Other,GBP,0,Weekday,Discover,Credit,0,1,69,7,1
8740,US,CAD,1,Weekend,Amex,Debit,1,1,25,1,1
6840,CA,AUD,23,Weekend,MasterCard,Credit,1,1,23,6,1
6133,AU,AUD,1,Weekend,Visa,Credit,1,1,34,9,1
4755,UK,GBP,12,Weekend,Amex,Debit,1,0,33,8,0
7030,CA,GBP,1,Weekday,Amex,Credit,1,1,30,2,1
6082,Other,USD,0,Weekend,Amex,Credit,1,1,43,0,1
9425,Other,AUD,0,Weekend,MasterCard,Credit,1,1,23,9,1
5682,UK,GBP,23,Weekend,Amex,Debit,1,1,50,9,1
875,Other,CAD,11,Weekend,Visa,Credit,0,0,60,2,0
7299,CA,CAD,0,Weekday,Amex,Credit,1,1,70,6,1
3473,AU,USD,11,Weekday,Visa,Credit,1,0,43,9,0
4839,Other,USD,15,Weekday,Discover,Credit,1,0,32,1,0
9302,Other,AUD,0,Weekend,Visa,Debit,0,1,56,12,1
2227,AU,CAD,19,Weekend,Amex,Credit,1,0,62,8,0
2953,UK,GBP,17,Weekend,MasterCard,Credit,1,0,41,4,0
9450,AU,CAD,0,Weekday,Amex,Debit,1,1,61,5,1
1221,CA,CAD,8,Weekday,Discover,Debit,0,0,34,7,0
8388,Other,GBP,1,Weekday,Discover,Debit,1,1,65,5,1
8403,AU,USD,1,Weekend,Amex,Credit,1,1,70,0,1
3608,UK,USD,12,Weekend,Discover,Debit,0,0,53,3,0
7002,Other,CAD,23,Weekend,Discover,Debit,1,1,18,12,1
2509,Other,CAD,13,Weekday,MasterCard,Debit,1,0,48,3,0
623,AU,GBP,11,Weekend,Visa,Credit,1,0,36,5,0
9561,Other,AUD,0,Weekday,Visa,Credit,1,1,30,6,1
7317,US,CAD,1,Weekend,Discover,Credit,1,1,49,9,1
1640,Other,AUD,19,Weekday,Visa,Debit,0,0,60,6,0
2848,AU,AUD,8,Weekday,Amex,Debit,1,0,43,10,0
8762,US,USD,23,Weekend,Discover,Credit,1,1,23,2,1
2881,US,CAD,19,Weekday,Discover,Debit,1,0,18,2,0
121,UK,USD,14,Weekday,Visa,Credit,0,0,23,0,0
304,UK,GBP,16,Weekday,Visa,Credit,1,0,56,0,0
7861,AU,GBP,23,Weekend,Discover,Credit,1,1,69,12,1
8186,UK,USD,1,Weekend,MasterCard,Debit,1,1,54,5,1
4797,Other,GBP,9,Weekday,Visa,Debit,0,0,21,12,0
5018,Other,CAD,23,Weekend,MasterCard,Credit,0,1,62,8,1
6031,Other,USD,1,Weekend,MasterCard,Credit,1,1,30,12,1
8543,Other,CAD,1,Weekday,Amex,Credit,1,1,34,0,1
8991,US,AUD,0,Weekday,Amex,Credit,1,1,37,9,1
1732,Other,AUD,8,Weekend,Amex,Credit,1,0,37,0,0
3588,AU,GBP,13,Weekday,Amex,Debit,1,0,58,11,0
6764,AU,CAD,0,Weekday,Discover,Credit,1,1,40,12,1
7370,AU,AUD,0,Weekday,Visa,Debit,1,1,44,8,1
6467,Other,GBP,23,Weekday,Visa,Debit,0,1,47,6,1
5124,AU,USD,0,Weekend,Discover,Credit,1,1,42,11,1
2545,Other,GBP,8,Weekday,Amex,Credit,0,0,36,7,0
8939,Other,GBP,23,Weekend,Amex,Debit,1,1,41,12,1
4580,US,GBP,8,Weekend,Visa,Credit,0,0,57,12,0
4254,Other,USD,8,Weekday,Discover,Debit,0,0,36,5,0
8304,Other,AUD,1,Weekday,Amex,Credit,1,1,44,5,1
982,AU,GBP,8,Weekday,MasterCard,Debit,1,0,53,2,0
2980,UK,GBP,12,Weekend,Discover,Credit,1,0,32,6,0
5059,UK,GBP,23,Weekday,Discover,Credit,1,1,37,5,1
9391,Other,AUD,1,Weekend,MasterCard,Debit,1,1,42,1,1
2416,AU,USD,19,Weekday,Amex,Credit,1,0,41,12,0
1443,US,AUD,17,Weekday,Visa,Debit,1,0,24,6,0
6215,CA,CAD,23,Weekday,Amex,Debit,1,1,18,10,1
9804,Other,GBP,23,Weekday,Amex,Debit,1,1,42,12,1
9837,UK,USD,0,Weekday,Amex,Credit,1,1,18,12,1
8576,AU,CAD,23,Weekend,Visa,Credit,1,1,61,10,1
6952,UK,USD,1,Weekend,Amex,Debit,1,1,18,4,1
1322,CA,USD,16,Weekend,Amex,Credit,0,0,41,8,0
3326,CA,AUD,15,Weekday,Visa,Credit,0,0,46,9,0
7743,AU,CAD,23,Weekend,Discover,Credit,1,1,37,4,1
6952,Other,AUD,23,Weekend,Amex,Debit,1,1,20,12,1
1630,UK,GBP,14,Weekend,Amex,Credit,1,0,64,5,0
4893,Other,CAD,13,Weekday,Visa,Credit,1,0,53,2,0
156,US,CAD,10,Weekday,MasterCard,Credit,1,0,34,4,0
3830,AU,CAD,17,Weekend,Visa,Debit,1,0,50,2,0
6325,CA,AUD,23,Weekend,Amex,Debit,1,1,41,7,1
7294,US,AUD,1,Weekend,Visa,Debit,1,1,52,12,1
105,AU,CAD,10,Weekday,Amex,Credit,1,0,43,6,0
7105,Other,CAD,23,Weekday,MasterCard,Debit,1,1,46,12,1
267,UK,USD,11,Weekday,Amex,Credit,0,0,48,2,0
458,Other,USD,8,Weekend,Amex,Debit,1,0,62,8,0
304,Other,USD,13,Weekend,Visa,Debit,1,0,48,10,0
9861,AU,USD,1,Weekend,Discover,Debit,1,1,22,12,1
4979,US,CAD,13,Weekend,Amex,Debit,1,0,68,7,0
4881,US,AUD,18,Weekend,Amex,Credit,0,0,53,10,0
6369,AU,USD,0,Weekend,Discover,Debit,1,1,70,8,1
1004,US,GBP,9,Weekday,Amex,Credit,1,0,35,2,0
1884,AU,CAD,11,Weekday,Visa,Debit,1,0,51,8,0
2476,AU,CAD,16,Weekend,Amex,Debit,0,0,69,7,0
6516,AU,AUD,0,Weekend,Amex,Debit,1,1,66,10,1
2045,CA,CAD,9,Weekend,Amex,Debit,1,0,54,2,0
7774,Other,CAD,23,Weekend,Amex,Debit,1,1,27,11,1
3953,CA,USD,10,Weekday,Visa,Debit,1,0,32,8,0
8463,US,AUD,23,Weekday,Amex,Credit,1,1,42,12,1
6925,Other,AUD,23,Weekend,Discover,Debit,1,1,58,1,1
5360,US,GBP,0,Weekday,Discover,Credit,1,1,28,0,1
5467,Other,AUD,23,Weekday,Discover,Debit,1,1,45,9,1
7409,Other,AUD,23,Weekday,Visa,Credit,1,1,35,4,1
2394,Other,GBP,8,Weekend,Discover,Debit,1,0,68,12,0
1183,UK,USD,15,Weekend,Discover,Credit,0,0,55,10,0
7811,CA,AUD,23,Weekday,MasterCard,Credit,1,1,49,8,1
3217,US,CAD,18,Weekend,Amex,Debit,1,0,30,11,0
169,AU,GBP,16,Weekday,Visa,Debit,1,0,30,4,0
1483,CA,USD,13,Weekend,MasterCard,Debit,0,0,42,0,0
6488,AU,CAD,23,Weekend,MasterCard,Debit,1,1,62,11,1
1390,Other,GBP,12,Weekday,Visa,Credit,1,0,61,5,0
753,CA,AUD,19,Weekend,MasterCard,Debit,1,0,36,6,0
7086,US,GBP,1,Weekend,Visa,Debit,1,1,44,2,1
5140,Other,GBP,1,Weekday,Discover,Credit,1,1,70,4,1
8407,UK,AUD,1,Weekday,Discover,Credit,1,1,33,4,1
8008,AU,CAD,1,Weekend,MasterCard,Debit,1,1,62,11,1
8509,Other,GBP,23,Weekday,Amex,Debit,1,1,42,12,1
6100,CA,GBP,23,Weekday,MasterCard,Credit,1,1,28,0,1
2281,UK,AUD,15,Weekday,Visa,Credit,1,0,59,1,0
1248,Other,CAD,12,Weekday,MasterCard,Credit,0,0,33,0,0
655,AU,GBP,11,Weekend,Amex,Debit,1,0,25,9,0
4568,AU,AUD,15,Weekday,Discover,Credit,1,0,22,1,0
1577,AU,CAD,10,Weekday,Amex,Debit,1,0,69,8,0
1141,Other,GBP,17,Weekend,MasterCard,Credit,1,0,33,0,0
3555,UK,USD,10,Weekday,MasterCard,Debit,0,0,33,11,0
6866,AU,AUD,1,Weekend,Amex,Credit,1,1,53,1,1
1911,Other,CAD,10,Weekday,MasterCard,Debit,0,0,29,1,0
9814,Other,GBP,0,Weekend,Visa,Debit,1,1,50,2,1
2931,UK,USD,13,Weekend,Amex,Credit,1,0,51,11,0
4821,US,USD,16,Weekday,MasterCard,Credit,0,0,38,8,0
9320,Other,AUD,23,Weekday,Discover,Credit,1,1,59,11,1
6065,Other,GBP,1,Weekday,Discover,Credit,1,1,70,4,1
8660,CA,GBP,0,Weekend,Visa,Credit,0,1,38,8,1
7677,UK,GBP,23,Weekday,Amex,Debit,1,1,57,7,1
1981,UK,GBP,18,Weekend,Visa,Credit,1,0,51,0,0
8285,AU,CAD,0,Weekday,Amex,Credit,1,1,22,0,1
9389,Other,AUD,1,Weekend,Amex,Debit,1,1,70,12,1
5529,UK,CAD,0,Weekend,Visa,Credit,1,1,26,12,1
2275,US,GBP,18,Weekend,MasterCard,Credit,1,0,59,12,0
373,AU,GBP,18,Weekend,Amex,Credit,0,0,69,6,0
6933,CA,GBP,0,Weekday,Visa,Credit,1,1,47,8,1
3632,AU,USD,10,Weekend,Visa,Credit,0,0,33,12,0
249,AU,CAD,12,Weekday,Discover,Credit,0,0,53,3,0
4330,CA,AUD,10,Weekday,Amex,Credit,1,0,54,7,0
1104,AU,GBP,11,Weekday,Visa,Debit,0,0,34,1,0
4895,US,USD,10,Weekend,Visa,Debit,1,0,58,4,0
6375,CA,GBP,1,Weekend,Amex,Debit,1,1,20,6,1
2498,AU,CAD,9,Weekend,Amex,Debit,0,0,18,1,0
3043,CA,AUD,8,Weekday,MasterCard,Credit,0,0,40,8,0
602,UK,AUD,17,Weekend,Visa,Debit,0,0,59,6,0
4849,AU,USD,16,Weekend,MasterCard,Credit,1,0,45,4,0
4629,CA,USD,16,Weekend,MasterCard,Credit,0,0,61,10,0
2269,CA,AUD,19,Weekend,Amex,Credit,1,0,52,11,0
1267,AU,USD,9,Weekday,MasterCard,Debit,1,0,43,12,0
1563,Other,AUD,10,Weekend,MasterCard,Credit,0,0,70,11,0
295,AU,AUD,14,Weekday,MasterCard,Debit,1,0,23,8,0
4113,CA,USD,18,Weekday,MasterCard,Credit,1,0,37,2,0
2732,UK,AUD,17,Weekend,MasterCard,Credit,1,0,32,11,0
8746,US,CAD,1,Weekend,Amex,Credit,1,1,49,10,1
9226,CA,CAD,1,Weekend,MasterCard,Credit,1,1,49,6,1
3540,US,USD,17,Weekday,Discover,Credit,1,0,61,6,0
4919,CA,GBP,15,Weekend,Discover,Debit,1,0,60,6,0
6484,Other,CAD,1,Weekday,Amex,Credit,0,1,59,3,1
2411,AU,CAD,10,Weekday,Discover,Debit,1,0,54,6,0
9042,Other,CAD,0,Weekday,MasterCard,Credit,0,1,64,12,1
185,CA,CAD,19,Weekday,Amex,Credit,1,0,52,10,0
1529,US,CAD,12,Weekday,Amex,Credit,1,0,30,8,0
8889,US,USD,1,Weekend,Amex,Credit,1,1,61,3,1
5801,UK,GBP,23,Weekend,Amex,Credit,1,1,25,9,1
3996,CA,GBP,14,Weekend,Discover,Credit,0,0,42,2,0
4724,CA,GBP,9,Weekend,Discover,Credit,1,0,56,4,0
3359,Other,GBP,12,Weekday,MasterCard,Debit,0,0,43,1,0
9755,Other,AUD,0,Weekend,Visa,Debit,1,1,24,0,1
6752,Other,AUD,1,Weekday,MasterCard,Credit,0,1,65,12,1
2108,Other,USD,13,Weekday,Amex,Credit,1,0,32,3,0
209,US,AUD,12,Weekday,Discover,Credit,1,0,59,6,0
5299,US,GBP,0,Weekday,Visa,Credit,1,1,47,11,1
315,UK,AUD,13,Weekend,Discover,Debit,0,0,62,2,0
2356,US,AUD,16,Weekend,Visa,Credit,0,0,45,8,0
2393,CA,AUD,10,Weekday,Visa,Credit,0,0,31,10,0
2927,CA,AUD,12,Weekday,Amex,Credit,1,0,58,4,0
9766,UK,GBP,1,Weekend,Amex,Debit,1,1,64,7,1
9171,UK,USD,23,Weekend,Amex,Debit,1,1,70,12,1
5162,AU,USD,1,Weekday,Amex,Credit,1,1,63,7,1
6098,UK,AUD,23,Weekday,Amex,Debit,1,1,34,1,1
5974,Other,USD,1,Weekday,MasterCard,Credit,1,1,50,4,1
2826,CA,USD,17,Weekday,Amex,Debit,1,0,47,3,0
7500,AU,GBP,1,Weekend,MasterCard,Credit,1,1,40,2,1
1593,CA,CAD,10,Weekday,Discover,Debit,0,0,54,7,0
5283,US,GBP,0,Weekend,Amex,Credit,0,1,60,9,1
9806,Other,GBP,0,Weekday,Visa,Credit,1,1,67,6,1
1314,UK,GBP,9,Weekend,Discover,Credit,1,0,45,11,0
5907,Other,CAD,23,Weekend,Amex,Debit,1,1,68,12,1
3850,CA,USD,16,Weekend,MasterCard,Credit,0,0,50,0,0
307,US,AUD,14,Weekend,Discover,Credit,1,0,22,3,0
6180,CA,AUD,23,Weekend,Amex,Credit,1,1,21,5,1
308,CA,AUD,9,Weekend,Amex,Credit,1,0,28,12,0
9110,US,CAD,23,Weekend,Amex,Debit,1,1,23,9,1
3561,US,GBP,11,Weekday,Discover,Debit,1,0,28,11,0
834,CA,CAD,18,Weekday,Discover,Debit,1,0,25,12,0
2779,US,CAD,15,Weekend,MasterCard,Debit,1,0,60,6,0
637,US,USD,13,Weekday,Amex,Credit,0,0,39,5,0
2699,US,CAD,9,Weekday,MasterCard,Credit,0,0,21,2,0
9829,Other,CAD,23,Weekday,Amex,Credit,0,1,57,8,1
9353,US,AUD,23,Weekend,Discover,Credit,1,1,60,6,1
9906,US,CAD,23,Weekend,Visa,Debit,1,1,65,3,1
6810,Other,GBP,1,Weekend,Amex,Debit,0,1,43,5,1
7451,Other,CAD,0,Weekend,Discover,Debit,1,1,49,9,1
5598,Other,USD,1,Weekend,Discover,Debit,0,1,31,1,1
4698,Other,GBP,15,Weekday,Amex,Debit,0,0,36,9,0
9671,CA,GBP,0,Weekend,Visa,Debit,1,1,56,7,1
7225,Other,USD,0,Weekday,Amex,Credit,0,1,47,9,1
492,US,USD,10,Weekend,Discover,Debit,0,0,19,8,0
5891,UK,CAD,1,Weekend,Amex,Credit,1,1,59,5,1
7517,UK,AUD,0,Weekend,Discover,Credit,1,1,67,1,1
7128,CA,CAD,1,Weekend,Amex,Debit,1,1,26,8,1
4472,US,AUD,17,Weekday,Discover,Credit,0,0,31,12,0
9388,AU,AUD,0,Weekday,Visa,Debit,1,1,44,8,1
9440,CA,USD,23,Weekend,Amex,Credit,1,1,67,0,1
3938,AU,USD,11,Weekday,Visa,Debit,1,0,58,9,0
6616,CA,AUD,0,Weekend,Amex,Credit,1,1,50,1,1
6518,Other,CAD,0,Weekday,MasterCard,Credit,0,1,56,12,1
8763,AU,CAD,1,Weekday,Discover,Credit,1,1,43,11,1
3666,UK,GBP,10,Weekend,Amex,Debit,0,0,23,11,0
3191,US,CAD,15,Weekday,Discover,Debit,0,0,18,3,0
3964,AU,GBP,18,Weekend,Visa,Debit,1,0,21,8,0
1581,Other,USD,8,Weekday,Discover,Credit,1,0,46,8,0
3264,UK,CAD,15,Weekend,Amex,Credit,1,0,60,2,0
1387,UK,CAD,12,Weekend,Amex,Debit,1,0,54,6,0
8424,Other,GBP,1,Weekend,Amex,Debit,1,1,60,3,1
3408,CA,CAD,15,Weekday,Amex,Credit,1,0,51,0,0
3358,UK,USD,9,Weekday,Discover,Credit,1,0,25,7,0
120,AU,USD,14,Weekend,Amex,Credit,1,0,55,12,0
622,Other,AUD,15,Weekend,Amex,Debit,1,0,68,4,0
9414,US,CAD,1,Weekend,Amex,Debit,1,1,61,11,1
4561,US,USD,9,Weekend,Discover,Debit,0,0,43,6,0
7756,UK,USD,1,Weekend,MasterCard,Credit,1,1,37,12,1
4654,Other,AUD,18,Weekend,Discover,Credit,1,0,39,2,0
4121,US,USD,15,Weekday,Discover,Debit,1,0,34,2,0
8198,Other,USD,23,Weekday,Amex,Credit,1,1,52,6,1
8349,AU,USD,0,Weekend,Visa,Credit,1,1,60,1,1
9549,Other,GBP,0,Weekend,Visa,Credit,1,1,22,12,1
7182,Other,AUD,0,Weekday,Visa,Debit,0,1,49,8,1
2180,UK,GBP,19,Weekend,Visa,Debit,0,0,29,8,0
6190,CA,AUD,1,Weekday,Amex,Credit,1,1,22,6,1
7459,Other,AUD,1,Weekday,MasterCard,Credit,0,1,65,12,1
188,UK,AUD,8,Weekday,Discover,Debit,1,0,40,3,0
8179,AU,AUD,23,Weekend,Amex,Credit,0,1,54,7,1
2011,CA,AUD,8,Weekday,Amex,Credit,0,0,40,1,0
2677,UK,GBP,18,Weekday,Discover,Debit,0,0,35,3,0
8938,UK,USD,23,Weekend,Discover,Debit,1,1,31,2,1
4133,US,CAD,11,Weekday,MasterCard,Credit,1,0,50,4,0
4560,UK,CAD,11,Weekday,Discover,Credit,0,0,67,9,0
655,UK,AUD,9,Weekend,MasterCard,Credit,1,0,38,7,0
1140,UK,GBP,10,Weekday,Discover,Debit,1,0,58,0,0
7777,Other,USD,1,Weekend,Visa,Credit,1,1,50,1,1
5020,Other,AUD,1,Weekend,Amex,Credit,0,1,65,11,1
4561,CA,CAD,9,Weekday,Discover,Credit,0,0,67,2,0
5870,AU,CAD,0,Weekend,Discover,Credit,1,1,37,4,1
5252,Other,CAD,1,Weekend,Amex,Credit,0,1,28,12,1
2270,AU,GBP,13,Weekend,Visa,Credit,1,0,25,2,0
1706,Other,GBP,18,Weekday,MasterCard,Credit,1,0,43,9,0
4764,UK,AUD,10,Weekend,Visa,Credit,0,0,46,9,0
1892,US,USD,18,Weekday,Amex,Credit,1,0,69,8,0
4499,CA,AUD,16,Weekday,Visa,Credit,1,0,68,10,0
470,Other,CAD,9,Weekend,Discover,Debit,1,0,49,12,0
3384,CA,AUD,11,Weekday,Amex,Credit,0,0,56,0,0
9420,CA,AUD,0,Weekday,Discover,Credit,1,1,28,3,1
4370,AU,CAD,17,Weekend,Amex,Debit,0,0,33,8,0
4818,AU,AUD,18,Weekend,MasterCard,Debit,1,0,39,7,0
3021,UK,GBP,9,Weekday,Discover,Debit,0,0,32,2,0
7638,Other,GBP,0,Weekend,Discover,Credit,1,1,51,5,1
5481,AU,CAD,1,Weekend,Visa,Credit,1,1,57,12,1
2443,CA,CAD,16,Weekend,Discover,Debit,1,0,61,10,0
5101,Other,AUD,1,Weekend,Amex,Debit,0,1,44,1,1
3603,CA,GBP,10,Weekday,Discover,Credit,1,0,57,8,0
6097,UK,CAD,1,Weekend,Discover,Credit,1,1,22,7,1
882,US,CAD,12,Weekend,Discover,Debit,1,0,59,8,0
552,CA,AUD,16,Weekday,MasterCard,Credit,1,0,48,4,0
3589,Other,USD,12,Weekend,Amex,Credit,0,0,39,12,0
287,CA,CAD,10,Weekday,MasterCard,Debit,0,0,44,0,0
5256,Other,AUD,1,Weekday,Visa,Debit,1,1,27,9,1
7412,US,CAD,1,Weekday,Discover,Credit,1,1,65,6,1
3450,Other,GBP,16,Weekday,Discover,Debit,0,0,28,2,0
1146,Other,GBP,14,Weekday,Discover,Debit,1,0,38,9,0
1944,AU,USD,18,Weekday,Amex,Debit,1,0,57,1,0
8462,Other,CAD,0,Weekend,Discover,Credit,0,1,26,7,1
6105,Other,USD,23,Weekday,Amex,Credit,0,1,69,1,1
211,CA,USD,11,Weekend,MasterCard,Debit,1,0,48,2,0
8148,AU,GBP,1,Weekend,Amex,Debit,1,1,33,0,1
7458,Other,CAD,23,Weekday,Amex,Credit,0,1,59,3,1
8365,CA,AUD,1,Weekday,MasterCard,Debit,1,1,46,5,1
5665,US,AUD,1,Weekend,Discover,Credit,1,1,51,8,1
2368,Other,USD,11,Weekday,MasterCard,Credit,1,0,60,10,0
1734,US,USD,16,Weekend,Discover,Debit,1,0,46,8,0
1131,Other,GBP,9,Weekday,MasterCard,Debit,1,0,22,0,0
4404,US,USD,9,Weekday,Discover,Debit,1,0,31,2,0
5141,US,CAD,0,Weekend,Amex,Credit,1,1,49,10,1
2680,Other,AUD,18,Weekend,Discover,Debit,1,0,51,5,0
7754,US,USD,0,Weekend,Amex,Credit,1,1,61,3,1
1733,CA,AUD,8,Weekend,Visa,Credit,1,0,57,12,0
2815,UK,AUD,11,Weekday,Visa,Credit,1,0,20,3,0
8540,Other,CAD,1,Weekend,Discover,Debit,1,1,49,9,1
6451,US,GBP,0,Weekend,Discover,Debit,1,1,35,10,1
1438,UK,AUD,14,Weekend,Visa,Debit,0,0,55,6,0
4369,Other,USD,17,Weekday,MasterCard,Credit,0,0,61,3,0
4032,UK,USD,17,Weekend,MasterCard,Debit,0,0,27,0,0
6997,Other,GBP,1,Weekend,MasterCard,Credit,1,1,18,2,1
5277,UK,USD,1,Weekend,Amex,Debit,1,1,70,12,1
515,AU,AUD,11,Weekend,Visa,Credit,0,0,20,9,0
3215,CA,CAD,16,Weekend,Amex,Credit,1,0,44,8,0
4784,Other,CAD,8,Weekday,Visa,Debit,1,0,58,1,0
4138,CA,GBP,13,Weekday,Discover,Debit,0,0,33,6,0
4057,AU,GBP,17,Weekday,Discover,Debit,1,0,39,1,0
5047,Other,CAD,23,Weekend,Amex,Credit,0,1,23,1,1
9404,CA,AUD,1,Weekend,Visa,Debit,1,1,30,12,1
3635,AU,AUD,9,Weekend,MasterCard,Debit,1,0,22,1,0
1360,CA,GBP,11,Weekend,Discover,Credit,1,0,32,11,0
981,AU,CAD,12,Weekend,MasterCard,Debit,1,0,47,0,0
7908,Other,CAD,0,Weekend,Amex,Debit,1,1,68,12,1
5224,UK,CAD,1,Weekend,Amex,Credit,1,1,32,12,1
1077,US,CAD,19,Weekday,Discover,Debit,1,0,68,1,0
7678,CA,GBP,0,Weekday,Amex,Credit,1,1,22,12,1
5151,AU,USD,23,Weekday,Amex,Credit,1,1,55,8,1
6411,Other,USD,23,Weekday,Amex,Credit,0,1,49,12,1
3695,US,USD,17,Weekend,Amex,Credit,0,0,35,9,0
5197,AU,CAD,23,Weekend,Discover,Credit,1,1,49,1,1
8473,Other,AUD,1,Weekend,Amex,Debit,0,1,56,0,1
9379,Other,GBP,23,Weekend,Discover,Debit,0,1,20,11,1
7478,CA,CAD,0,Weekday,Visa,Credit,1,1,23,11,1
1531,UK,GBP,12,Weekday,Amex,Debit,0,0,32,0,0
760,CA,GBP,11,Weekday,MasterCard,Debit,0,0,29,2,0
2767,AU,AUD,11,Weekend,MasterCard,Debit,0,0,46,4,0
1303,US,AUD,9,Weekend,Amex,Debit,0,0,41,12,0
8080,Other,CAD,1,Weekend,Amex,Credit,1,1,69,7,1
3207,AU,GBP,11,Weekend,Amex,Credit,0,0,34,2,0
8240,Other,CAD,23,Weekday,Amex,Credit,1,1,56,4,1
5273,Other,AUD,1,Weekday,Visa,Debit,1,1,70,11,1
8268,AU,CAD,23,Weekend,MasterCard,Credit,1,1,27,5,1
9888,UK,AUD,23,Weekday,Discover,Credit,1,1,44,8,1
8833,CA,AUD,0,Weekend,MasterCard,Debit,1,1,47,1,1
6805,US,GBP,1,Weekend,Visa,Debit,1,1,44,8,1
9638,Other,USD,23,Weekend,Discover,Credit,1,1,18,8,1
3697,Other,CAD,12,Weekday,Discover,Credit,1,0,66,4,0
8347,US,CAD,23,Weekend,Amex,Credit,1,1,36,6,1
555,CA,GBP,19,Weekday,MasterCard,Debit,1,0,31,1,0
353,US,CAD,19,Weekday,Visa,Debit,0,0,42,4,0
3944,Other,USD,12,Weekday,Amex,Credit,1,0,47,2,0
9475,US,USD,1,Weekend,Visa,Credit,1,1,24,5,1
4886,UK,CAD,10,Weekend,MasterCard,Debit,0,0,43,5,0
2292,UK,GBP,13,Weekday,MasterCard,Debit,1,0,20,5,0
8992,Other,GBP,1,Weekday,Visa,Debit,1,1,70,6,1
6353,AU,USD,0,Weekend,Visa,Debit,1,1,69,5,1
5196,US,USD,23,Weekend,Amex,Credit,0,1,35,11,1
6092,US,CAD,0,Weekday,Amex,Credit,1,1,25,12,1
5964,Other,USD,0,Weekday,Amex,Credit,0,1,63,0,1
4582,US,CAD,12,Weekday,Amex,Debit,0,0,54,2,0
9494,UK,USD,0,Weekday,MasterCard,Credit,1,1,22,6,1
9517,AU,USD,1,Weekend,Amex,Debit,1,1,24,2,1
7701,Other,CAD,0,Weekend,Visa,Debit,0,1,52,9,1
7970,AU,AUD,0,Weekend,Discover,Credit,1,1,67,0,1
6006,US,CAD,1,Weekend,Amex,Credit,0,1,22,9,1
7242,CA,USD,1,Weekend,MasterCard,Credit,1,1,46,2,1
776,AU,GBP,8,Weekend,Visa,Credit,0,0,28,6,0
2871,CA,CAD,17,Weekend,Amex,Credit,1,0,48,7,0
8379,AU,CAD,0,Weekday,Visa,Credit,1,1,56,4,1
2750,CA,CAD,19,Weekend,Amex,Credit,1,0,38,1,0
1777,US,USD,15,Weekday,Amex,Credit,1,0,59,3,0
2255,CA,CAD,11,Weekday,Visa,Credit,1,0,18,5,0
6057,Other,CAD,0,Weekend,Visa,Debit,1,1,66,2,1
3023,CA,CAD,11,Weekday,Visa,Credit,0,0,52,4,0
5609,Other,GBP,23,Weekend,Discover,Credit,1,1,56,6,1
6660,UK,CAD,1,Weekday,Discover,Credit,1,1,34,8,1
9599,US,AUD,1,Weekend,Visa,Credit,1,1,58,8,1
8382,UK,USD,0,Weekend,MasterCard,Credit,1,1,63,9,1
6335,Other,GBP,23,Weekday,Visa,Debit,1,1,70,6,1
4948,US,GBP,17,Weekday,MasterCard,Credit,0,0,19,1,0
5875,US,GBP,1,Weekday,Visa,Credit,1,1,47,11,1
1490,CA,CAD,12,Weekend,Discover,Debit,0,0,67,2,0
9066,AU,USD,1,Weekend,Amex,Debit,1,1,41,6,1
6855,Other,AUD,0,Weekday,Amex,Credit,1,1,36,11,1
9505,US,USD,1,Weekend,Visa,Credit,1,1,65,5,1
2062,Other,CAD,8,Weekend,Visa,Debit,0,0,26,9,0
1439,CA,CAD,10,Weekday,MasterCard,Debit,1,0,54,9,0
1447,UK,GBP,15,Weekend,Amex,Debit,1,0,61,10,0
9557,UK,AUD,1,Weekend,Discover,Credit,1,1,28,9,1
3541,US,GBP,10,Weekend,MasterCard,Debit,1,0,27,4,0
8348,AU,GBP,1,Weekend,Amex,Debit,1,1,52,4,1
3571,UK,USD,12,Weekday,Discover,Debit,1,0,31,5,0
9528,CA,AUD,23,Weekday,Amex,Debit,1,1,37,6,1
5578,Other,AUD,1,Weekend,MasterCard,Credit,1,1,33,8,1
5836,Other,CAD,0,Weekday,MasterCard,Credit,1,1,33,9,1
1268,UK,CAD,18,Weekday,Amex,Debit,0,0,54,5,0
3951,Other,CAD,12,Weekend,Amex,Credit,1,0,61,4,0
4778,CA,CAD,16,Weekend,MasterCard,Credit,1,0,61,12,0
6654,UK,USD,0,Weekend,Amex,Credit,1,1,63,1,1
362,CA,AUD,11,Weekend,Visa,Debit,1,0,43,6,0
465,US,AUD,8,Weekend,MasterCard,Debit,0,0,24,10,0
4221,US,AUD,17,Weekend,Discover,Credit,0,0,42,5,0
5041,Other,USD,0,Weekday,MasterCard,Credit,1,1,45,3,1
7670,UK,CAD,1,Weekend,Amex,Credit,1,1,55,2,1
7130,AU,AUD,0,Weekend,Visa,Credit,1,1,68,3,1
6547,Other,USD,0,Weekday,Discover,Debit,1,1,60,10,1
7267,UK,CAD,1,Weekend,Discover,Credit,1,1,22,7,1
8336,Other,AUD,1,Weekend,Amex,Credit,1,1,41,9,1
3513,CA,AUD,16,Weekday,MasterCard,Debit,0,0,22,12,0
3184,UK,AUD,19,Weekday,Visa,Debit,0,0,27,1,0
5985,Other,AUD,0,Weekend,Discover,Debit,1,1,52,10,1
6239,Other,USD,1,Weekend,Amex,Debit,1,1,20,5,1
6700,CA,GBP,23,Weekend,Visa,Credit,1,1,54,11,1
1474,CA,USD,19,Weekend,MasterCard,Credit,1,0,31,10,0
4334,US,CAD,8,Weekday,MasterCard,Debit,1,0,50,4,0
8267,AU,USD,23,Weekday,Discover,Debit,1,1,46,11,1
6488,Other,USD,23,Weekend,Amex,Credit,0,1,31,0,1
7009,AU,CAD,23,Weekday,Discover,Credit,1,1,43,11,1
4019,UK,USD,19,Weekday,MasterCard,Debit,1,0,25,9,0
459,US,AUD,17,Weekday,Visa,Credit,0,0,45,6,0
9416,US,USD,23,Weekend,Discover,Debit,1,1,40,6,1
9215,Other,USD,1,Weekday,Discover,Credit,1,1,18,5,1
8339,US,AUD,23,Weekend,Amex,Credit,1,1,42,10,1
1248,AU,AUD,10,Weekday,Amex,Credit,1,0,29,5,0
5524,Other,AUD,23,Weekday,Amex,Credit,0,1,61,3,1
3617,AU,GBP,19,Weekday,Amex,Credit,0,0,40,1,0
8694,Other,USD,0,Weekday,Amex,Debit,1,1,47,10,1
8125,UK,CAD,1,Weekday,Amex,Credit,1,1,32,9,1
7323,CA,USD,0,Weekend,MasterCard,Credit,1,1,46,2,1
9249,Other,CAD,23,Weekday,Amex,Credit,1,1,34,0,1
4399,UK,AUD,10,Weekend,Discover,Credit,1,0,33,4,0
1553,CA,GBP,10,Weekday,Discover,Debit,1,0,59,9,0
6321,Other,GBP,0,Weekend,Amex,Debit,1,1,60,0,1
1836,US,AUD,12,Weekend,Visa,Debit,1,0,67,9,0
7876,CA,AUD,23,Weekend,Visa,Credit,1,1,36,11,1
2641,US,AUD,13,Weekday,Discover,Credit,0,0,29,7,0
8437,CA,GBP,1,Weekend,Visa,Debit,1,1,23,9,1
2726,CA,GBP,14,Weekend,Discover,Debit,0,0,65,3,0
7197,Other,AUD,23,Weekend,Discover,Debit,1,1,27,3,1
8379,US,USD,23,Weekend,Amex,Credit,1,1,59,11,1
9481,AU,CAD,1,Weekend,Discover,Debit,1,1,55,1,1
7054,AU,GBP,1,Weekend,MasterCard,Credit,1,1,40,2,1
4600,US,AUD,9,Weekend,Discover,Debit,0,0,60,11,0
4327,AU,USD,9,Weekend,Amex,Credit,1,0,35,4,0
7269,Other,USD,0,Weekend,Amex,Debit,1,1,62,7,1
8844,Other,CAD,1,Weekend,Amex,Credit,1,1,69,7,1
5410,US,GBP,0,Weekday,Amex,Credit,1,1,37,12,1
1410,UK,USD,9,Weekday,Discover,Debit,0,0,49,12,0
7698,UK,USD,0,Weekend,Discover,Credit,1,1,52,12,1
9010,US,USD,0,Weekend,Visa,Credit,1,1,65,5,1
6467,AU,GBP,23,Weekday,Discover,Credit,1,1,67,12,1
475,AU,GBP,16,Weekend,Discover,Credit,0,0,68,12,0
2077,UK,CAD,17,Weekday,Amex,Debit,0,0,33,8,0
7044,AU,GBP,1,Weekend,Amex,Debit,1,1,45,9,1
8375,Other,AUD,23,Weekend,Discover,Credit,1,1,35,8,1
236,US,AUD,18,Weekday,Discover,Credit,1,0,32,2,0
4269,UK,CAD,13,Weekend,Amex,Debit,1,0,59,5,0
6377,Other,USD,0,Weekday,Discover,Credit,1,1,70,8,1
985,US,AUD,17,Weekday,Discover,Debit,0,0,40,2,0
5966,Other,GBP,0,Weekday,Amex,Credit,0,1,60,4,1
7193,US,GBP,23,Weekday,Discover,Credit,1,1,44,12,1
1460,CA,USD,14,Weekend,Amex,Debit,0,0,60,12,0
7667,Other,GBP,23,Weekday,Visa,Credit,1,1,19,10,1
1814,CA,USD,11,Weekday,Visa,Debit,1,0,41,12,0
2718,AU,CAD,10,Weekday,MasterCard,Credit,1,0,49,12,0
5646,Other,GBP,0,Weekend,Amex,Credit,1,1,70,7,1
199,UK,CAD,14,Weekday,Visa,Credit,1,0,36,12,0
7524,CA,CAD,0,Weekday,Visa,Credit,1,1,44,11,1
3718,AU,AUD,12,Weekday,Discover,Debit,1,0,54,9,0
1648,UK,USD,15,Weekend,Discover,Credit,0,0,18,12,0
1980,Other,USD,12,Weekday,MasterCard,Credit,0,0,46,7,0
6322,UK,GBP,0,Weekday,Visa,Credit,1,1,58,11,1
5918,UK,AUD,23,Weekend,Discover,Credit,1,1,62,5,1
2667,UK,USD,10,Weekday,MasterCard,Debit,1,0,68,5,0
9692,Other,AUD,1,Weekday,Discover,Credit,1,1,59,11,1
9654,AU,GBP,23,Weekend,Amex,Debit,1,1,36,1,1
3344,AU,GBP,15,Weekday,MasterCard,Credit,0,0,57,1,0
3842,UK,GBP,12,Weekday,MasterCard,Credit,1,0,42,12,0
9472,UK,GBP,1,Weekend,Amex,Debit,1,1,52,11,1
7292,Other,CAD,0,Weekend,MasterCard,Debit,1,1,61,4,1
6450,Other,CAD,1,Weekend,Amex,Debit,1,1,44,7,1
4539,Other,USD,13,Weekend,MasterCard,Credit,1,0,63,9,0
4137,CA,USD,11,Weekday,MasterCard,Credit,1,0,35,10,0
1593,Other,AUD,14,Weekend,Amex,Debit,1,0,64,7,0
9926,UK,AUD,23,Weekend,Discover,Credit,1,1,67,1,1
7066,Other,CAD,23,Weekday,Discover,Credit,1,1,57,9,1
8993,Other,USD,0,Weekend,MasterCard,Debit,1,1,66,11,1
3760,US,USD,9,Weekday,Amex,Debit,0,0,48,3,0
5853,CA,AUD,23,Weekend,Visa,Credit,1,1,24,8,1
5816,UK,AUD,1,Weekday,Visa,Credit,1,1,47,6,1
2739,AU,AUD,14,Weekend,Discover,Debit,0,0,59,3,0
5179,Other,CAD,1,Weekday,MasterCard,Credit,1,1,42,10,1
3711,UK,CAD,8,Weekday,Visa,Credit,1,0,64,6,0
8173,AU,GBP,1,Weekend,Amex,Debit,1,1,66,6,1
128,UK,USD,9,Weekend,Amex,Debit,0,0,28,5,0
184,UK,GBP,19,Weekend,MasterCard,Credit,1,0,32,2,0
9666,UK,CAD,1,Weekend,MasterCard,Debit,1,1,70,9,1
276,AU,AUD,11,Weekend,Visa,Credit,1,0,56,12,0
4560,CA,GBP,11,Weekend,Visa,Debit,1,0,66,4,0
4642,UK,USD,9,Weekday,Discover,Debit,1,0,61,3,0
3975,AU,CAD,17,Weekday,Discover,Credit,0,0,64,0,0
7691,US,AUD,0,Weekend,Amex,Credit,1,1,54,1,1
5046,Other,GBP,0,Weekday,Amex,Credit,1,1,42,12,1
3672,Other,GBP,15,Weekend,Visa,Debit,1,0,66,4,0
3684,US,CAD,12,Weekend,MasterCard,Credit,1,0,61,8,0
380,CA,AUD,17,Weekday,Visa,Credit,1,0,33,5,0
2373,AU,USD,9,Weekday,Amex,Credit,0,0,58,6,0
6329,CA,AUD,0,Weekend,Amex,Debit,1,1,45,5,1
1723,UK,GBP,10,Weekday,MasterCard,Credit,1,0,40,6,0
344,Other,CAD,17,Weekday,Visa,Credit,0,0,20,6,0
9746,CA,AUD,0,Weekday,Amex,Credit,1,1,42,6,1
9708,US,USD,23,Weekend,MasterCard,Credit,1,1,62,12,1
6714,AU,USD,23,Weekend,Visa,Debit,1,1,69,5,1
9017,Other,GBP,0,Weekend,Amex,Credit,1,1,45,4,1
9780,CA,AUD,1,Weekend,Amex,Credit,0,1,65,7,1
2155,AU,CAD,17,Weekday,Discover,Debit,1,0,56,7,0
7222,AU,CAD,1,Weekend,MasterCard,Debit,1,1,35,12,1
1107,AU,CAD,19,Weekend,MasterCard,Debit,0,0,22,8,0
4221,UK,USD,10,Weekday,Amex,Debit,1,0,50,5,0
7245,Other,GBP,1,Weekday,MasterCard,Debit,0,1,70,2,1
6947,AU,AUD,1,Weekday,Amex,Credit,1,1,40,7,1
5287,AU,GBP,1,Weekend,Visa,Debit,1,1,69,12,1
267,US,GBP,14,Weekend,MasterCard,Debit,0,0,20,0,0
9977,AU,GBP,0,Weekend,Visa,Debit,1,1,18,5,1
1057,US,USD,18,Weekday,Visa,Credit,1,0,64,8,0
473,US,CAD,14,Weekend,Amex,Debit,1,0,23,6,0
3843,UK,USD,10,Weekend,Amex,Credit,1,0,52,9,0
822,AU,CAD,19,Weekday,Visa,Debit,1,0,52,5,0
1599,AU,USD,12,Weekend,Visa,Credit,0,0,47,7,0
4633,UK,GBP,12,Weekday,Discover,Debit,0,0,57,0,0
1966,UK,GBP,11,Weekend,MasterCard,Debit,1,0,34,7,0
8769,AU,USD,23,Weekend,Visa,Credit,1,1,36,12,1
2854,Other,AUD,16,Weekday,Amex,Debit,1,0,49,10,0
5460,UK,AUD,0,Weekday,MasterCard,Credit,1,1,69,10,1
3778,AU,USD,8,Weekday,Amex,Debit,1,0,35,9,0
7091,AU,CAD,1,Weekday,Discover,Credit,1,1,21,9,1
8972,Other,USD,0,Weekend,MasterCard,Credit,1,1,20,12,1
4043,US,CAD,13,Weekend,MasterCard,Debit,1,0,44,9,0
9736,US,GBP,23,Weekend,Discover,Credit,1,1,29,10,1
4039,Other,USD,18,Weekend,Discover,Credit,1,0,35,2,0
908,Other,CAD,13,Weekend,MasterCard,Debit,1,0,29,7,0
982,US,AUD,8,Weekday,Amex,Credit,0,0,70,8,0
1616,Other,USD,13,Weekend,Amex,Debit,0,0,30,2,0
3239,Other,USD,18,Weekend,Discover,Debit,0,0,67,0,0
6792,UK,AUD,1,Weekend,MasterCard,Credit,1,1,47,9,1
5167,Other,CAD,0,Weekday,Discover,Credit,0,1,42,11,1
9376,AU,CAD,23,Weekend,Discover,Credit,1,1,47,11,1
8380,Other,GBP,23,Weekend,Amex,Credit,1,1,36,4,1
5646,US,GBP,1,Weekday,Amex,Credit,1,1,37,12,1
7567,US,CAD,0,Weekday,Amex,Credit,1,1,19,12,1
6954,CA,USD,23,Weekend,Amex,Credit,1,1,67,0,1
2295,Other,AUD,10,Weekend,Discover,Debit,1,0,27,1,0
698,AU,CAD,8,Weekend,Discover,Debit,0,0,61,10,0
337,UK,USD,19,Weekday,Visa,Credit,1,0,70,11,0
4990,US,GBP,9,Weekday,Discover,Credit,1,0,38,12,0
578,US,AUD,12,Weekend,Visa,Credit,0,0,52,5,0
4326,US,GBP,11,Weekend,Amex,Debit,0,0,45,11,0
6395,CA,GBP,23,Weekend,MasterCard,Credit,1,1,31,12,1
7462,Other,GBP,0,Weekend,Visa,Credit,1,1,25,3,1
8445,Other,USD,0,Weekday,Visa,Credit,1,1,24,4,1
6011,Other,GBP,0,Weekend,Amex,Credit,1,1,19,9,1
1767,AU,USD,9,Weekday,Discover,Debit,0,0,45,4,0
6975,AU,AUD,1,Weekend,Visa,Credit,1,1,68,3,1
3472,UK,AUD,12,Weekend,Visa,Debit,0,0,66,8,0
2135,CA,CAD,13,Weekend,Discover,Debit,0,0,23,9,0
7110,CA,USD,23,Weekday,MasterCard,Credit,1,1,55,6,1
3215,CA,CAD,9,Weekday,Visa,Debit,0,0,59,12,0
306,CA,AUD,18,Weekday,Visa,Credit,0,0,47,11,0
5151,Other,AUD,23,Weekend,Amex,Debit,1,1,61,3,1
4779,CA,GBP,9,Weekend,Visa,Debit,0,0,66,12,0
5100,Other,USD,1,Weekend,Amex,Debit,1,1,60,7,1
9528,Other,USD,1,Weekend,Visa,Credit,1,1,50,1,1
7513,US,AUD,23,Weekday,MasterCard,Credit,1,1,59,8,1
7003,US,USD,23,Weekend,Visa,Credit,1,1,53,7,1
4351,AU,AUD,13,Weekend,MasterCard,Debit,1,0,29,10,0
2999,CA,GBP,12,Weekday,Amex,Credit,0,0,63,8,0
9755,Other,AUD,23,Weekend,Discover,Credit,1,1,35,8,1
1985,Other,GBP,11,Weekend,Amex,Debit,1,0,18,1,0
7447,US,AUD,1,Weekend,Visa,Credit,1,1,58,8,1
393,US,CAD,9,Weekday,Amex,Debit,1,0,34,10,0
8347,CA,USD,1,Weekend,MasterCard,Credit,1,1,46,2,1
206,US,GBP,17,Weekday,Discover,Debit,1,0,40,5,0
5780,Other,CAD,1,Weekend,Visa,Credit,0,1,23,8,1
2691,CA,GBP,19,Weekend,Discover,Debit,0,0,30,0,0
6448,AU,CAD,1,Weekday,Amex,Credit,1,1,65,11,1
1830,Other,CAD,10,Weekend,Visa,Credit,1,0,63,3,0
8374,Other,GBP,1,Weekday,MasterCard,Credit,1,1,43,0,1
8476,Other,USD,23,Weekday,Discover,Credit,1,1,60,7,1
8382,AU,GBP,1,Weekday,Amex,Debit,1,1,58,11,1
8401,CA,CAD,1,Weekend,MasterCard,Credit,1,1,53,5,1
7878,UK,GBP,0,Weekend,Amex,Debit,1,1,51,1,1
1103,UK,GBP,10,Weekday,MasterCard,Debit,0,0,45,8,0
8843,US,GBP,0,Weekend,Discover,Debit,1,1,42,11,1
3688,AU,CAD,16,Weekend,Discover,Debit,1,0,38,5,0
7593,AU,AUD,1,Weekend,Amex,Debit,1,1,66,10,1
7913,US,CAD,0,Weekday,Amex,Credit,1,1,24,2,1
6765,Other,AUD,1,Weekend,Amex,Credit,1,1,41,8,1
377,Other,GBP,18,Weekday,Visa,Debit,1,0,55,9,0
8142,UK,CAD,1,Weekday,Amex,Debit,1,1,52,5,1
1185,AU,CAD,16,Weekday,MasterCard,Debit,1,0,47,5,0
7131,Other,AUD,23,Weekday,Discover,Credit,1,1,59,11,1
9067,US,USD,0,Weekend,Discover,Credit,1,1,46,2,1
6758,CA,CAD,0,Weekend,Amex,Debit,1,1,50,8,1
2066,Other,USD,13,Weekday,MasterCard,Debit,1,0,55,4,0
8605,Other,CAD,1,Weekday,Amex,Credit,1,1,68,0,1
6737,CA,GBP,0,Weekend,Visa,Credit,1,1,31,11,1
8089,Other,USD,1,Weekday,Discover,Debit,1,1,21,9,1
7941,US,GBP,23,Weekday,MasterCard,Credit,1,1,39,8,1
7714,UK,CAD,0,Weekend,Amex,Credit,1,1,21,12,1
1064,Other,USD,11,Weekend,Discover,Debit,0,0,56,2,0
5673,Other,USD,1,Weekend,Amex,Credit,0,1,31,0,1
6155,AU,USD,0,Weekday,Amex,Credit,1,1,55,8,1
7386,UK,CAD,0,Weekend,Visa,Credit,1,1,26,12,1
6250,UK,USD,1,Weekend,Discover,Debit,1,1,68,7,1
3056,US,CAD,12,Weekend,Discover,Debit,1,0,50,6,0
2880,US,GBP,12,Weekend,Amex,Credit,0,0,22,9,0
8709,Other,AUD,1,Weekday,Discover,Debit,1,1,32,12,1
8756,Other,AUD,1,Weekday,Visa,Credit,1,1,35,4,1
6624,Other,AUD,23,Weekend,Amex,Debit,0,1,29,10,1
5182,Other,AUD,1,Weekend,MasterCard,Credit,1,1,68,3,1
6652,Other,USD,1,Weekday,Discover,Credit,1,1,60,7,1
8494,AU,GBP,1,Weekend,Amex,Debit,1,1,52,4,1
949,AU,CAD,10,Weekend,Amex,Credit,0,0,45,9,0
4036,AU,AUD,11,Weekday,MasterCard,Debit,1,0,60,10,0
458,CA,GBP,9,Weekday,MasterCard,Credit,1,0,56,0,0
6390,Other,GBP,1,Weekend,Visa,Credit,1,1,19,5,1
7462,Other,AUD,0,Weekend,Visa,Credit,1,1,34,10,1
2366,UK,AUD,19,Weekend,MasterCard,Credit,0,0,53,4,0
5141,US,GBP,23,Weekend,Amex,Credit,1,1,35,9,1
5340,Other,AUD,23,Weekday,Visa,Credit,0,1,66,9,1
3905,Other,GBP,13,Weekday,Amex,Credit,0,0,68,0,0
2260,US,CAD,14,Weekday,Discover,Debit,0,0,53,7,0
7411,US,GBP,0,Weekend,Amex,Debit,1,1,43,4,1
8011,US,AUD,0,Weekday,MasterCard,Credit,1,1,21,3,1
7253,US,GBP,0,Weekend,Visa,Debit,1,1,44,2,1
5844,Other,CAD,23,Weekday,Amex,Credit,0,1,59,3,1
4895,Other,GBP,14,Weekday,MasterCard,Debit,0,0,59,11,0
4126,AU,CAD,10,Weekend,MasterCard,Debit,0,0,28,9,0
8494,UK,USD,23,Weekend,MasterCard,Credit,1,1,46,4,1
7516,Other,CAD,23,Weekday,Discover,Credit,1,1,26,7,1
9077,Other,GBP,23,Weekend,Visa,Debit,1,1,50,2,1
7997,UK,AUD,0,Weekday,MasterCard,Credit,1,1,69,10,1
9072,CA,USD,1,Weekend,Discover,Credit,1,1,53,5,1
173,UK,AUD,12,Weekend,Discover,Debit,0,0,63,7,0
1259,CA,AUD,19,Weekend,MasterCard,Debit,0,0,27,9,0
9133,Other,USD,23,Weekday,Amex,Debit,1,1,47,10,1
7261,CA,AUD,1,Weekday,MasterCard,Credit,1,1,49,8,1
9684,AU,CAD,23,Weekday,Amex,Credit,1,1,22,0,1
8428,Other,CAD,1,Weekend,Amex,Debit,1,1,68,12,1
9517,US,AUD,1,Weekend,MasterCard,Credit,1,1,47,5,1
2800,Other,AUD,13,Weekend,Visa,Credit,1,0,65,1,0
1917,UK,CAD,9,Weekday,Discover,Credit,0,0,31,8,0
8447,AU,AUD,1,Weekday,Discover,Credit,1,1,26,9,1
7342,CA,AUD,0,Weekday,Discover,Credit,1,1,34,12,1
9960,Other,AUD,23,Weekend,MasterCard,Debit,0,1,31,6,1
8625,AU,CAD,0,Weekday,Visa,Credit,1,1,60,6,1
700,Other,CAD,8,Weekend,Visa,Credit,0,0,36,7,0
519,Other,GBP,11,Weekend,Amex,Debit,1,0,30,2,0
6232,Other,USD,0,Weekend,MasterCard,Credit,1,1,30,12,1
6823,Other,USD,23,Weekend,Visa,Credit,1,1,37,2,1
1643,AU,CAD,13,Weekday,MasterCard,Debit,1,0,34,1,0
5091,Other,GBP,0,Weekday,MasterCard,Credit,1,1,34,8,1
8521,Other,GBP,1,Weekend,Amex,Credit,1,1,36,0,1
401,US,AUD,15,Weekday,Amex,Credit,0,0,68,0,0
5657,Other,USD,23,Weekend,Discover,Debit,0,1,31,1,1
5200,Other,CAD,1,Weekend,Amex,Debit,1,1,68,12,1
9147,UK,CAD,1,Weekend,Amex,Credit,1,1,38,8,1
5156,Other,AUD,23,Weekday,Visa,Debit,1,1,53,9,1
934,UK,CAD,15,Weekday,Discover,Credit,1,0,43,11,0
8879,UK,CAD,0,Weekend,MasterCard,Debit,1,1,70,9,1
6413,Other,AUD,0,Weekday,Visa,Credit,1,1,35,4,1
6704,Other,CAD,23,Weekday,Amex,Credit,0,1,52,7,1
1335,US,USD,16,Weekend,MasterCard,Debit,0,0,29,1,0
5273,CA,USD,1,Weekend,Visa,Credit,1,1,70,4,1
8786,Other,AUD,23,Weekend,Amex,Credit,1,1,39,0,1
7381,Other,AUD,0,Weekend,MasterCard,Credit,0,1,27,8,1
1692,Other,USD,17,Weekend,MasterCard,Credit,0,0,64,2,0
3714,Other,AUD,15,Weekday,Discover,Debit,1,0,65,7,0
6311,Other,GBP,23,Weekday,Visa,Debit,1,1,70,6,1
1652,CA,AUD,8,Weekend,MasterCard,Debit,0,0,19,7,0
5172,UK,CAD,1,Weekend,Visa,Credit,1,1,26,12,1
8321,CA,GBP,0,Weekend,MasterCard,Credit,1,1,59,5,1
247,CA,AUD,11,Weekend,Discover,Credit,0,0,67,9,0
9492,Other,AUD,1,Weekend,Visa,Credit,1,1,60,5,1
9192,US,CAD,1,Weekday,Amex,Debit,1,1,31,7,1
2406,AU,AUD,16,Weekend,MasterCard,Debit,1,0,44,5,0
9972,US,AUD,0,Weekday,MasterCard,Credit,1,1,27,4,1
5416,CA,AUD,23,Weekend,Amex,Credit,1,1,21,5,1
7604,US,AUD,23,Weekend,Amex,Credit,1,1,54,1,1
7672,AU,CAD,23,Weekday,MasterCard,Debit,1,1,27,11,1
9293,Other,CAD,23,Weekend,Amex,Credit,1,1,57,8,1
2981,US,AUD,15,Weekday,Visa,Credit,1,0,50,6,0
8675,UK,GBP,0,Weekday,Amex,Debit,1,1,70,8,1
406,Other,AUD,8,Weekend,Discover,Credit,0,0,67,7,0
9678,Other,CAD,23,Weekend,Amex,Credit,1,1,51,3,1
8731,Other,AUD,1,Weekday,Amex,Debit,1,1,62,7,1
2093,CA,GBP,15,Weekday,Amex,Credit,1,0,26,5,0
2234,Other,AUD,17,Weekday,Amex,Debit,1,0,32,0,0
1773,CA,AUD,12,Weekday,Visa,Credit,1,0,23,7,0
2017,CA,USD,11,Weekend,Visa,Credit,1,0,48,9,0
6616,Other,GBP,23,Weekday,MasterCard,Credit,0,1,54,10,1
6775,UK,GBP,1,Weekend,Discover,Credit,1,1,52,11,1
7359,UK,CAD,23,Weekday,Discover,Credit,1,1,34,8,1
8005,Other,CAD,1,Weekday,Amex,Credit,1,1,56,4,1
1778,UK,USD,16,Weekday,Discover,Debit,1,0,29,1,0
9946,Other,USD,23,Weekday,Visa,Debit,1,1,19,4,1
4748,CA,GBP,13,Weekend,Discover,Credit,1,0,43,3,0
571,AU,GBP,9,Weekend,MasterCard,Credit,0,0,42,10,0
5404,Other,AUD,0,Weekday,MasterCard,Debit,1,1,19,10,1
4036,Other,GBP,14,Weekday,Discover,Credit,1,0,44,0,0
7356,AU,AUD,0,Weekend,Discover,Credit,1,1,19,1,1
4472,AU,GBP,12,Weekend,Visa,Debit,1,0,33,0,0
7118,Other,GBP,1,Weekend,Amex,Credit,0,1,35,11,1
4891,UK,USD,8,Weekday,MasterCard,Debit,0,0,64,5,0
294,AU,AUD,14,Weekday,Amex,Debit,1,0,22,9,0
3289,UK,CAD,19,Weekday,Amex,Credit,0,0,33,3,0
2617,CA,AUD,13,Weekday,Discover,Credit,0,0,54,6,0
2425,US,CAD,19,Weekday,Amex,Debit,1,0,38,1,0
2262,UK,GBP,14,Weekday,Discover,Credit,0,0,33,1,0
2741,CA,GBP,14,Weekday,Amex,Credit,1,0,20,3,0
6181,UK,USD,1,Weekday,MasterCard,Credit,1,1,22,6,1
834,AU,GBP,18,Weekend,Amex,Credit,1,0,28,8,0
9194,Other,USD,0,Weekday,Amex,Debit,1,1,47,10,1
7704,AU,CAD,1,Weekend,Visa,Debit,1,1,24,3,1
3100,US,GBP,10,Weekday,MasterCard,Credit,1,0,65,12,0
5236,AU,USD,0,Weekend,MasterCard,Debit,1,1,46,5,1
272,CA,CAD,8,Weekend,Discover,Debit,0,0,55,0,0
2523,UK,AUD,14,Weekday,Visa,Credit,0,0,39,10,0
9302,US,USD,1,Weekend,Discover,Credit,1,1,23,10,1
4641,CA,GBP,12,Weekday,MasterCard,Debit,0,0,67,5,0
6480,CA,AUD,1,Weekend,Amex,Credit,0,1,65,7,1
9107,US,CAD,0,Weekend,Amex,Debit,1,1,23,6,1
9282,Other,CAD,1,Weekend,Visa,Debit,0,1,52,9,1
459,AU,USD,14,Weekday,Amex,Credit,0,0,38,5,0
6172,UK,AUD,1,Weekday,Discover,Credit,1,1,33,4,1
8195,Other,GBP,1,Weekend,Visa,Credit,0,1,60,0,1
5382,Other,AUD,0,Weekend,MasterCard,Debit,1,1,22,11,1
5146,US,CAD,0,Weekend,Discover,Credit,1,1,49,9,1
4730,AU,AUD,8,Weekday,Amex,Debit,1,0,66,1,0
5516,Other,AUD,0,Weekend,Discover,Debit,1,1,33,5,1
8845,Other,GBP,1,Weekend,Discover,Debit,0,1,20,11,1
4233,US,GBP,9,Weekend,MasterCard,Debit,1,0,47,2,0
3248,AU,AUD,17,Weekend,Visa,Debit,0,0,28,9,0
389,UK,AUD,11,Weekend,Discover,Credit,1,0,53,12,0
7915,Other,AUD,0,Weekday,Visa,Credit,1,1,41,5,1
1297,AU,GBP,8,Weekday,Amex,Credit,0,0,23,2,0
4880,AU,CAD,15,Weekend,Amex,Credit,1,0,42,8,0
1269,Other,USD,12,Weekday,MasterCard,Credit,0,0,47,4,0
3556,CA,AUD,11,Weekday,Discover,Credit,1,0,57,9,0
9799,CA,CAD,0,Weekend,Amex,Debit,1,1,25,10,1
5988,Other,GBP,23,Weekend,Visa,Credit,1,1,38,10,1
6919,US,USD,23,Weekend,Discover,Credit,1,1,23,2,1
5166,Other,CAD,0,Weekday,Amex,Debit,1,1,34,0,1
3401,UK,USD,10,Weekday,Amex,Credit,1,0,67,10,0
4272,Other,AUD,16,Weekday,Visa,Debit,1,0,21,3,0
7621,US,GBP,0,Weekend,Amex,Credit,1,1,24,10,1
9158,Other,AUD,0,Weekend,Amex,Credit,1,1,40,11,1
9232,Other,AUD,23,Weekend,Amex,Credit,1,1,30,1,1
5029,Other,AUD,1,Weekend,Amex,Credit,1,1,50,3,1
8789,US,USD,23,Weekend,Discover,Credit,1,1,23,2,1
1624,AU,AUD,13,Weekend,MasterCard,Debit,0,0,48,0,0
2233,UK,AUD,8,Weekend,Amex,Credit,1,0,62,10,0
693,CA,GBP,10,Weekend,Discover,Credit,0,0,61,8,0
4597,AU,CAD,15,Weekend,Discover,Credit,0,0,28,1,0
1483,AU,CAD,9,Weekday,Amex,Debit,0,0,55,3,0
4373,AU,AUD,17,Weekend,Visa,Debit,1,0,41,4,0
8284,Other,USD,1,Weekend,Visa,Debit,1,1,65,8,1
3518,CA,USD,16,Weekend,Amex,Debit,1,0,68,9,0
7436,Other,AUD,23,Weekend,Amex,Credit,0,1,65,11,1
7142,UK,GBP,0,Weekend,Amex,Debit,1,1,64,7,1
3719,US,CAD,16,Weekend,MasterCard,Debit,1,0,55,5,0
3136,AU,GBP,9,Weekday,Visa,Credit,1,0,44,10,0
8350,Other,CAD,0,Weekend,Amex,Credit,1,1,27,5,1
5161,Other,CAD,23,Weekday,Visa,Debit,1,1,67,4,1
5682,CA,AUD,0,Weekend,Amex,Debit,1,1,60,6,1
7914,Other,GBP,23,Weekday,Amex,Credit,1,1,49,12,1
8727,US,CAD,23,Weekend,Visa,Debit,1,1,26,6,1
2094,Other,CAD,14,Weekday,Discover,Debit,0,0,27,10,0
2654,US,USD,15,Weekday,Visa,Debit,1,0,58,4,0
5540,CA,GBP,1,Weekday,Visa,Credit,1,1,47,8,1
2699,UK,USD,11,Weekend,MasterCard,Credit,1,0,55,10,0
9153,AU,USD,0,Weekday,Amex,Credit,1,1,63,7,1
5021,UK,CAD,23,Weekend,Discover,Credit,0,1,45,12,1
6118,Other,CAD,0,Weekday,MasterCard,Debit,1,1,26,6,1
2316,Other,AUD,9,Weekday,Visa,Debit,1,0,29,11,0
3089,US,GBP,18,Weekday,Amex,Debit,0,0,36,5,0
6455,UK,GBP,23,Weekend,MasterCard,Debit,1,1,47,10,1
2007,UK,USD,10,Weekday,MasterCard,Debit,0,0,69,4,0
995,US,AUD,12,Weekend,Visa,Debit,1,0,38,4,0
5531,AU,AUD,23,Weekday,Amex,Credit,1,1,40,7,1
309,US,AUD,18,Weekday,MasterCard,Credit,0,0,25,8,0
1413,CA,GBP,12,Weekday,Visa,Credit,1,0,58,6,0
791,CA,AUD,10,Weekend,MasterCard,Credit,0,0,39,3,0
3109,Other,AUD,9,Weekday,Discover,Credit,0,0,18,1,0
800,CA,CAD,9,Weekend,Discover,Credit,0,0,22,11,0
8155,US,CAD,1,Weekend,Visa,Debit,1,1,18,9,1
1066,CA,AUD,19,Weekday,Discover,Debit,1,0,59,7,0
2789,CA,AUD,10,Weekend,Amex,Debit,1,0,20,8,0
4428,UK,GBP,14,Weekend,Discover,Debit,1,0,30,0,0
9352,Other,CAD,1,Weekday,Amex,Credit,1,1,27,0,1
8447,Other,AUD,1,Weekend,Amex,Credit,0,1,49,5,1
4359,UK,CAD,17,Weekday,Discover,Debit,0,0,25,11,0
1813,Other,AUD,14,Weekend,MasterCard,Credit,1,0,70,5,0
6978,UK,CAD,1,Weekend,Visa,Credit,1,1,42,0,1
2714,CA,GBP,9,Weekend,MasterCard,Credit,0,0,21,12,0
6172,UK,CAD,1,Weekday,Amex,Credit,1,1,32,9,1
3925,US,AUD,19,Weekday,Amex,Debit,1,0,32,12,0
8186,Other,USD,1,Weekend,Amex,Credit,1,1,30,9,1
9048,CA,CAD,23,Weekend,Discover,Credit,1,1,50,5,1
9152,AU,CAD,23,Weekday,Visa,Debit,1,1,59,10,1
2579,US,AUD,18,Weekday,Visa,Debit,1,0,65,4,0
1493,US,CAD,12,Weekend,Amex,Credit,1,0,29,12,0
2200,US,CAD,19,Weekend,Discover,Credit,1,0,62,2,0
5964,CA,CAD,23,Weekday,MasterCard,Credit,1,1,56,2,1
6855,Other,GBP,1,Weekend,Visa,Credit,1,1,19,5,1
9615,Other,AUD,23,Weekend,Amex,Credit,1,1,40,11,1
7404,Other,AUD,0,Weekday,Amex,Debit,1,1,31,2,1
5257,UK,AUD,0,Weekend,Amex,Debit,1,1,50,4,1
1735,US,USD,18,Weekend,MasterCard,Debit,1,0,58,9,0
7701,CA,CAD,0,Weekday,Visa,Credit,1,1,61,0,1
6789,Other,AUD,0,Weekday,MasterCard,Debit,1,1,31,2,1
8042,US,AUD,0,Weekend,MasterCard,Credit,1,1,65,1,1
9711,Other,AUD,1,Weekend,Visa,Debit,1,1,46,7,1
7978,AU,GBP,23,Weekend,Amex,Debit,1,1,31,2,1
6046,UK,USD,0,Weekday,Amex,Debit,1,1,59,12,1
3013,US,CAD,16,Weekend,Visa,Credit,1,0,20,11,0
8689,UK,GBP,23,Weekday,Visa,Credit,1,1,58,11,1
174,Other,USD,17,Weekday,Visa,Debit,0,0,35,1,0
4287,UK,GBP,12,Weekend,Discover,Credit,0,0,66,1,0
6389,US,GBP,0,Weekend,Visa,Debit,1,1,44,2,1
9155,AU,AUD,0,Weekend,Amex,Credit,0,1,57,12,1
9772,AU,GBP,0,Weekend,Amex,Debit,0,1,32,8,1
6081,AU,GBP,1,Weekday,Amex,Credit,0,1,32,9,1
8997,Other,AUD,23,Weekend,Discover,Debit,1,1,52,10,1
4414,AU,CAD,14,Weekend,MasterCard,Debit,1,0,68,2,0
8821,Other,USD,23,Weekday,MasterCard,Credit,1,1,52,0,1
3307,Other,CAD,18,Weekend,MasterCard,Credit,0,0,24,5,0
4307,UK,USD,17,Weekend,MasterCard,Credit,1,0,18,6,0
1682,Other,AUD,12,Weekend,Discover,Debit,0,0,25,9,0
1946,CA,AUD,15,Weekend,Visa,Credit,1,0,37,9,0
7175,UK,USD,0,Weekend,Amex,Debit,1,1,58,4,1
1588,UK,CAD,15,Weekday,Discover,Debit,1,0,46,7,0
5877,Other,CAD,23,Weekday,Amex,Credit,1,1,34,0,1
5209,UK,USD,0,Weekend,MasterCard,Credit,1,1,46,4,1
3018,AU,GBP,8,Weekday,Visa,Debit,1,0,50,3,0
8307,AU,GBP,23,Weekday,Visa,Credit,1,1,64,5,1
7671,US,CAD,0,Weekend,Visa,Credit,1,1,65,8,1
1656,AU,AUD,10,Weekday,Amex,Debit,1,0,70,8,0
1084,US,GBP,17,Weekday,Visa,Debit,1,0,37,5,0
9845,Other,CAD,0,Weekday,Amex,Credit,1,1,68,0,1
5658,Other,CAD,1,Weekday,Amex,Credit,0,1,52,7,1
6472,AU,GBP,1,Weekend,MasterCard,Credit,1,1,52,1,1
6866,CA,AUD,23,Weekday,Amex,Credit,1,1,35,10,1
4421,CA,USD,18,Weekday,MasterCard,Debit,0,0,42,7,0
9639,Other,AUD,23,Weekend,Discover,Debit,0,1,31,1,1
4590,AU,USD,17,Weekend,Visa,Debit,0,0,39,1,0
4366,CA,CAD,12,Weekend,Visa,Debit,1,0,65,10,0
4908,US,CAD,9,Weekday,Visa,Debit,1,0,42,9,0
458,US,GBP,19,Weekday,Visa,Debit,0,0,29,3,0
6841,Other,AUD,0,Weekday,Visa,Credit,1,1,63,6,1
7582,Other,GBP,23,Weekday,Amex,Credit,1,1,42,12,1
5999,US,CAD,23,Weekday,Discover,Credit,1,1,25,8,1
4937,AU,GBP,15,Weekday,Amex,Debit,0,0,67,1,0
8847,Other,USD,1,Weekday,Discover,Credit,1,1,45,0,1
1170,UK,GBP,8,Weekend,Amex,Credit,0,0,34,2,0
5681,CA,CAD,1,Weekend,MasterCard,Debit,1,1,67,11,1
2227,CA,CAD,16,Weekday,Discover,Credit,1,0,22,10,0
2713,AU,USD,8,Weekday,Discover,Debit,0,0,32,5,0
574,UK,USD,13,Weekend,Visa,Credit,1,0,38,5,0
5939,Other,AUD,1,Weekend,Amex,Debit,0,1,56,0,1
3189,UK,CAD,18,Weekend,MasterCard,Debit,1,0,59,9,0
5596,US,AUD,1,Weekday,Discover,Credit,1,1,20,6,1
3564,US,GBP,13,Weekend,Discover,Debit,1,0,23,6,0
5966,US,GBP,23,Weekday,Visa,Credit,1,1,47,11,1
6206,CA,USD,0,Weekend,Amex,Credit,1,1,60,12,1
9887,US,CAD,23,Weekday,Amex,Credit,1,1,19,12,1
4653,AU,CAD,8,Weekend,Amex,Credit,0,0,68,10,0
6346,US,CAD,1,Weekend,Amex,Credit,1,1,36,6,1
5532,Other,GBP,23,Weekend,MasterCard,Credit,0,1,40,9,1
9567,Other,USD,23,Weekend,Visa,Debit,1,1,65,8,1
4215,UK,USD,13,Weekday,Amex,Debit,0,0,22,7,0
9313,Other,CAD,1,Weekday,MasterCard,Credit,1,1,33,9,1
2318,AU,GBP,17,Weekday,Discover,Debit,1,0,27,5,0
1387,CA,CAD,16,Weekday,Visa,Debit,1,0,62,12,0
5396,AU,GBP,1,Weekend,Amex,Credit,1,1,43,11,1
2392,Other,CAD,15,Weekend,MasterCard,Debit,1,0,27,6,0
832,AU,GBP,11,Weekend,Discover,Credit,1,0,19,9,0
9873,Other,GBP,23,Weekday,MasterCard,Credit,1,1,51,11,1
9955,Other,USD,1,Weekend,Discover,Credit,1,1,53,10,1
8014,Other,GBP,0,Weekend,MasterCard,Credit,0,1,54,12,1
4406,Other,AUD,8,Weekday,Visa,Debit,0,0,32,0,0
7015,UK,USD,23,Weekend,MasterCard,Debit,1,1,54,5,1
9437,US,USD,23,Weekend,Amex,Credit,0,1,35,11,1
3643,AU,CAD,16,Weekday,Amex,Debit,1,0,24,4,0
8607,UK,AUD,23,Weekday,Amex,Credit,1,1,18,4,1
7471,UK,CAD,1,Weekday,Amex,Credit,1,1,43,4,1
1407,CA,GBP,11,Weekday,MasterCard,Credit,1,0,55,4,0
4660,AU,CAD,14,Weekend,MasterCard,Debit,1,0,57,3,0
8159,Other,GBP,23,Weekend,Discover,Debit,0,1,45,10,1
3562,UK,CAD,14,Weekday,Amex,Debit,0,0,63,5,0
2687,US,USD,12,Weekend,MasterCard,Debit,0,0,53,2,0
3631,CA,USD,17,Weekday,Amex,Credit,0,0,40,1,0
2908,AU,USD,13,Weekend,Discover,Debit,1,0,69,6,0
4419,CA,CAD,8,Weekend,Visa,Credit,1,0,39,12,0
3530,CA,USD,11,Weekday,MasterCard,Debit,1,0,41,5,0
2280,CA,CAD,14,Weekday,Amex,Debit,0,0,40,6,0
4918,UK,AUD,11,Weekday,Visa,Credit,1,0,23,7,0
9183,Other,AUD,1,Weekend,Amex,Credit,1,1,45,1,1
717,UK,USD,10,Weekend,Visa,Debit,0,0,39,3,0
9681,CA,AUD,23,Weekend,MasterCard,Debit,1,1,39,10,1
3599,US,USD,17,Weekday,MasterCard,Debit,0,0,18,6,0
9294,AU,AUD,1,Weekday,Visa,Credit,1,1,47,2,1
2025,UK,USD,13,Weekend,Visa,Debit,0,0,65,12,0
5361,UK,USD,23,Weekend,Visa,Credit,1,1,55,0,1
8994,Other,GBP,1,Weekend,Amex,Credit,1,1,36,0,1
202,CA,CAD,11,Weekday,Discover,Debit,0,0,39,4,0
2099,AU,CAD,18,Weekday,Visa,Debit,1,0,57,10,0
287,Other,CAD,11,Weekday,Discover,Credit,1,0,29,4,0
4968,US,USD,10,Weekend,MasterCard,Debit,0,0,33,10,0
5426,US,USD,0,Weekend,MasterCard,Credit,1,1,62,12,1
7107,US,CAD,1,Weekend,Discover,Credit,1,1,49,9,1
9778,AU,CAD,23,Weekday,Visa,Debit,1,1,59,10,1
6592,US,AUD,0,Weekend,Discover,Credit,1,1,51,8,1
8425,Other,AUD,23,Weekday,Discover,Credit,1,1,67,1,1
7136,UK,AUD,23,Weekend,Visa,Debit,1,1,24,9,1
3943,CA,AUD,11,Weekday,Visa,Debit,1,0,27,7,0
9696,Other,AUD,1,Weekday,Visa,Credit,0,1,66,9,1
7756,Other,AUD,1,Weekend,Visa,Debit,0,1,56,12,1
3637,AU,GBP,8,Weekday,MasterCard,Debit,1,0,64,8,0
2010,UK,GBP,15,Weekend,MasterCard,Credit,1,0,51,10,0
8920,Other,USD,23,Weekend,Amex,Debit,1,1,62,7,1
3858,CA,USD,12,Weekday,MasterCard,Debit,1,0,62,3,0
6559,AU,AUD,23,Weekend,Amex,Credit,0,1,63,6,1
3405,US,GBP,15,Weekday,Amex,Credit,1,0,47,9,0
6186,Other,USD,0,Weekday,Amex,Debit,1,1,31,12,1
7645,CA,AUD,0,Weekend,Amex,Debit,1,1,41,7,1
9020,AU,CAD,1,Weekday,Visa,Debit,1,1,59,10,1
9119,Other,AUD,1,Weekend,Discover,Debit,0,1,31,1,1
2908,Other,GBP,10,Weekday,Amex,Debit,1,0,44,8,0
9307,Other,USD,23,Weekend,MasterCard,Credit,1,1,20,12,1
1268,CA,USD,15,Weekday,Amex,Debit,1,0,50,11,0
4476,US,AUD,17,Weekend,MasterCard,Debit,0,0,48,10,0
4567,UK,CAD,8,Weekday,Discover,Debit,1,0,62,8,0
2428,CA,AUD,10,Weekday,Amex,Debit,1,0,57,11,0
8605,Other,AUD,1,Weekend,Amex,Debit,1,1,38,11,1
2061,Other,AUD,10,Weekend,Visa,Credit,0,0,22,3,0
7930,CA,USD,23,Weekend,Amex,Credit,1,1,60,12,1
485,UK,USD,17,Weekend,Discover,Credit,1,0,65,11,0
7532,AU,USD,23,Weekend,Visa,Credit,1,1,67,9,1
6777,CA,USD,0,Weekend,Amex,Debit,1,1,45,8,1
8730,UK,AUD,0,Weekend,MasterCard,Credit,1,1,47,9,1
5561,CA,CAD,0,Weekend,Amex,Debit,1,1,25,10,1
2438,US,CAD,15,Weekend,Discover,Debit,1,0,65,0,0
8184,Other,AUD,23,Weekday,Amex,Credit,1,1,36,11,1
4993,CA,GBP,16,Weekday,Visa,Credit,1,0,47,10,0
5801,Other,AUD,23,Weekend,Discover,Credit,0,1,57,0,1
9439,AU,GBP,0,Weekend,Visa,Credit,1,1,52,9,1
2534,AU,GBP,19,Weekend,Discover,Credit,0,0,43,3,0
2363,Other,GBP,19,Weekday,Amex,Credit,1,0,18,1,0
4601,AU,AUD,11,Weekend,MasterCard,Debit,0,0,44,8,0
4569,US,AUD,15,Weekday,MasterCard,Credit,1,0,52,9,0
648,Other,AUD,9,Weekday,Discover,Credit,0,0,56,12,0
7916,Other,USD,23,Weekday,Amex,Credit,1,1,40,10,1
9632,AU,GBP,1,Weekday,MasterCard,Credit,1,1,67,9,1
6760,Other,CAD,23,Weekday,Amex,Debit,0,1,50,4,1
3573,UK,USD,9,Weekday,Discover,Debit,0,0,55,7,0
5575,CA,CAD,0,Weekend,Amex,Credit,1,1,63,10,1
4653,AU,CAD,19,Weekday,MasterCard,Debit,0,0,35,4,0
7587,CA,CAD,23,Weekday,Amex,Debit,1,1,22,8,1
5679,AU,USD,1,Weekend,Visa,Credit,1,1,68,7,1
9814,UK,AUD,0,Weekend,Discover,Credit,1,1,28,9,1
9079,AU,USD,0,Weekday,Amex,Credit,1,1,63,7,1
5409,AU,AUD,0,Weekend,Amex,Credit,1,1,42,6,1
932,AU,AUD,11,Weekday,MasterCard,Debit,0,0,48,11,0
9254,Other,AUD,1,Weekend,Amex,Debit,1,1,24,9,1
3178,US,CAD,11,Weekend,Visa,Credit,1,0,44,12,0
5970,Other,AUD,0,Weekend,Amex,Credit,1,1,41,8,1
5413,Other,USD,0,Weekday,Discover,Debit,1,1,21,9,1
5036,AU,CAD,23,Weekday,MasterCard,Credit,1,1,36,6,1
6290,Other,GBP,1,Weekday,MasterCard,Credit,1,1,34,8,1
5169,UK,AUD,0,Weekday,Amex,Debit,1,1,34,1,1
983,CA,GBP,10,Weekend,Visa,Debit,1,0,29,0,0
6957,US,AUD,0,Weekday,Amex,Credit,1,1,37,9,1
8103,Other,CAD,1,Weekend,Amex,Credit,0,1,23,1,1
8160,AU,USD,1,Weekend,Amex,Credit,1,1,26,8,1
3047,US,GBP,13,Weekend,Discover,Credit,1,0,67,12,0
7372,US,CAD,0,Weekend,Amex,Credit,1,1,45,7,1
1831,AU,CAD,18,Weekend,MasterCard,Credit,1,0,70,11,0
1919,AU,AUD,9,Weekday,Discover,Debit,1,0,43,2,0
7670,CA,AUD,0,Weekday,Discover,Credit,1,1,49,2,1
7336,AU,CAD,23,Weekday,Discover,Credit,1,1,40,12,1
7761,US,USD,0,Weekend,Visa,Credit,1,1,36,7,1
7802,US,GBP,0,Weekend,Amex,Credit,1,1,35,8,1
6091,UK,USD,0,Weekend,Amex,Credit,1,1,63,1,1
3281,Other,AUD,14,Weekday,Amex,Debit,1,0,57,5,0
1924,US,AUD,15,Weekday,Discover,Debit,0,0,34,12,0
5573,US,AUD,0,Weekday,Discover,Credit,1,1,20,6,1
4747,UK,AUD,8,Weekend,Discover,Debit,1,0,67,10,0
2113,US,USD,11,Weekday,Amex,Debit,1,0,41,4,0
7161,UK,CAD,0,Weekday,Amex,Debit,1,1,19,6,1
4408,US,USD,19,Weekday,Visa,Debit,1,0,24,12,0
6892,Other,CAD,23,Weekend,Discover,Debit,1,1,49,9,1
7847,Other,USD,1,Weekend,Discover,Credit,1,1,39,10,1
6379,UK,GBP,23,Weekend,Amex,Debit,1,1,51,1,1
583,Other,AUD,18,Weekday,MasterCard,Credit,1,0,27,2,0
9822,US,AUD,0,Weekday,Amex,Debit,1,1,20,2,1
7681,AU,AUD,1,Weekend,MasterCard,Debit,1,1,21,7,1
7716,US,AUD,0,Weekday,Amex,Credit,1,1,22,8,1
841,CA,USD,18,Weekday,MasterCard,Credit,1,0,27,8,0
8025,Other,AUD,0,Weekend,Discover,Credit,1,1,34,3,1
9965,AU,GBP,23,Weekday,Amex,Debit,1,1,58,11,1
9529,CA,CAD,23,Weekday,Amex,Credit,1,1,70,6,1
4541,UK,CAD,9,Weekend,Amex,Credit,0,0,19,12,0
8989,Other,AUD,1,Weekend,Discover,Debit,1,1,54,6,1
2901,US,CAD,19,Weekday,Visa,Credit,1,0,52,5,0
5202,AU,CAD,1,Weekend,MasterCard,Credit,1,1,49,3,1
6531,CA,GBP,1,Weekend,Discover,Credit,1,1,53,8,1
8831,Other,GBP,1,Weekend,Amex,Credit,1,1,34,4,1
4455,UK,CAD,15,Weekend,Visa,Debit,0,0,60,7,0
5170,AU,GBP,0,Weekend,Amex,Debit,1,1,33,0,1
2080,US,AUD,17,Weekday,Visa,Credit,0,0,27,12,0
2309,AU,CAD,13,Weekday,Amex,Credit,0,0,64,11,0
9745,Other,GBP,0,Weekend,Amex,Credit,1,1,68,11,1
7507,UK,CAD,0,Weekend,Visa,Debit,1,1,58,10,1
2221,AU,USD,14,Weekend,Visa,Debit,1,0,57,6,0
2808,AU,AUD,15,Weekend,Amex,Credit,1,0,56,4,0
857,AU,GBP,13,Weekend,MasterCard,Credit,0,0,51,1,0
7454,CA,AUD,0,Weekend,MasterCard,Debit,1,1,30,8,1
9353,UK,GBP,1,Weekday,Visa,Credit,1,1,58,11,1
9509,CA,CAD,0,Weekday,Visa,Credit,1,1,44,11,1
8379,UK,USD,23,Weekend,Discover,Credit,1,1,29,2,1
251,Other,AUD,19,Weekday,Discover,Debit,1,0,27,10,0
942,UK,CAD,9,Weekday,Visa,Debit,1,0,37,1,0
562,Other,USD,8,Weekend,Discover,Credit,1,0,35,0,0
9851,Other,USD,23,Weekend,Discover,Credit,0,1,35,0,1
7537,Other,CAD,0,Weekday,Visa,Debit,1,1,63,6,1
8760,AU,USD,23,Weekend,Discover,Credit,1,1,35,5,1
8297,Other,AUD,0,Weekend,Visa,Debit,1,1,19,7,1
5616,Other,CAD,1,Weekday,Visa,Debit,1,1,56,2,1
8800,AU,USD,0,Weekday,MasterCard,Credit,1,1,37,10,1
7909,US,AUD,0,Weekday,Amex,Debit,1,1,20,2,1
7408,AU,CAD,1,Weekend,MasterCard,Debit,1,1,62,11,1
228,US,GBP,9,Weekday,Visa,Credit,0,0,69,1,0
4404,Other,USD,13,Weekend,Amex,Debit,1,0,52,10,0
6899,Other,AUD,1,Weekend,Amex,Credit,1,1,55,1,1
571,UK,AUD,18,Weekday,Discover,Debit,1,0,65,1,0
6782,CA,CAD,0,Weekend,MasterCard,Debit,1,1,18,10,1
233,CA,GBP,18,Weekday,Visa,Debit,1,0,69,11,0
9889,Other,CAD,1,Weekend,Visa,Debit,0,1,27,0,1
7136,Other,AUD,1,Weekday,MasterCard,Debit,1,1,27,6,1
2446,US,CAD,15,Weekday,MasterCard,Credit,1,0,26,2,0
9275,AU,CAD,23,Weekday,Amex,Credit,1,1,55,7,1
1838,AU,AUD,17,Weekday,Amex,Credit,1,0,37,0,0
7513,US,GBP,1,Weekend,Visa,Debit,1,1,44,2,1
1622,CA,GBP,16,Weekday,Visa,Debit,0,0,39,3,0
3189,Other,AUD,8,Weekend,Amex,Credit,1,0,69,8,0
5091,UK,USD,1,Weekday,Amex,Credit,1,1,34,10,1
7465,AU,USD,23,Weekend,Discover,Credit,1,1,35,5,1
2381,AU,AUD,15,Weekday,Discover,Credit,1,0,32,9,0
4460,US,CAD,18,Weekday,Visa,Credit,1,0,66,6,0
4837,UK,GBP,18,Weekend,Visa,Debit,1,0,49,0,0
2287,CA,CAD,12,Weekend,Discover,Credit,1,0,66,5,0
2583,Other,AUD,8,Weekend,Amex,Debit,1,0,69,0,0
8513,Other,GBP,0,Weekday,Visa,Credit,1,1,67,6,1
7195,Other,CAD,0,Weekend,Visa,Credit,1,1,32,3,1
6826,US,CAD,0,Weekend,Amex,Credit,0,1,22,9,1
2630,US,GBP,18,Weekday,Discover,Credit,1,0,32,7,0
8539,Other,AUD,0,Weekday,MasterCard,Debit,1,1,19,10,1
890,AU,CAD,8,Weekend,Visa,Credit,1,0,58,5,0
9485,Other,CAD,0,Weekday,Amex,Credit,1,1,68,0,1
3088,CA,AUD,12,Weekday,Amex,Debit,1,0,48,11,0
8188,US,GBP,0,Weekend,Visa,Debit,1,1,44,2,1
9311,AU,CAD,0,Weekend,Visa,Debit,1,1,24,3,1
8217,UK,USD,1,Weekend,Discover,Debit,1,1,68,7,1
609,CA,CAD,8,Weekday,Discover,Debit,1,0,28,0,0
3369,US,USD,14,Weekday,Visa,Credit,1,0,25,12,0
7061,Other,USD,23,Weekend,Amex,Credit,1,1,30,9,1
6880,Other,AUD,0,Weekend,MasterCard,Debit,1,1,22,11,1
6451,CA,GBP,1,Weekend,Visa,Credit,0,1,38,8,1
8856,US,GBP,0,Weekend,Visa,Credit,1,1,21,2,1
8052,CA,GBP,1,Weekend,MasterCard,Debit,1,1,48,3,1
1181,Other,USD,15,Weekend,Amex,Credit,0,0,28,2,0
5670,US,AUD,23,Weekend,Visa,Credit,1,1,58,8,1
7155,US,GBP,0,Weekend,Visa,Debit,1,1,44,8,1
8136,Other,AUD,0,Weekday,Discover,Credit,1,1,63,0,1
1896,US,GBP,14,Weekend,Discover,Credit,1,0,46,7,0
1474,CA,USD,16,Weekday,MasterCard,Credit,0,0,63,5,0
9600,UK,USD,0,Weekday,MasterCard,Credit,1,1,70,12,1
8779,Other,GBP,0,Weekday,Discover,Credit,0,1,69,7,1
4657,Other,USD,18,Weekend,MasterCard,Credit,1,0,58,7,0
3632,US,GBP,12,Weekday,Visa,Debit,0,0,60,10,0
7707,Other,GBP,0,Weekend,Amex,Debit,1,1,50,2,1
1350,CA,CAD,17,Weekend,MasterCard,Debit,0,0,64,5,0
2170,US,GBP,18,Weekend,Amex,Debit,1,0,20,0,0
8867,UK,USD,0,Weekday,MasterCard,Credit,1,1,70,12,1
5401,Other,USD,23,Weekend,Visa,Debit,1,1,37,11,1
9455,Other,AUD,1,Weekday,Visa,Debit,1,1,70,11,1
8821,UK,AUD,1,Weekend,Discover,Debit,1,1,67,11,1
9535,US,USD,1,Weekend,Amex,Credit,1,1,59,4,1
360,Other,GBP,11,Weekday,Discover,Credit,1,0,28,8,0
3520,US,CAD,18,Weekday,MasterCard,Credit,1,0,58,3,0
3477,UK,GBP,15,Weekend,Visa,Credit,1,0,45,5,0
1409,AU,CAD,11,Weekday,MasterCard,Credit,0,0,63,10,0
3875,Other,CAD,15,Weekday,Visa,Credit,0,0,60,2,0
2765,Other,AUD,15,Weekend,Visa,Credit,0,0,20,10,0
3849,Other,CAD,15,Weekend,Visa,Debit,1,0,35,5,0
3303,UK,GBP,12,Weekend,MasterCard,Credit,1,0,22,0,0
7709,AU,CAD,23,Weekend,Amex,Credit,1,1,35,9,1
2610,UK,GBP,14,Weekend,Visa,Debit,1,0,31,5,0
9772,US,GBP,1,Weekend,Discover,Credit,1,1,67,2,1
3846,US,CAD,18,Weekday,Visa,Credit,1,0,50,10,0
9247,Other,CAD,1,Weekend,MasterCard,Credit,1,1,47,5,1
9690,US,GBP,1,Weekend,Amex,Credit,1,1,38,3,1
5892,Other,GBP,1,Weekend,Visa,Credit,1,1,64,1,1
5211,CA,AUD,23,Weekday,MasterCard,Credit,1,1,49,8,1
4853,CA,AUD,10,Weekend,MasterCard,Debit,1,0,55,4,0
1346,AU,GBP,11,Weekday,MasterCard,Debit,0,0,25,4,0
222,CA,AUD,12,Weekend,Discover,Credit,1,0,23,10,0
2494,Other,GBP,13,Weekend,MasterCard,Credit,1,0,67,8,0
5013,Other,AUD,23,Weekday,Amex,Debit,0,1,40,6,1
1640,Other,AUD,17,Weekend,MasterCard,Debit,1,0,67,7,0
1900,UK,USD,9,Weekday,Visa,Credit,1,0,34,6,0
1383,US,GBP,17,Weekday,MasterCard,Debit,1,0,38,12,0
2556,CA,GBP,19,Weekend,MasterCard,Credit,0,0,54,7,0
8958,CA,AUD,0,Weekday,Amex,Debit,1,1,68,5,1
3592,US,USD,13,Weekday,Discover,Debit,1,0,64,5,0
6775,UK,CAD,23,Weekend,Amex,Credit,1,1,38,8,1
201,US,GBP,11,Weekend,MasterCard,Credit,1,0,34,2,0
7915,CA,CAD,1,Weekend,Discover,Credit,1,1,47,4,1
8988,CA,CAD,23,Weekday,Amex,Debit,1,1,22,8,1
2521,US,GBP,10,Weekend,Amex,Credit,0,0,44,10,0
377,CA,GBP,8,Weekday,Discover,Debit,1,0,32,6,0
1432,UK,USD,8,Weekend,Amex,Credit,1,0,50,1,0
4671,UK,USD,18,Weekday,Discover,Debit,1,0,54,1,0
4707,UK,GBP,11,Weekday,MasterCard,Credit,1,0,52,1,0
6327,US,CAD,0,Weekday,Amex,Credit,1,1,69,7,1
9103,US,AUD,1,Weekend,Discover,Credit,1,1,51,8,1
8463,CA,AUD,23,Weekend,Amex,Credit,0,1,38,3,1
5271,Other,CAD,1,Weekday,Discover,Credit,0,1,42,11,1
5590,AU,CAD,0,Weekday,Amex,Credit,1,1,22,0,1
8424,Other,CAD,0,Weekday,Amex,Debit,0,1,50,4,1
2500,UK,GBP,10,Weekday,Visa,Debit,1,0,20,5,0
3497,Other,USD,13,Weekday,Amex,Debit,1,0,18,2,0
9271,Other,AUD,0,Weekend,Visa,Credit,0,1,67,9,1
4968,Other,AUD,9,Weekend,Visa,Debit,1,0,32,4,0
2710,US,AUD,15,Weekend,Discover,Credit,1,0,65,9,0
7641,Other,GBP,1,Weekday,Visa,Debit,0,1,22,3,1
937,US,AUD,18,Weekend,Visa,Debit,1,0,68,12,0
5859,AU,GBP,23,Weekend,Amex,Debit,1,1,52,4,1
4195,Other,GBP,12,Weekday,MasterCard,Debit,1,0,28,3,0
8570,CA,GBP,0,Weekend,Amex,Credit,0,1,46,5,1
9608,AU,CAD,0,Weekend,Visa,Debit,1,1,42,11,1
4725,Other,USD,13,Weekend,Amex,Debit,1,0,27,10,0
569,US,GBP,13,Weekend,Visa,Credit,0,0,65,7,0
5774,Other,CAD,23,Weekday,Visa,Credit,1,1,50,12,1
2987,Other,GBP,12,Weekday,Discover,Credit,1,0,65,12,0
3850,CA,CAD,10,Weekend,Visa,Credit,0,0,67,10,0
8745,CA,AUD,23,Weekend,Visa,Debit,1,1,30,12,1
3164,CA,GBP,18,Weekday,MasterCard,Debit,0,0,29,9,0
6082,Other,GBP,23,Weekday,Amex,Debit,1,1,43,1,1
2100,CA,CAD,14,Weekend,Amex,Debit,1,0,62,8,0
1393,US,GBP,18,Weekday,MasterCard,Credit,1,0,27,9,0
8411,UK,AUD,1,Weekday,MasterCard,Credit,1,1,69,10,1
3673,CA,USD,15,Weekday,Discover,Debit,0,0,35,6,0
9675,AU,CAD,23,Weekend,Visa,Credit,1,1,29,7,1
2762,UK,CAD,14,Weekday,Discover,Credit,0,0,23,11,0
9524,UK,AUD,1,Weekend,Visa,Debit,1,1,24,9,1
6953,CA,CAD,0,Weekend,Amex,Debit,1,1,50,8,1
2012,US,GBP,19,Weekend,Visa,Credit,1,0,51,6,0
5470,CA,AUD,0,Weekday,Amex,Credit,1,1,61,11,1
1613,CA,GBP,14,Weekend,MasterCard,Credit,0,0,20,12,0
7739,Other,GBP,0,Weekday,Amex,Credit,1,1,42,12,1
8475,UK,CAD,1,Weekend,Visa,Credit,1,1,42,0,1
7968,US,CAD,1,Weekend,Amex,Credit,1,1,45,7,1
207,Other,USD,19,Weekday,Visa,Debit,1,0,20,8,0
8416,Other,AUD,23,Weekday,Amex,Credit,1,1,33,1,1
7181,AU,CAD,1,Weekday,Visa,Debit,1,1,59,10,1
6879,Other,USD,1,Weekday,MasterCard,Debit,1,1,35,10,1
7610,Other,USD,0,Weekend,Amex,Debit,1,1,34,12,1
5836,Other,AUD,23,Weekend,Amex,Credit,0,1,65,11,1
9580,US,CAD,23,Weekend,Amex,Credit,1,1,49,10,1
2104,CA,GBP,13,Weekend,Visa,Debit,1,0,70,8,0
5516,CA,GBP,1,Weekend,Amex,Debit,0,1,67,9,1
742,Other,CAD,9,Weekend,Amex,Credit,0,0,40,3,0
9906,AU,USD,0,Weekend,Amex,Credit,1,1,65,2,1
938,AU,USD,8,Weekday,Amex,Credit,1,0,37,11,0
7407,Other,USD,0,Weekend,Discover,Credit,0,1,30,3,1
8881,Other,AUD,1,Weekend,Visa,Credit,1,1,68,8,1
9499,UK,USD,23,Weekend,Discover,Credit,1,1,29,2,1
4403,Other,USD,11,Weekend,Visa,Debit,0,0,28,0,0
5789,Other,AUD,23,Weekday,Amex,Credit,1,1,30,4,1
9818,UK,USD,1,Weekend,Discover,Debit,1,1,31,2,1
2272,Other,CAD,14,Weekend,Amex,Debit,0,0,53,2,0
2551,CA,AUD,19,Weekday,Amex,Debit,1,0,32,11,0
2134,CA,CAD,8,Weekend,Discover,Debit,1,0,37,11,0
8359,Other,AUD,23,Weekend,Amex,Debit,1,1,56,9,1
8890,CA,USD,0,Weekday,Visa,Credit,1,1,58,9,1
1372,UK,AUD,14,Weekend,MasterCard,Debit,1,0,46,8,0
5456,UK,CAD,0,Weekend,Visa,Credit,1,1,42,0,1
2174,CA,USD,12,Weekday,Amex,Credit,1,0,62,7,0
785,UK,AUD,10,Weekend,Visa,Credit,0,0,70,1,0
4180,AU,USD,13,Weekday,Discover,Debit,1,0,65,0,0
3361,AU,CAD,17,Weekday,Visa,Debit,1,0,20,8,0
3373,UK,GBP,18,Weekend,MasterCard,Debit,1,0,40,10,0
8905,AU,USD,0,Weekend,Amex,Debit,1,1,41,6,1
9267,US,AUD,1,Weekday,Amex,Credit,1,1,22,8,1
9277,Other,AUD,0,Weekday,Amex,Credit,1,1,30,4,1
3714,AU,USD,17,Weekday,Discover,Debit,1,0,67,3,0
3262,CA,GBP,8,Weekend,MasterCard,Debit,0,0,63,1,0
3138,AU,CAD,15,Weekend,MasterCard,Debit,0,0,28,4,0
1622,CA,USD,18,Weekend,Visa,Credit,0,0,47,5,0
3576,Other,CAD,11,Weekday,Discover,Credit,0,0,52,12,0
9065,Other,AUD,0,Weekend,Visa,Credit,0,1,67,9,1
578,Other,USD,17,Weekday,MasterCard,Credit,1,0,28,12,0
7613,UK,USD,1,Weekend,MasterCard,Credit,1,1,46,4,1
8595,AU,AUD,23,Weekend,Visa,Credit,1,1,34,9,1
4629,CA,GBP,9,Weekend,MasterCard,Debit,1,0,54,11,0
6139,Other,CAD,1,Weekend,Visa,Credit,1,1,64,12,1
6460,CA,USD,0,Weekend,MasterCard,Credit,1,1,68,1,1
6123,AU,GBP,23,Weekday,MasterCard,Credit,1,1,67,9,1
1361,Other,USD,16,Weekday,Discover,Debit,1,0,23,3,0
5234,Other,USD,0,Weekend,Visa,Debit,1,1,65,8,1
6127,AU,AUD,0,Weekday,Visa,Credit,1,1,66,5,1
7629,Other,CAD,1,Weekend,Amex,Debit,1,1,68,12,1
9244,CA,GBP,23,Weekday,MasterCard,Credit,1,1,28,0,1
1003,UK,AUD,15,Weekend,MasterCard,Debit,1,0,31,7,0
7972,CA,USD,0,Weekday,Amex,Debit,1,1,19,5,1
838,Other,GBP,19,Weekend,Discover,Debit,1,0,21,0,0
7159,Other,CAD,0,Weekend,Discover,Credit,0,1,40,2,1
6466,CA,AUD,1,Weekend,Amex,Credit,1,1,18,4,1
4590,CA,GBP,16,Weekend,MasterCard,Credit,1,0,55,1,0
1416,US,USD,12,Weekend,Discover,Credit,1,0,61,0,0
8057,UK,GBP,0,Weekend,MasterCard,Debit,1,1,47,10,1
4203,US,CAD,15,Weekend,Discover,Credit,0,0,48,10,0
264,Other,GBP,15,Weekday,MasterCard,Debit,1,0,62,3,0
6731,UK,CAD,0,Weekday,Amex,Debit,1,1,19,0,1
742,US,GBP,14,Weekend,MasterCard,Credit,1,0,43,9,0
5642,Other,GBP,1,Weekday,Discover,Credit,1,1,70,4,1
4812,AU,AUD,16,Weekend,Discover,Debit,0,0,36,8,0
6156,CA,CAD,23,Weekend,MasterCard,Debit,1,1,18,10,1
8345,CA,AUD,1,Weekend,Amex,Debit,1,1,25,8,1
4776,UK,GBP,12,Weekend,Visa,Debit,0,0,35,12,0
9646,AU,AUD,23,Weekend,Amex,Credit,0,1,57,12,1
8503,CA,USD,0,Weekend,MasterCard,Debit,1,1,64,5,1
990,Other,USD,14,Weekday,MasterCard,Debit,1,0,19,12,0
9003,Other,CAD,0,Weekday,Discover,Credit,1,1,57,9,1
9536,US,GBP,23,Weekday,Amex,Credit,1,1,46,7,1
512,CA,USD,16,Weekday,Discover,Credit,1,0,39,6,0
5256,Other,GBP,23,Weekday,Visa,Credit,1,1,19,10,1
786,Other,AUD,18,Weekday,Discover,Credit,1,0,25,6,0
5489,CA,AUD,1,Weekend,Discover,Credit,1,1,48,9,1
3124,AU,CAD,10,Weekend,Discover,Credit,0,0,42,9,0
1517,CA,CAD,15,Weekend,Amex,Debit,1,0,26,7,0
7982,Other,AUD,0,Weekday,Discover,Credit,1,1,42,3,1
2983,UK,AUD,12,Weekday,Amex,Debit,1,0,48,2,0
5444,Other,USD,23,Weekday,Visa,Debit,1,1,60,12,1
3371,AU,CAD,14,Weekday,Discover,Credit,1,0,46,2,0
6889,Other,USD,1,Weekend,Amex,Debit,1,1,32,7,1
5628,Other,GBP,0,Weekend,Discover,Credit,1,1,51,5,1
2549,CA,CAD,15,Weekend,Discover,Credit,1,0,55,2,0
2105,UK,AUD,8,Weekday,Visa,Credit,0,0,28,3,0
9038,Other,GBP,0,Weekend,Amex,Credit,1,1,27,4,1
638,Other,USD,13,Weekday,MasterCard,Credit,1,0,19,12,0
1743,CA,GBP,13,Weekday,Discover,Credit,0,0,57,0,0
5171,CA,AUD,23,Weekday,MasterCard,Credit,1,1,49,8,1
8755,CA,GBP,1,Weekend,Amex,Debit,0,1,67,9,1
6673,Other,GBP,0,Weekend,Visa,Credit,1,1,64,1,1
6676,AU,AUD,0,Weekend,Amex,Credit,0,1,54,7,1
6029,AU,CAD,0,Weekend,MasterCard,Debit,1,1,70,0,1
1191,Other,GBP,13,Weekday,Visa,Debit,0,0,53,2,0
7919,AU,CAD,23,Weekend,Visa,Debit,1,1,42,11,1
2208,CA,AUD,19,Weekday,MasterCard,Debit,1,0,32,1,0
1741,CA,GBP,9,Weekend,Visa,Credit,1,0,62,0,0
8546,UK,GBP,23,Weekday,Amex,Debit,1,1,70,8,1
1796,US,GBP,10,Weekend,Amex,Credit,1,0,25,2,0
4612,CA,CAD,18,Weekday,MasterCard,Debit,0,0,19,11,0
9477,Other,AUD,0,Weekday,MasterCard,Debit,1,1,56,11,1
929,Other,USD,19,Weekend,Amex,Debit,1,0,53,11,0
6518,Other,USD,1,Weekday,Amex,Debit,1,1,47,10,1
6032,US,CAD,0,Weekend,Visa,Debit,1,1,18,9,1
5072,Other,CAD,1,Weekday,Visa,Credit,0,1,32,2,1
7705,UK,USD,1,Weekend,Amex,Debit,1,1,18,4,1
6921,UK,USD,23,Weekend,Discover,Debit,1,1,31,2,1
9910,Other,CAD,23,Weekend,MasterCard,Debit,1,1,24,0,1
3353,AU,USD,18,Weekday,Amex,Debit,1,0,62,10,0
9067,US,GBP,1,Weekday,Visa,Credit,1,1,47,11,1
8305,Other,USD,0,Weekday,Amex,Credit,0,1,59,6,1
9116,UK,AUD,0,Weekend,MasterCard,Credit,1,1,47,9,1
1121,AU,GBP,10,Weekday,Visa,Credit,1,0,28,11,0
513,AU,GBP,19,Weekend,Visa,Credit,1,0,50,8,0
9283,US,AUD,0,Weekend,MasterCard,Debit,1,1,66,4,1
5200,US,CAD,23,Weekend,Amex,Credit,1,1,46,6,1
8898,US,GBP,23,Weekday,Visa,Credit,1,1,41,10,1
3753,UK,USD,19,Weekend,Discover,Debit,0,0,52,7,0
601,AU,AUD,14,Weekday,Discover,Credit,1,0,44,6,0
6953,US,CAD,23,Weekday,Discover,Credit,1,1,25,8,1
3185,Other,CAD,18,Weekday,MasterCard,Debit,0,0,40,10,0
2489,CA,USD,10,Weekend,MasterCard,Credit,0,0,28,12,0
5457,Other,AUD,1,Weekday,Visa,Credit,1,1,35,4,1
6840,AU,CAD,1,Weekday,Amex,Debit,1,1,61,5,1
4771,CA,USD,15,Weekend,MasterCard,Credit,1,0,23,6,0
7744,US,AUD,0,Weekday,Discover,Credit,1,1,47,3,1
3377,US,USD,14,Weekend,MasterCard,Debit,0,0,34,5,0
3831,UK,USD,17,Weekend,Visa,Credit,0,0,47,6,0
4914,AU,AUD,8,Weekend,Discover,Credit,1,0,51,8,0
9798,US,CAD,23,Weekday,Discover,Credit,1,1,65,6,1
1915,CA,GBP,14,Weekday,Amex,Credit,0,0,70,3,0
9508,UK,AUD,23,Weekend,Visa,Debit,1,1,64,2,1
6818,Other,USD,23,Weekend,Amex,Debit,0,1,69,8,1
1492,UK,GBP,12,Weekend,Amex,Credit,0,0,68,2,0
4837,Other,USD,18,Weekend,Discover,Credit,1,0,61,6,0
5035,CA,AUD,0,Weekend,MasterCard,Debit,1,1,39,10,1
7333,Other,USD,0,Weekday,Amex,Credit,0,1,63,0,1
878,UK,GBP,12,Weekend,Amex,Debit,0,0,70,9,0
4482,UK,CAD,11,Weekend,MasterCard,Debit,0,0,47,4,0
3308,AU,USD,17,Weekday,Discover,Credit,0,0,33,12,0
8301,CA,AUD,1,Weekend,Discover,Credit,1,1,45,7,1
6378,Other,GBP,0,Weekend,Discover,Credit,1,1,56,6,1
990,US,GBP,11,Weekend,Amex,Credit,1,0,24,0,0
310,UK,AUD,17,Weekend,Visa,Debit,1,0,65,3,0
7647,AU,USD,0,Weekend,Amex,Credit,1,1,28,7,1
796,AU,CAD,13,Weekday,Amex,Credit,1,0,34,8,0
5879,Other,CAD,1,Weekend,MasterCard,Credit,1,1,41,8,1
7903,AU,AUD,23,Weekend,Visa,Credit,1,1,34,9,1
3826,CA,GBP,10,Weekend,Amex,Debit,1,0,47,11,0
8862,US,AUD,23,Weekend,Discover,Credit,1,1,60,6,1
8159,Other,CAD,23,Weekend,MasterCard,Credit,0,1,26,2,1
9589,Other,AUD,0,Weekday,Amex,Credit,1,1,62,6,1
8116,CA,USD,1,Weekend,MasterCard,Credit,1,1,46,2,1
3737,UK,CAD,13,Weekday,Discover,Debit,1,0,59,9,0
2829,UK,CAD,15,Weekday,Visa,Credit,1,0,26,4,0
8058,Other,AUD,1,Weekday,MasterCard,Debit,1,1,19,10,1
879,AU,GBP,16,Weekend,Amex,Credit,0,0,24,4,0
2212,US,GBP,12,Weekday,Discover,Credit,1,0,46,9,0
8912,Other,USD,23,Weekend,Amex,Credit,1,1,43,0,1
5981,Other,AUD,23,Weekend,MasterCard,Credit,0,1,24,0,1
2022,CA,CAD,17,Weekday,Amex,Credit,1,0,66,6,0
410,US,USD,9,Weekday,Amex,Credit,0,0,61,0,0
320,AU,AUD,18,Weekday,Amex,Credit,1,0,46,8,0
7183,Other,USD,23,Weekday,Amex,Debit,1,1,64,9,1
2267,AU,GBP,16,Weekday,MasterCard,Debit,1,0,60,8,0
2351,US,AUD,17,Weekday,MasterCard,Credit,1,0,19,11,0
4337,UK,CAD,16,Weekend,MasterCard,Credit,1,0,30,3,0
2891,US,AUD,12,Weekday,Visa,Debit,0,0,24,11,0
2137,UK,AUD,10,Weekend,Discover,Credit,1,0,33,9,0
714,CA,AUD,12,Weekday,Discover,Credit,0,0,62,0,0
6962,Other,CAD,1,Weekend,MasterCard,Debit,1,1,50,4,1
4952,US,AUD,8,Weekend,Discover,Credit,1,0,60,10,0
6594,Other,USD,23,Weekday,Visa,Debit,1,1,19,4,1
7564,US,USD,1,Weekend,Visa,Credit,1,1,36,7,1
8549,US,AUD,23,Weekday,Discover,Credit,1,1,36,7,1
9879,Other,CAD,1,Weekend,Amex,Credit,1,1,44,5,1
2742,UK,CAD,8,Weekday,MasterCard,Debit,1,0,58,11,0
9913,Other,AUD,1,Weekday,Visa,Credit,1,1,35,4,1
7441,AU,GBP,0,Weekend,MasterCard,Credit,1,1,24,4,1
6840,US,USD,0,Weekend,Amex,Credit,0,1,35,11,1
6591,UK,CAD,23,Weekend,Visa,Credit,1,1,42,0,1
7181,Other,AUD,0,Weekend,Discover,Credit,1,1,34,3,1
8763,US,CAD,1,Weekend,Amex,Debit,0,1,64,2,1
2475,UK,GBP,17,Weekday,Visa,Debit,0,0,63,5,0
7591,AU,USD,23,Weekday,Amex,Credit,1,1,55,6,1
8393,Other,GBP,1,Weekend,Amex,Debit,1,1,37,1,1
3784,UK,AUD,10,Weekend,Discover,Debit,1,0,56,2,0
3234,AU,CAD,15,Weekday,Visa,Credit,0,0,26,9,0
8423,Other,AUD,1,Weekend,Amex,Debit,1,1,24,9,1
8311,Other,GBP,0,Weekend,Discover,Debit,0,1,20,11,1
640,UK,CAD,18,Weekend,MasterCard,Debit,1,0,19,0,0
1694,Other,CAD,18,Weekend,Discover,Credit,1,0,59,4,0
2411,US,GBP,11,Weekend,Visa,Debit,0,0,32,7,0
7482,AU,USD,23,Weekday,MasterCard,Credit,1,1,37,10,1
988,AU,AUD,12,Weekday,MasterCard,Credit,1,0,50,5,0
595,UK,GBP,18,Weekday,Amex,Debit,1,0,61,8,0
3311,Other,AUD,19,Weekend,Visa,Credit,0,0,50,0,0
2805,UK,USD,13,Weekend,MasterCard,Credit,1,0,22,4,0
1089,US,CAD,11,Weekday,Amex,Credit,1,0,35,3,0
4867,CA,USD,13,Weekend,Visa,Debit,1,0,21,12,0
5365,Other,USD,23,Weekday,Visa,Credit,1,1,63,6,1
5323,AU,GBP,23,Weekday,Visa,Credit,1,1,32,11,1
5542,CA,AUD,23,Weekday,Discover,Credit,1,1,49,2,1
956,UK,AUD,11,Weekday,Visa,Credit,1,0,60,7,0
4017,CA,CAD,18,Weekday,Discover,Debit,1,0,50,1,0
859,UK,AUD,19,Weekend,MasterCard,Debit,0,0,62,4,0
2972,Other,AUD,19,Weekday,Amex,Credit,1,0,44,7,0
3204,Other,CAD,9,Weekend,Visa,Debit,0,0,53,0,0
129,Other,GBP,14,Weekday,Discover,Debit,1,0,34,8,0
6401,AU,USD,0,Weekend,MasterCard,Debit,1,1,25,4,1
4940,US,USD,8,Weekday,MasterCard,Debit,1,0,20,0,0
9197,Other,CAD,0,Weekend,Amex,Credit,1,1,27,0,1
8596,UK,USD,0,Weekday,MasterCard,Credit,1,1,22,6,1
6705,US,CAD,0,Weekday,Amex,Credit,1,1,24,2,1
1387,UK,CAD,13,Weekday,Visa,Debit,0,0,65,8,0
2351,AU,CAD,14,Weekday,Amex,Credit,1,0,32,6,0
9648,Other,AUD,0,Weekday,Amex,Debit,1,1,62,7,1
8787,US,CAD,1,Weekend,Amex,Credit,0,1,26,10,1
9378,Other,USD,23,Weekend,Amex,Debit,1,1,67,6,1
4267,AU,USD,16,Weekday,Amex,Credit,1,0,37,5,0
588,CA,GBP,14,Weekend,Amex,Debit,1,0,66,2,0
307,US,GBP,14,Weekday,Visa,Debit,0,0,41,1,0
3608,US,AUD,17,Weekday,MasterCard,Debit,1,0,46,0,0
6688,US,USD,1,Weekend,MasterCard,Credit,1,1,62,12,1
3207,US,USD,13,Weekday,MasterCard,Credit,0,0,47,12,0
6706,US,USD,23,Weekend,Amex,Credit,1,1,48,12,1
2861,Other,GBP,19,Weekend,Visa,Credit,0,0,45,6,0
9258,Other,USD,1,Weekend,Amex,Credit,1,1,62,1,1
7523,Other,USD,23,Weekday,MasterCard,Credit,1,1,36,9,1
6482,Other,GBP,1,Weekday,Discover,Credit,1,1,23,1,1
3964,AU,CAD,19,Weekend,Visa,Credit,0,0,68,8,0
8447,AU,CAD,23,Weekend,Visa,Credit,1,1,29,7,1
2691,CA,GBP,17,Weekday,Amex,Debit,1,0,47,4,0
2399,US,USD,17,Weekend,MasterCard,Debit,0,0,60,1,0
733,US,CAD,14,Weekend,Amex,Credit,1,0,61,5,0
5182,UK,GBP,23,Weekend,MasterCard,Debit,1,1,47,10,1
2425,UK,USD,10,Weekday,MasterCard,Credit,0,0,38,7,0
8076,US,USD,1,Weekend,MasterCard,Debit,1,1,69,9,1
6475,Other,GBP,0,Weekend,Visa,Credit,0,1,60,0,1
2863,AU,USD,18,Weekday,Discover,Debit,0,0,66,7,0
3646,UK,AUD,13,Weekend,Amex,Debit,1,0,42,2,0
4423,CA,GBP,18,Weekday,Discover,Credit,1,0,54,7,0
4181,UK,CAD,10,Weekend,MasterCard,Debit,1,0,67,8,0
1830,US,CAD,16,Weekday,Visa,Credit,1,0,37,1,0
9969,Other,CAD,23,Weekend,Amex,Credit,0,1,23,1,1
9146,UK,GBP,23,Weekend,Visa,Credit,1,1,37,4,1
5463,US,USD,1,Weekend,Discover,Debit,1,1,40,6,1
8185,US,AUD,1,Weekend,MasterCard,Credit,1,1,30,0,1
4610,UK,USD,18,Weekend,Visa,Debit,0,0,49,5,0
897,Other,GBP,10,Weekday,MasterCard,Debit,1,0,49,0,0
7434,US,USD,23,Weekend,Visa,Credit,1,1,60,1,1
5326,CA,GBP,1,Weekend,Amex,Debit,1,1,20,6,1
6096,UK,AUD,23,Weekday,Visa,Credit,1,1,34,10,1
7170,AU,USD,1,Weekend,Amex,Credit,1,1,52,12,1
5831,UK,CAD,0,Weekend,Visa,Credit,1,1,42,0,1
9087,Other,AUD,1,Weekday,Discover,Credit,1,1,63,0,1
7612,AU,CAD,0,Weekend,Amex,Credit,1,1,69,7,1
2039,UK,GBP,16,Weekend,Visa,Credit,0,0,62,3,0
943,UK,GBP,8,Weekend,Discover,Debit,0,0,70,12,0
8748,Other,AUD,1,Weekend,Amex,Credit,0,1,49,5,1
6549,Other,AUD,1,Weekend,Visa,Credit,1,1,67,1,1
3179,US,GBP,8,Weekend,Amex,Debit,1,0,59,11,0
9557,US,AUD,1,Weekend,Discover,Debit,1,1,23,12,1
3516,CA,GBP,9,Weekend,Discover,Credit,1,0,68,11,0
8026,Other,USD,1,Weekday,Discover,Credit,1,1,45,11,1
5768,Other,AUD,1,Weekday,Discover,Credit,1,1,59,11,1
7410,Other,AUD,23,Weekend,Amex,Credit,1,1,50,3,1
652,Other,GBP,14,Weekend,MasterCard,Debit,0,0,36,11,0
3417,AU,CAD,9,Weekend,Amex,Debit,1,0,23,5,0
2129,Other,GBP,14,Weekday,MasterCard,Credit,1,0,49,12,0
5390,Other,GBP,23,Weekend,Amex,Credit,0,1,70,1,1
8275,Other,USD,23,Weekday,Discover,Credit,1,1,45,11,1
9409,Other,GBP,0,Weekend,MasterCard,Credit,1,1,18,2,1
9766,US,GBP,23,Weekend,Amex,Credit,1,1,19,6,1
9166,CA,USD,1,Weekend,Amex,Credit,1,1,60,12,1
7015,CA,CAD,0,Weekend,Amex,Debit,1,1,50,8,1
9250,Other,AUD,23,Weekday,Visa,Credit,0,1,66,9,1
6627,CA,AUD,1,Weekday,Amex,Debit,1,1,68,5,1
3268,US,CAD,11,Weekday,MasterCard,Credit,1,0,54,5,0
3808,UK,CAD,14,Weekend,Discover,Credit,1,0,36,0,0
9428,CA,GBP,23,Weekday,Amex,Credit,1,1,38,4,1
4364,AU,USD,14,Weekday,Visa,Debit,0,0,24,3,0
5593,Other,AUD,0,Weekend,MasterCard,Credit,0,1,27,8,1
3295,Other,CAD,12,Weekday,MasterCard,Credit,0,0,30,4,0
323,CA,USD,18,Weekend,Visa,Debit,0,0,34,3,0
1878,UK,GBP,10,Weekend,Discover,Credit,0,0,45,12,0
6831,UK,CAD,1,Weekend,MasterCard,Credit,1,1,51,7,1
118,UK,AUD,9,Weekend,Visa,Debit,1,0,27,0,0
2431,Other,CAD,10,Weekend,Discover,Debit,1,0,63,12,0
6300,US,GBP,1,Weekend,Amex,Debit,1,1,58,7,1
171,US,USD,10,Weekday,MasterCard,Credit,1,0,43,6,0
7976,Other,AUD,1,Weekend,Visa,Credit,1,1,67,1,1
7716,Other,CAD,1,Weekday,Amex,Credit,1,1,58,6,1
8151,AU,CAD,23,Weekday,Visa,Debit,1,1,55,5,1
9812,AU,AUD,0,Weekday,Visa,Credit,1,1,47,2,1
8065,Other,AUD,0,Weekday,Visa,Credit,0,1,66,9,1
2184,UK,GBP,14,Weekend,MasterCard,Debit,1,0,67,1,0
1590,Other,GBP,11,Weekend,MasterCard,Debit,1,0,28,6,0
8519,US,CAD,1,Weekday,Discover,Credit,1,1,25,8,1
1378,CA,GBP,18,Weekend,Visa,Credit,0,0,65,4,0
1271,CA,USD,18,Weekend,MasterCard,Debit,0,0,44,0,0
6757,Other,CAD,1,Weekday,Amex,Credit,0,1,42,6,1
7870,Other,CAD,0,Weekday,Visa,Debit,1,1,63,6,1
3348,Other,AUD,9,Weekday,Discover,Debit,0,0,21,11,0
4009,CA,AUD,16,Weekend,Discover,Credit,1,0,63,7,0
9853,CA,AUD,0,Weekday,Amex,Credit,1,1,61,11,1
3617,Other,USD,9,Weekend,Visa,Credit,0,0,45,1,0
4916,US,AUD,17,Weekend,Discover,Credit,1,0,28,8,0
7209,US,CAD,0,Weekend,Amex,Debit,1,1,25,1,1
6959,Other,AUD,0,Weekend,Amex,Credit,1,1,67,10,1
8436,UK,CAD,0,Weekend,Visa,Credit,1,1,42,0,1
2336,UK,USD,18,Weekend,MasterCard,Debit,1,0,57,9,0
5020,UK,AUD,1,Weekend,Discover,Credit,1,1,64,10,1
5872,US,CAD,0,Weekday,Amex,Credit,1,1,24,2,1
3071,AU,USD,18,Weekend,Visa,Credit,0,0,57,3,0
1989,CA,USD,8,Weekend,MasterCard,Debit,1,0,67,2,0
4242,UK,USD,12,Weekend,Discover,Credit,0,0,50,4,0
5884,Other,CAD,23,Weekday,Visa,Debit,1,1,67,4,1
334,Other,USD,14,Weekday,Discover,Debit,1,0,45,10,0
1931,UK,GBP,8,Weekday,MasterCard,Credit,0,0,27,11,0
7858,Other,AUD,1,Weekday,Visa,Credit,1,1,35,4,1
6453,Other,CAD,23,Weekday,Amex,Credit,1,1,57,4,1
3951,UK,AUD,16,Weekday,Discover,Credit,1,0,32,12,0
6143,CA,AUD,1,Weekend,Amex,Debit,1,1,60,6,1
1949,US,USD,13,Weekend,Visa,Credit,1,0,69,8,0
868,UK,CAD,19,Weekday,Visa,Credit,1,0,61,0,0
5858,CA,AUD,1,Weekday,Discover,Credit,1,1,70,2,1
8751,CA,CAD,1,Weekday,Amex,Debit,1,1,22,8,1
6719,AU,USD,23,Weekday,Discover,Debit,1,1,46,11,1
4528,US,CAD,16,Weekday,Visa,Debit,1,0,46,7,0
3176,Other,CAD,12,Weekend,Amex,Debit,1,0,70,3,0
9258,UK,GBP,1,Weekend,Visa,Debit,1,1,35,11,1
7343,US,CAD,0,Weekend,Visa,Credit,1,1,25,6,1
8915,Other,AUD,1,Weekend,Amex,Credit,0,1,49,11,1
4948,Other,AUD,19,Weekend,MasterCard,Credit,1,0,31,10,0
9812,UK,CAD,1,Weekday,Amex,Credit,1,1,32,9,1
8848,Other,GBP,0,Weekday,Amex,Credit,1,1,65,6,1
3372,CA,CAD,14,Weekday,MasterCard,Credit,0,0,22,8,0
4452,UK,USD,15,Weekend,Visa,Credit,1,0,34,12,0
6836,CA,AUD,23,Weekend,Visa,Credit,1,1,62,1,1
5400,Other,CAD,23,Weekday,Discover,Credit,1,1,24,11,1
8453,AU,USD,0,Weekday,Amex,Credit,1,1,55,6,1
8441,Other,CAD,0,Weekend,Amex,Debit,1,1,27,11,1
8632,UK,AUD,1,Weekend,Discover,Credit,1,1,64,10,1
2098,CA,CAD,16,Weekend,Discover,Credit,0,0,56,9,0
9761,Other,CAD,0,Weekday,Visa,Debit,1,1,67,4,1
5450,US,AUD,23,Weekend,MasterCard,Debit,1,1,63,11,1
7393,Other,GBP,1,Weekend,Visa,Credit,0,1,60,0,1
7278,Other,USD,23,Weekend,Amex,Debit,1,1,67,6,1
7353,AU,GBP,0,Weekend,Amex,Debit,1,1,36,1,1
3019,AU,CAD,18,Weekday,Visa,Debit,1,0,65,8,0
3967,AU,USD,16,Weekend,Discover,Credit,0,0,52,2,0
5213,Other,CAD,23,Weekday,Discover,Credit,1,1,57,9,1
1615,CA,GBP,9,Weekend,Amex,Debit,1,0,38,7,0
6204,AU,CAD,23,Weekend,MasterCard,Debit,1,1,35,12,1
3933,UK,USD,15,Weekday,Amex,Credit,1,0,67,12,0
8565,Other,GBP,23,Weekday,MasterCard,Credit,1,1,34,8,1
6871,Other,GBP,23,Weekend,Amex,Credit,0,1,35,11,1
8200,UK,CAD,23,Weekend,Discover,Debit,1,1,58,4,1
4420,UK,USD,12,Weekday,MasterCard,Credit,0,0,33,8,0
2806,UK,GBP,17,Weekday,Amex,Debit,1,0,44,9,0
4923,AU,AUD,15,Weekend,MasterCard,Credit,1,0,70,10,0
7339,AU,GBP,23,Weekend,Visa,Credit,1,1,18,12,1
3472,CA,AUD,8,Weekday,Amex,Credit,0,0,33,12,0
4575,US,AUD,13,Weekday,Amex,Credit,1,0,65,2,0
4456,CA,USD,9,Weekend,Visa,Credit,1,0,34,0,0
1376,AU,USD,16,Weekend,Visa,Debit,0,0,51,9,0
7045,CA,USD,0,Weekend,Visa,Credit,1,1,70,4,1
877,UK,USD,19,Weekday,Visa,Credit,0,0,46,1,0
6995,AU,GBP,0,Weekday,Visa,Credit,1,1,32,11,1
1458,CA,AUD,15,Weekend,Discover,Credit,1,0,52,1,0
8338,Other,GBP,1,Weekday,Discover,Debit,1,1,46,9,1
6054,AU,USD,23,Weekend,Amex,Credit,1,1,52,12,1
4403,AU,USD,17,Weekday,Visa,Debit,1,0,24,0,0
8003,CA,AUD,23,Weekday,Discover,Credit,1,1,34,12,1
8868,Other,USD,0,Weekend,MasterCard,Credit,1,1,20,12,1
6761,AU,CAD,23,Weekday,MasterCard,Credit,1,1,36,6,1
2192,US,USD,13,Weekday,Visa,Credit,1,0,54,8,0
4775,UK,USD,15,Weekend,Visa,Credit,1,0,62,5,0
8126,Other,AUD,1,Weekend,Amex,Debit,0,1,41,3,1
9649,US,CAD,0,Weekday,Amex,Credit,1,1,23,9,1
3629,UK,USD,14,Weekday,Discover,Credit,1,0,18,11,0
6991,Other,AUD,0,Weekday,Visa,Debit,0,1,49,8,1
7507,US,AUD,0,Weekday,Discover,Credit,1,1,36,7,1
2043,Other,GBP,18,Weekday,Discover,Debit,0,0,40,6,0
945,UK,CAD,9,Weekday,MasterCard,Credit,0,0,70,11,0
3005,UK,AUD,10,Weekend,Discover,Credit,1,0,21,7,0
4950,US,CAD,13,Weekday,Discover,Debit,0,0,36,11,0
9546,Other,AUD,0,Weekday,Discover,Debit,1,1,52,8,1
5524,Other,GBP,0,Weekend,MasterCard,Credit,1,1,54,6,1
6355,US,CAD,0,Weekend,Visa,Credit,1,1,65,5,1
5489,Other,AUD,1,Weekday,Amex,Credit,1,1,70,5,1
5223,UK,AUD,1,Weekend,Amex,Debit,1,1,43,10,1
7197,US,AUD,1,Weekend,Amex,Debit,1,1,67,6,1
3013,Other,USD,17,Weekend,Visa,Credit,0,0,58,9,0
7538,AU,GBP,0,Weekend,Amex,Debit,1,1,33,0,1
8793,UK,USD,1,Weekend,Discover,Debit,1,1,31,2,1
5334,Other,CAD,1,Weekday,Visa,Credit,1,1,42,6,1
9606,US,CAD,0,Weekend,Visa,Debit,1,1,26,6,1
6181,AU,GBP,23,Weekend,Discover,Debit,1,1,57,2,1
3623,AU,AUD,10,Weekend,Visa,Credit,0,0,63,8,0
4214,CA,GBP,19,Weekend,Visa,Credit,0,0,57,7,0
5844,UK,CAD,0,Weekday,Amex,Debit,1,1,56,3,1
905,AU,USD,16,Weekend,Visa,Debit,1,0,38,7,0
2962,CA,GBP,19,Weekend,Discover,Debit,0,0,48,12,0
2354,Other,USD,18,Weekday,Visa,Debit,1,0,50,11,0
1932,US,CAD,8,Weekend,Amex,Credit,0,0,61,0,0
3735,Other,GBP,10,Weekend,MasterCard,Credit,1,0,35,2,0
3082,UK,CAD,11,Weekday,Visa,Debit,0,0,48,5,0
3719,AU,USD,11,Weekend,Discover,Credit,0,0,53,0,0
5506,Other,GBP,1,Weekend,Amex,Debit,1,1,20,3,1
8286,Other,AUD,23,Weekend,Discover,Debit,1,1,33,5,1
4825,UK,GBP,8,Weekend,Discover,Debit,0,0,53,0,0
9078,AU,CAD,1,Weekday,MasterCard,Credit,1,1,48,2,1
8292,US,GBP,1,Weekday,Amex,Credit,1,1,46,7,1
532,US,USD,9,Weekday,MasterCard,Debit,1,0,29,6,0
9593,Other,CAD,0,Weekday,MasterCard,Credit,0,1,56,12,1
3216,Other,USD,12,Weekend,Visa,Credit,0,0,28,6,0
6307,US,CAD,23,Weekend,Amex,Debit,1,1,25,12,1
5254,AU,GBP,0,Weekday,Visa,Credit,1,1,64,5,1
4249,UK,USD,15,Weekday,Discover,Credit,0,0,62,6,0
1076,UK,CAD,16,Weekend,Discover,Credit,1,0,27,12,0
365,Other,GBP,10,Weekend,Visa,Credit,0,0,36,5,0
1241,CA,CAD,11,Weekend,Visa,Debit,1,0,42,7,0
6255,Other,USD,23,Weekend,Amex,Credit,1,1,62,1,1
9555,Other,AUD,1,Weekday,MasterCard,Debit,1,1,56,11,1
5026,CA,CAD,0,Weekend,Visa,Credit,1,1,24,1,1
609,AU,USD,12,Weekday,MasterCard,Credit,1,0,64,1,0
2517,CA,CAD,15,Weekday,Discover,Credit,1,0,18,8,0
724,Other,AUD,19,Weekend,Visa,Credit,1,0,29,3,0
1093,CA,AUD,10,Weekend,MasterCard,Debit,0,0,30,5,0
7808,CA,AUD,0,Weekend,Visa,Credit,1,1,62,1,1
8841,UK,GBP,23,Weekday,Amex,Debit,1,1,57,7,1
3373,Other,USD,15,Weekday,Discover,Credit,0,0,44,4,0
7095,CA,GBP,1,Weekend,Visa,Credit,0,1,38,8,1
4831,UK,AUD,13,Weekend,Visa,Credit,0,0,65,10,0
6788,Other,CAD,1,Weekday,Amex,Credit,0,1,57,8,1
9015,UK,USD,0,Weekend,Amex,Debit,1,1,59,9,1
6161,Other,CAD,1,Weekend,Amex,Credit,0,1,36,5,1
6396,Other,AUD,0,Weekend,Amex,Debit,0,1,56,0,1
2924,CA,AUD,17,Weekday,Discover,Credit,0,0,53,12,0
6531,AU,USD,1,Weekend,Amex,Credit,1,1,28,7,1
3448,Other,USD,19,Weekend,Visa,Credit,0,0,39,2,0
193,US,USD,9,Weekend,Discover,Debit,1,0,34,5,0
2916,Other,GBP,13,Weekend,Amex,Debit,1,0,40,11,0
5419,Other,CAD,1,Weekend,Amex,Debit,1,1,44,7,1
840,US,CAD,15,Weekday,Discover,Credit,0,0,70,5,0
7301,Other,GBP,0,Weekend,Visa,Credit,0,1,66,2,1
9505,Other,USD,23,Weekend,Visa,Credit,1,1,50,1,1
8642,AU,GBP,0,Weekend,Amex,Debit,1,1,36,1,1
3859,Other,AUD,14,Weekday,MasterCard,Credit,1,0,22,6,0
2802,US,CAD,18,Weekday,Discover,Credit,1,0,22,1,0
3318,CA,GBP,8,Weekday,MasterCard,Debit,1,0,41,7,0
4644,AU,CAD,19,Weekend,Amex,Credit,0,0,58,9,0
541,Other,AUD,8,Weekend,MasterCard,Debit,0,0,67,6,0
6351,Other,CAD,1,Weekday,Visa,Credit,1,1,61,2,1
9069,CA,AUD,1,Weekday,Visa,Credit,1,1,68,12,1
1231,CA,GBP,13,Weekday,MasterCard,Debit,1,0,37,0,0
9196,Other,AUD,0,Weekend,MasterCard,Credit,0,1,27,8,1
5879,Other,GBP,1,Weekday,Visa,Credit,1,1,39,2,1
1572,CA,USD,9,Weekend,MasterCard,Debit,1,0,50,4,0
4506,AU,GBP,19,Weekday,Discover,Credit,0,0,36,1,0
5648,AU,CAD,0,Weekday,Amex,Credit,1,1,37,12,1
6937,Other,CAD,0,Weekend,Amex,Debit,1,1,69,3,1
7090,CA,CAD,0,Weekday,Visa,Credit,1,1,23,11,1
9019,Other,CAD,0,Weekend,Discover,Debit,1,1,49,9,1
1781,UK,GBP,18,Weekend,MasterCard,Debit,1,0,58,9,0
5558,UK,AUD,23,Weekday,Discover,Credit,1,1,44,8,1
7456,UK,CAD,0,Weekday,Amex,Debit,1,1,19,0,1
7731,Other,AUD,23,Weekday,Discover,Credit,1,1,59,11,1
210,AU,CAD,16,Weekend,Amex,Debit,0,0,66,12,0
8648,US,GBP,0,Weekend,MasterCard,Credit,1,1,61,1,1
7045,Other,AUD,23,Weekday,Discover,Credit,1,1,59,11,1
1257,US,USD,19,Weekday,MasterCard,Credit,0,0,19,5,0
7540,Other,USD,0,Weekend,Amex,Debit,1,1,32,7,1
2825,UK,USD,19,Weekday,Discover,Credit,0,0,53,7,0
386,US,USD,14,Weekday,Discover,Debit,0,0,40,0,0
9503,US,CAD,23,Weekday,Amex,Credit,1,1,69,7,1
5080,US,AUD,0,Weekday,Amex,Credit,1,1,37,9,1
7218,AU,GBP,0,Weekend,Amex,Debit,0,1,32,8,1
3256,AU,CAD,14,Weekend,MasterCard,Credit,0,0,54,6,0
3318,AU,GBP,19,Weekend,MasterCard,Credit,1,0,66,2,0
9933,Other,GBP,0,Weekend,Visa,Credit,1,1,38,10,1
7396,AU,AUD,1,Weekend,Visa,Credit,0,1,65,7,1
8549,CA,AUD,23,Weekend,Visa,Credit,1,1,36,11,1
3070,AU,CAD,18,Weekday,Amex,Debit,0,0,35,3,0
5553,Other,CAD,1,Weekend,Amex,Credit,1,1,27,5,1
2185,CA,AUD,13,Weekend,Visa,Credit,1,0,67,1,0
4443,AU,USD,18,Weekday,Amex,Debit,1,0,44,5,0
8806,CA,GBP,23,Weekend,MasterCard,Debit,1,1,54,0,1
9233,UK,AUD,23,Weekend,Discover,Debit,1,1,67,11,1
6359,Other,GBP,0,Weekend,Discover,Credit,1,1,42,12,1
266,AU,CAD,14,Weekday,Discover,Debit,1,0,57,10,0
7876,US,CAD,0,Weekend,Amex,Debit,0,1,65,6,1
3338,US,AUD,10,Weekend,Amex,Debit,0,0,34,2,0
8243,US,CAD,0,Weekday,Amex,Debit,1,1,30,9,1
1968,Other,CAD,14,Weekday,MasterCard,Debit,1,0,63,4,0
3477,UK,GBP,10,Weekday,MasterCard,Debit,0,0,28,4,0
9051,Other,GBP,1,Weekday,Discover,Credit,1,1,70,4,1
6570,AU,USD,0,Weekday,Amex,Credit,1,1,55,6,1
2525,UK,USD,18,Weekend,Discover,Debit,1,0,50,9,0
4881,AU,USD,14,Weekday,Amex,Debit,0,0,34,3,0
1951,AU,AUD,15,Weekend,Amex,Debit,0,0,32,5,0
7198,US,CAD,0,Weekend,Amex,Debit,1,1,23,6,1
9126,Other,GBP,1,Weekday,Amex,Credit,1,1,65,6,1
4498,Other,GBP,13,Weekend,Discover,Debit,0,0,22,10,0
7978,Other,USD,1,Weekday,Amex,Credit,0,1,47,9,1
4954,US,GBP,16,Weekend,Discover,Debit,0,0,38,9,0
6723,Other,CAD,1,Weekday,Amex,Credit,1,1,56,4,1
6843,US,USD,23,Weekend,Discover,Credit,1,1,46,2,1
1102,Other,AUD,17,Weekend,MasterCard,Credit,0,0,32,0,0
3516,UK,GBP,11,Weekend,MasterCard,Credit,1,0,53,12,0
305,UK,GBP,10,Weekday,Discover,Debit,0,0,59,10,0
697,CA,GBP,16,Weekday,Discover,Credit,1,0,49,10,0
3323,AU,AUD,13,Weekday,Amex,Credit,0,0,51,10,0
219,AU,AUD,18,Weekend,Visa,Debit,1,0,23,5,0
9842,UK,CAD,0,Weekend,Amex,Credit,1,1,59,5,1
3928,CA,GBP,11,Weekday,Amex,Debit,1,0,35,1,0
1197,CA,AUD,18,Weekday,Discover,Credit,0,0,49,1,0
2687,CA,GBP,14,Weekday,Amex,Debit,1,0,38,3,0
8337,Other,CAD,0,Weekday,Amex,Credit,1,1,57,4,1
366,US,USD,13,Weekday,Visa,Debit,1,0,32,2,0
5580,Other,USD,0,Weekend,Amex,Debit,1,1,32,7,1
239,US,GBP,11,Weekday,Discover,Debit,1,0,43,9,0
6325,Other,CAD,0,Weekday,Amex,Credit,1,1,33,0,1
2350,US,GBP,14,Weekend,Amex,Credit,1,0,31,12,0
9489,Other,USD,23,Weekday,Amex,Credit,0,1,59,6,1
4702,UK,AUD,14,Weekend,Visa,Debit,1,0,30,2,0
1763,UK,CAD,19,Weekday,Visa,Debit,0,0,34,9,0
4731,CA,USD,19,Weekend,MasterCard,Debit,1,0,58,2,0
7476,Other,GBP,23,Weekday,Discover,Credit,1,1,23,1,1
3190,US,GBP,14,Weekend,Discover,Credit,1,0,37,9,0
5780,Other,USD,1,Weekday,Amex,Credit,0,1,69,1,1
3022,UK,CAD,14,Weekday,Visa,Debit,0,0,48,5,0
9218,UK,AUD,23,Weekend,Discover,Credit,1,1,54,4,1
1701,UK,CAD,12,Weekday,Visa,Credit,1,0,36,4,0
9129,US,GBP,0,Weekend,Amex,Credit,1,1,68,12,1
9863,US,CAD,1,Weekend,Amex,Debit,1,1,61,11,1
3945,US,CAD,8,Weekday,Discover,Credit,1,0,25,3,0
7400,Other,GBP,1,Weekday,Visa,Credit,1,1,67,6,1
8426,CA,AUD,0,Weekend,Discover,Debit,1,1,57,2,1
700,AU,CAD,18,Weekend,Visa,Debit,1,0,22,1,0
1874,UK,GBP,19,Weekend,Amex,Credit,0,0,29,11,0
2976,UK,AUD,13,Weekday,Visa,Debit,0,0,52,12,0
4793,UK,CAD,13,Weekday,Amex,Debit,1,0,33,1,0
8728,UK,AUD,23,Weekend,Discover,Credit,1,1,62,5,1
3848,UK,CAD,10,Weekend,Visa,Credit,1,0,58,7,0
5482,US,GBP,0,Weekend,Amex,Credit,1,1,49,10,1
1213,UK,CAD,18,Weekday,Discover,Debit,1,0,19,4,0
2594,Other,USD,18,Weekday,Amex,Credit,1,0,19,8,0
1177,US,USD,18,Weekday,MasterCard,Credit,0,0,56,6,0
700,UK,CAD,10,Weekend,MasterCard,Debit,1,0,32,3,0
1059,AU,AUD,11,Weekday,Visa,Credit,1,0,34,8,0
232,AU,USD,17,Weekday,Visa,Credit,0,0,22,4,0
229,Other,AUD,11,Weekday,Amex,Debit,1,0,50,9,0
8825,Other,USD,1,Weekend,Visa,Debit,1,1,65,8,1
3944,Other,GBP,17,Weekend,Visa,Credit,0,0,54,2,0
5135,Other,AUD,0,Weekday,Discover,Credit,0,1,61,2,1
2433,US,AUD,11,Weekday,Visa,Debit,1,0,66,8,0
7881,US,AUD,23,Weekend,Amex,Credit,1,1,31,10,1
3049,US,AUD,11,Weekend,MasterCard,Credit,1,0,58,4,0
1892,CA,AUD,12,Weekday,MasterCard,Debit,1,0,39,3,0
3348,AU,CAD,8,Weekend,MasterCard,Debit,1,0,28,5,0
4623,Other,AUD,18,Weekday,MasterCard,Debit,0,0,36,12,0
7292,CA,AUD,0,Weekend,Amex,Debit,1,1,45,5,1
1892,UK,AUD,8,Weekend,Discover,Debit,0,0,19,0,0
594,CA,AUD,10,Weekend,Discover,Credit,1,0,26,10,0
2325,Other,CAD,15,Weekend,MasterCard,Debit,0,0,49,6,0
161,Other,AUD,10,Weekend,Discover,Debit,0,0,65,3,0
5787,CA,CAD,23,Weekend,MasterCard,Debit,1,1,18,10,1
9025,Other,GBP,23,Weekend,Visa,Credit,0,1,66,2,1
1467,AU,USD,13,Weekend,Discover,Debit,0,0,57,3,0
2067,US,CAD,9,Weekend,Visa,Debit,1,0,68,3,0
1300,UK,GBP,12,Weekday,Discover,Credit,0,0,37,1,0
5863,Other,CAD,0,Weekday,Discover,Credit,1,1,29,11,1
356,AU,AUD,9,Weekend,Amex,Debit,1,0,45,9,0
4168,UK,CAD,9,Weekday,MasterCard,Debit,0,0,26,9,0
6980,AU,CAD,23,Weekend,Amex,Credit,1,1,35,9,1
5730,Other,AUD,23,Weekend,Discover,Debit,1,1,27,3,1
2570,CA,AUD,8,Weekend,Visa,Debit,1,0,29,9,0
7385,Other,AUD,0,Weekend,Visa,Credit,1,1,67,1,1
8842,US,GBP,23,Weekend,Discover,Debit,1,1,38,1,1
1272,AU,AUD,17,Weekend,Discover,Debit,1,0,20,3,0
2687,CA,CAD,16,Weekend,MasterCard,Credit,1,0,50,10,0
3567,US,CAD,16,Weekend,Visa,Credit,0,0,19,4,0
4408,CA,CAD,10,Weekday,Discover,Credit,1,0,68,3,0
2658,US,CAD,14,Weekend,Discover,Credit,1,0,37,7,0
9954,CA,GBP,0,Weekday,MasterCard,Credit,1,1,28,0,1
7171,Other,USD,0,Weekday,MasterCard,Credit,1,1,25,2,1
9014,UK,USD,0,Weekend,MasterCard,Credit,1,1,34,1,1
5960,US,AUD,23,Weekend,Amex,Credit,1,1,52,0,1
6655,AU,AUD,0,Weekend,Amex,Debit,1,1,66,2,1
2757,CA,CAD,14,Weekday,Discover,Credit,0,0,38,4,0
9244,Other,CAD,0,Weekday,Visa,Credit,0,1,54,6,1
4124,Other,CAD,15,Weekend,Discover,Credit,0,0,52,12,0
3300,Other,CAD,15,Weekend,Visa,Debit,1,0,20,0,0
1450,AU,CAD,8,Weekend,Discover,Credit,0,0,25,4,0
4886,US,GBP,17,Weekday,MasterCard,Credit,1,0,58,4,0
6458,US,CAD,1,Weekday,Discover,Credit,1,1,25,8,1
5513,US,CAD,1,Weekend,Visa,Debit,1,1,26,6,1
9313,UK,CAD,23,Weekend,Visa,Credit,1,1,42,0,1
9645,UK,GBP,0,Weekday,Amex,Debit,1,1,57,7,1
1145,Other,USD,16,Weekday,Visa,Credit,1,0,58,8,0
9995,AU,GBP,23,Weekend,MasterCard,Credit,1,1,24,4,1
9008,AU,GBP,1,Weekday,MasterCard,Credit,1,1,67,9,1
853,US,USD,11,Weekend,MasterCard,Credit,1,0,63,9,0
8930,CA,AUD,23,Weekend,Amex,Debit,1,1,45,5,1
2239,UK,CAD,8,Weekend,Visa,Debit,1,0,65,0,0
2123,US,CAD,14,Weekday,Discover,Credit,0,0,27,9,0
1877,AU,CAD,14,Weekend,Amex,Credit,0,0,40,2,0
5403,Other,GBP,23,Weekend,Discover,Debit,1,1,63,2,1
4582,AU,CAD,15,Weekday,Visa,Credit,1,0,18,7,0
7851,US,CAD,0,Weekend,Amex,Debit,1,1,23,9,1
2702,US,GBP,15,Weekday,Discover,Debit,1,0,18,2,0
690,Other,AUD,11,Weekend,Amex,Debit,0,0,53,12,0
1218,UK,CAD,9,Weekend,Amex,Debit,0,0,50,11,0
909,CA,AUD,10,Weekday,Visa,Debit,0,0,67,1,0
8683,US,CAD,23,Weekend,Amex,Debit,1,1,25,1,1
5061,CA,AUD,0,Weekday,Visa,Credit,1,1,23,11,1
4769,Other,AUD,8,Weekday,MasterCard,Credit,1,0,22,1,0
8709,AU,GBP,23,Weekday,Discover,Debit,1,1,27,9,1
3591,US,AUD,13,Weekend,Visa,Credit,1,0,27,7,0
4476,US,CAD,17,Weekday,Discover,Credit,0,0,57,8,0
7869,US,CAD,23,Weekend,Discover,Credit,1,1,22,0,1
1095,Other,GBP,8,Weekend,Visa,Debit,1,0,45,0,0
7872,Other,USD,23,Weekday,Visa,Debit,1,1,60,12,1
3300,UK,CAD,14,Weekday,MasterCard,Debit,1,0,58,6,0
1414,CA,CAD,17,Weekday,MasterCard,Debit,1,0,49,2,0
3860,AU,USD,19,Weekday,Visa,Credit,0,0,54,0,0
2075,AU,AUD,16,Weekday,MasterCard,Debit,0,0,41,3,0
7577,CA,GBP,0,Weekend,Amex,Credit,1,1,19,12,1
157,UK,USD,18,Weekday,MasterCard,Debit,0,0,31,9,0
4326,UK,CAD,8,Weekday,Discover,Debit,1,0,56,2,0
5707,UK,CAD,23,Weekday,Amex,Credit,1,1,68,1,1
1013,US,AUD,9,Weekday,Discover,Credit,1,0,65,8,0
1655,US,USD,18,Weekend,Discover,Credit,1,0,38,4,0
9934,Other,CAD,23,Weekend,Visa,Credit,0,1,23,8,1
5356,US,GBP,1,Weekend,Visa,Debit,1,1,44,8,1
4621,CA,CAD,11,Weekday,MasterCard,Debit,1,0,41,12,0
8361,US,GBP,1,Weekend,Visa,Debit,1,1,44,8,1
2178,Other,CAD,17,Weekday,Discover,Debit,0,0,22,9,0
5452,CA,CAD,1,Weekday,Discover,Credit,1,1,51,4,1
336,UK,GBP,8,Weekend,Discover,Debit,1,0,70,4,0
7111,Other,AUD,23,Weekday,MasterCard,Debit,0,1,59,10,1
3843,US,AUD,12,Weekend,Amex,Credit,1,0,39,5,0
3310,AU,CAD,11,Weekday,Amex,Credit,1,0,27,5,0
724,UK,GBP,12,Weekend,Discover,Credit,0,0,65,6,0
9210,US,USD,0,Weekend,MasterCard,Debit,1,1,69,9,1
3378,US,AUD,16,Weekend,Visa,Debit,0,0,44,1,0
1160,AU,CAD,14,Weekend,Visa,Debit,0,0,20,5,0
712,UK,GBP,18,Weekend,Amex,Credit,1,0,55,1,0
6383,Other,CAD,0,Weekday,Visa,Debit,1,1,70,1,1
2063,CA,GBP,9,Weekend,Discover,Credit,1,0,21,5,0
9542,CA,AUD,1,Weekday,Amex,Credit,1,1,35,10,1
2367,AU,USD,8,Weekday,Amex,Credit,0,0,70,0,0
9500,Other,USD,1,Weekend,Discover,Credit,1,1,53,10,1
6547,Other,AUD,1,Weekend,Discover,Credit,1,1,35,8,1
1991,US,GBP,17,Weekend,Amex,Credit,0,0,54,12,0
7339,Other,CAD,1,Weekend,Amex,Debit,1,1,18,4,1
2539,Other,AUD,15,Weekday,Amex,Debit,1,0,26,11,0
9643,Other,AUD,1,Weekday,Discover,Debit,1,1,32,12,1
1371,UK,CAD,14,Weekend,Visa,Debit,1,0,66,6,0
6951,US,CAD,23,Weekend,Visa,Credit,1,1,65,8,1
7245,Other,AUD,1,Weekend,Amex,Debit,1,1,20,12,1
5251,CA,AUD,1,Weekday,Visa,Credit,1,1,23,11,1
6975,UK,CAD,23,Weekend,Discover,Debit,1,1,58,4,1
4572,Other,USD,18,Weekend,Visa,Credit,1,0,46,5,0
328,CA,GBP,11,Weekday,MasterCard,Debit,0,0,55,0,0
245,AU,USD,9,Weekday,MasterCard,Debit,1,0,38,3,0
3131,UK,USD,13,Weekend,Discover,Debit,0,0,47,0,0
2737,CA,GBP,19,Weekend,Discover,Credit,1,0,59,10,0
2080,AU,USD,19,Weekday,MasterCard,Debit,0,0,26,3,0
9163,UK,USD,23,Weekday,MasterCard,Credit,1,1,70,12,1
598,Other,USD,12,Weekday,MasterCard,Debit,1,0,25,2,0
9033,AU,AUD,23,Weekday,Discover,Debit,1,1,62,12,1
3717,UK,AUD,14,Weekend,Visa,Credit,0,0,27,0,0
778,AU,AUD,12,Weekday,MasterCard,Credit,1,0,37,2,0
6950,AU,USD,1,Weekend,Amex,Debit,1,1,41,6,1
126,AU,CAD,19,Weekend,Visa,Credit,0,0,26,9,0
1125,UK,CAD,14,Weekend,MasterCard,Debit,0,0,59,10,0
956,US,CAD,11,Weekend,Discover,Credit,0,0,63,7,0
9430,UK,USD,1,Weekend,Visa,Credit,1,1,66,9,1
5496,CA,CAD,0,Weekday,Visa,Credit,1,1,23,11,1
4985,US,GBP,14,Weekday,Amex,Debit,1,0,55,10,0
1052,AU,CAD,8,Weekend,MasterCard,Debit,1,0,23,0,0
1037,UK,USD,13,Weekday,Discover,Credit,0,0,30,11,0
1031,UK,GBP,17,Weekday,MasterCard,Debit,1,0,46,7,0
9972,AU,AUD,0,Weekend,Visa,Debit,1,1,28,12,1
2907,US,CAD,16,Weekend,MasterCard,Debit,1,0,67,3,0
1501,AU,AUD,11,Weekday,Visa,Credit,1,0,33,9,0
1169,UK,GBP,18,Weekend,Visa,Debit,1,0,38,1,0
1633,UK,GBP,18,Weekday,Discover,Credit,1,0,63,9,0
2414,US,AUD,14,Weekend,Visa,Debit,0,0,38,4,0
5860,AU,CAD,23,Weekday,Discover,Credit,1,1,21,9,1
8990,Other,USD,23,Weekend,Visa,Credit,1,1,36,10,1
2406,US,GBP,16,Weekday,MasterCard,Debit,1,0,70,5,0
4634,UK,GBP,19,Weekend,Discover,Debit,1,0,65,4,0
5497,Other,CAD,0,Weekday,Visa,Debit,1,1,56,2,1
5449,Other,GBP,23,Weekday,MasterCard,Debit,1,1,19,1,1
8074,CA,AUD,1,Weekday,Amex,Debit,1,1,37,6,1
3976,UK,GBP,18,Weekday,Visa,Credit,1,0,23,3,0
3127,US,GBP,14,Weekend,MasterCard,Debit,1,0,20,10,0
1337,Other,GBP,16,Weekend,Discover,Credit,0,0,55,9,0
5281,US,GBP,0,Weekday,Discover,Credit,1,1,44,12,1
516,UK,GBP,9,Weekday,MasterCard,Credit,0,0,54,6,0
1895,UK,USD,15,Weekday,Discover,Debit,1,0,38,7,0
3823,CA,USD,9,Weekday,Amex,Credit,1,0,30,7,0
4120,CA,CAD,12,Weekday,Discover,Credit,1,0,49,12,0
9410,US,CAD,23,Weekday,Discover,Credit,1,1,65,6,1
3072,CA,USD,18,Weekend,Amex,Debit,0,0,60,12,0
2765,US,USD,16,Weekend,Discover,Credit,1,0,48,0,0
1332,UK,USD,11,Weekday,MasterCard,Credit,1,0,59,2,0
3996,US,CAD,15,Weekend,Visa,Credit,0,0,39,1,0
4532,UK,USD,9,Weekday,Discover,Credit,1,0,67,7,0
646,US,CAD,14,Weekday,Amex,Debit,1,0,25,5,0
5434,Other,GBP,1,Weekend,Visa,Credit,0,1,66,2,1
3486,UK,AUD,13,Weekday,Visa,Credit,0,0,26,5,0
3646,US,GBP,16,Weekend,MasterCard,Credit,0,0,49,8,0
2630,US,AUD,13,Weekend,Discover,Debit,1,0,35,11,0
5560,Other,CAD,1,Weekend,Discover,Debit,1,1,49,9,1
2568,UK,GBP,8,Weekend,Amex,Debit,0,0,57,12,0
8293,Other,CAD,23,Weekend,Amex,Credit,0,1,36,5,1
9954,Other,USD,1,Weekend,Discover,Credit,1,1,39,10,1
9427,CA,AUD,0,Weekend,Amex,Credit,0,1,38,3,1
7298,Other,USD,0,Weekend,Visa,Debit,1,1,37,11,1
906,UK,AUD,18,Weekday,Discover,Credit,1,0,65,5,0
2983,AU,USD,14,Weekday,MasterCard,Debit,0,0,32,4,0
8347,CA,USD,23,Weekend,MasterCard,Debit,1,1,64,5,1
4745,CA,GBP,19,Weekend,Visa,Debit,1,0,35,11,0
2220,CA,USD,13,Weekday,Visa,Debit,1,0,63,11,0
5231,CA,USD,1,Weekday,Discover,Credit,1,1,19,6,1
9429,CA,CAD,1,Weekday,Amex,Debit,1,1,18,10,1
7537,Other,CAD,1,Weekday,Visa,Credit,0,1,54,6,1
9041,Other,AUD,0,Weekend,Amex,Debit,1,1,24,9,1
2249,CA,CAD,10,Weekday,Visa,Debit,0,0,43,1,0
3140,UK,CAD,14,Weekend,Visa,Debit,1,0,21,4,0
9328,Other,AUD,1,Weekend,Discover,Debit,1,1,33,5,1
8057,US,CAD,0,Weekend,Visa,Credit,1,1,34,7,1
8534,CA,USD,23,Weekend,MasterCard,Debit,1,1,41,12,1
425,US,GBP,9,Weekday,MasterCard,Debit,0,0,54,3,0
2047,US,GBP,14,Weekday,Amex,Credit,1,0,21,5,0
7625,CA,CAD,1,Weekday,Visa,Credit,1,1,44,11,1
3497,AU,USD,12,Weekday,Visa,Credit,0,0,20,0,0
3634,Other,AUD,8,Weekday,Discover,Credit,1,0,61,2,0
3382,AU,CAD,8,Weekday,Discover,Credit,1,0,41,3,0
241,AU,USD,8,Weekday,Discover,Debit,0,0,56,5,0
3728,Other,CAD,13,Weekend,Amex,Debit,0,0,64,5,0
5379,CA,CAD,23,Weekend,MasterCard,Debit,1,1,18,10,1
6027,Other,AUD,0,Weekday,Discover,Credit,0,1,61,2,1
6561,AU,AUD,23,Weekend,Visa,Debit,1,1,57,7,1
8226,Other,USD,1,Weekday,Amex,Credit,0,1,41,10,1
1645,AU,GBP,11,Weekend,Visa,Debit,1,0,22,4,0
2817,UK,USD,18,Weekday,Visa,Credit,1,0,31,6,0
6208,Other,GBP,1,Weekend,Amex,Credit,1,1,48,7,1
3449,UK,USD,8,Weekend,Discover,Debit,1,0,33,11,0
4847,US,GBP,8,Weekday,Visa,Credit,1,0,36,9,0
184,Other,USD,9,Weekend,Visa,Credit,1,0,54,0,0
7783,Other,CAD,23,Weekday,Amex,Credit,0,1,52,7,1
5902,UK,USD,23,Weekend,Amex,Debit,1,1,18,4,1
6974,AU,USD,23,Weekend,MasterCard,Debit,1,1,46,5,1
5730,AU,USD,0,Weekend,Amex,Debit,1,1,41,6,1
3675,AU,GBP,10,Weekday,Visa,Credit,1,0,23,10,0
6954,UK,CAD,0,Weekend,Amex,Credit,1,1,21,12,1
7642,US,GBP,23,Weekday,Discover,Credit,1,1,44,12,1
5742,AU,USD,0,Weekend,Discover,Credit,1,1,42,11,1
8095,Other,AUD,0,Weekday,Amex,Debit,0,1,44,12,1
6165,UK,CAD,0,Weekend,MasterCard,Debit,1,1,65,5,1
1983,UK,CAD,17,Weekend,Discover,Debit,1,0,41,8,0
6140,Other,AUD,0,Weekday,Visa,Credit,0,1,66,9,1
725,US,USD,12,Weekday,Visa,Debit,1,0,52,3,0
2119,Other,GBP,9,Weekend,Visa,Debit,1,0,61,8,0
3853,CA,GBP,10,Weekend,MasterCard,Debit,0,0,19,3,0
8051,Other,GBP,1,Weekend,Visa,Credit,1,1,46,8,1
4641,UK,CAD,17,Weekend,Discover,Credit,0,0,40,8,0
5924,Other,GBP,1,Weekday,Amex,Credit,1,1,65,6,1
428,CA,CAD,15,Weekend,Visa,Debit,1,0,19,9,0
1486,US,AUD,18,Weekday,Visa,Credit,1,0,46,6,0
7157,US,USD,1,Weekend,Amex,Credit,1,1,55,11,1
9353,AU,CAD,23,Weekday,Discover,Credit,1,1,40,12,1
8773,CA,GBP,23,Weekday,Visa,Credit,1,1,18,11,1
906,UK,GBP,13,Weekend,MasterCard,Credit,1,0,22,3,0
6775,CA,AUD,1,Weekend,Discover,Credit,1,1,45,7,1
5938,Other,GBP,1,Weekend,Amex,Debit,1,1,60,3,1
4879,US,GBP,16,Weekend,MasterCard,Debit,0,0,36,12,0
851,CA,CAD,19,Weekend,MasterCard,Credit,1,0,65,3,0
9082,Other,AUD,23,Weekend,Discover,Credit,0,1,57,0,1
1138,US,CAD,19,Weekday,Discover,Credit,1,0,48,11,0
4944,Other,AUD,11,Weekend,Amex,Credit,1,0,29,5,0
7401,AU,USD,0,Weekend,Amex,Debit,1,1,47,12,1
7517,US,USD,23,Weekend,Discover,Credit,1,1,23,10,1
6657,Other,GBP,0,Weekend,MasterCard,Debit,1,1,40,5,1
477,Other,GBP,15,Weekend,MasterCard,Credit,1,0,30,8,0
5608,UK,GBP,1,Weekday,MasterCard,Debit,1,1,49,5,1
8033,CA,GBP,23,Weekend,Visa,Credit,0,1,38,8,1
1893,AU,USD,19,Weekend,MasterCard,Credit,1,0,45,2,0
687,Other,USD,17,Weekend,Visa,Credit,1,0,18,2,0
7525,Other,AUD,0,Weekend,Discover,Credit,0,1,57,0,1
4424,UK,GBP,11,Weekend,Amex,Credit,1,0,55,10,0
9124,Other,CAD,23,Weekend,Discover,Credit,0,1,40,2,1
9434,CA,AUD,23,Weekend,Amex,Credit,0,1,38,3,1
3900,Other,GBP,9,Weekend,Discover,Debit,1,0,23,8,0
7227,Other,GBP,0,Weekday,Visa,Credit,0,1,20,5,1
4106,UK,USD,19,Weekday,Visa,Debit,1,0,31,8,0
6342,Other,USD,0,Weekday,Amex,Credit,1,1,69,11,1
5457,Other,CAD,1,Weekend,Visa,Credit,0,1,30,12,1
7731,UK,GBP,1,Weekend,MasterCard,Debit,1,1,47,10,1
8510,US,GBP,1,Weekend,Visa,Debit,1,1,44,2,1
7868,CA,CAD,0,Weekend,MasterCard,Credit,1,1,53,5,1
4152,AU,USD,12,Weekday,Visa,Debit,1,0,19,11,0
8127,AU,CAD,23,Weekend,MasterCard,Credit,1,1,18,9,1
2970,UK,AUD,14,Weekday,Amex,Debit,1,0,50,9,0
7519,AU,GBP,23,Weekday,MasterCard,Debit,1,1,44,2,1
2874,AU,CAD,15,Weekend,Amex,Credit,1,0,42,1,0
784,AU,AUD,13,Weekend,MasterCard,Credit,1,0,23,0,0
9097,Other,CAD,23,Weekend,Visa,Debit,0,1,52,9,1
9278,CA,AUD,1,Weekend,MasterCard,Credit,1,1,54,8,1
1864,UK,GBP,11,Weekend,Amex,Credit,0,0,21,12,0
2278,CA,GBP,18,Weekend,Visa,Credit,1,0,18,2,0
991,CA,GBP,11,Weekend,MasterCard,Credit,1,0,50,7,0
154,AU,AUD,19,Weekday,MasterCard,Credit,0,0,27,4,0
5049,Other,USD,0,Weekend,Amex,Debit,1,1,33,3,1
715,Other,GBP,18,Weekend,Discover,Credit,1,0,46,2,0
2881,US,AUD,15,Weekend,MasterCard,Credit,1,0,64,12,0
1127,UK,CAD,16,Weekday,Visa,Debit,1,0,33,11,0
9059,US,USD,23,Weekend,Amex,Credit,1,1,55,11,1
1928,UK,GBP,8,Weekday,MasterCard,Debit,1,0,64,11,0
3449,AU,CAD,13,Weekend,Discover,Debit,0,0,18,5,0
6702,AU,AUD,23,Weekend,Visa,Credit,0,1,65,7,1
9923,Other,AUD,23,Weekend,Visa,Debit,1,1,24,0,1
6066,Other,AUD,0,Weekend,Amex,Credit,1,1,50,3,1
8996,Other,CAD,0,Weekday,Discover,Credit,1,1,24,11,1
6486,UK,USD,1,Weekend,Visa,Credit,1,1,49,4,1
5362,CA,AUD,1,Weekday,Amex,Credit,1,1,32,9,1
4468,Other,GBP,13,Weekend,Visa,Credit,1,0,52,2,0
9366,AU,GBP,0,Weekend,MasterCard,Credit,1,1,26,6,1
4980,CA,CAD,11,Weekday,Visa,Debit,1,0,28,10,0
301,CA,CAD,9,Weekday,Visa,Credit,0,0,59,9,0
5686,CA,AUD,1,Weekday,Amex,Credit,1,1,35,10,1
3882,US,USD,19,Weekend,Visa,Credit,0,0,37,6,0
1219,CA,GBP,16,Weekday,MasterCard,Debit,1,0,51,10,0
4099,UK,CAD,10,Weekday,MasterCard,Debit,1,0,27,6,0
7807,CA,CAD,23,Weekday,Visa,Credit,1,1,44,11,1
9599,CA,CAD,23,Weekend,Amex,Debit,1,1,50,8,1
9677,Other,USD,23,Weekday,Discover,Credit,1,1,34,7,1
7723,Other,CAD,0,Weekend,Amex,Credit,1,1,51,3,1
2605,Other,AUD,11,Weekend,Visa,Credit,1,0,28,1,0
2505,Other,GBP,10,Weekday,Amex,Credit,1,0,58,0,0
519,AU,USD,16,Weekday,Amex,Debit,1,0,63,2,0
7032,Other,GBP,0,Weekday,Discover,Credit,0,1,69,7,1
3120,US,USD,16,Weekday,Visa,Credit,1,0,45,11,0
7797,CA,GBP,23,Weekend,Amex,Credit,1,1,47,11,1
5481,US,AUD,1,Weekend,Discover,Credit,1,1,51,8,1
8788,Other,GBP,23,Weekend,Amex,Debit,0,1,43,5,1
1261,UK,USD,17,Weekday,Amex,Debit,1,0,53,10,0
4160,AU,AUD,18,Weekday,Visa,Debit,0,0,43,4,0
8027,Other,AUD,1,Weekend,Discover,Debit,1,1,27,3,1
7594,Other,GBP,23,Weekend,Visa,Credit,1,1,64,1,1
1421,AU,AUD,9,Weekday,Discover,Credit,1,0,59,2,0
4170,Other,CAD,14,Weekend,Discover,Debit,1,0,70,1,0
2860,US,CAD,17,Weekend,Visa,Debit,0,0,53,11,0
7024,AU,GBP,1,Weekday,Amex,Debit,1,1,69,3,1
3190,AU,GBP,13,Weekend,MasterCard,Credit,1,0,37,10,0
2752,CA,GBP,17,Weekday,Amex,Debit,0,0,55,7,0
1016,CA,GBP,12,Weekday,MasterCard,Credit,1,0,59,0,0
9505,AU,CAD,0,Weekday,MasterCard,Credit,1,1,48,2,1
817,Other,AUD,16,Weekend,MasterCard,Debit,0,0,41,0,0
2862,UK,CAD,12,Weekday,Visa,Debit,1,0,38,4,0
1240,US,AUD,12,Weekday,Amex,Credit,0,0,61,9,0
9878,Other,GBP,0,Weekday,Discover,Debit,1,1,65,5,1
3208,AU,GBP,13,Weekend,MasterCard,Credit,1,0,24,4,0
7741,Other,CAD,1,Weekday,Amex,Credit,1,1,27,0,1
9892,AU,CAD,1,Weekday,Amex,Credit,1,1,55,7,1
1547,Other,GBP,19,Weekday,Amex,Credit,0,0,44,6,0
4232,AU,AUD,19,Weekday,Amex,Debit,0,0,49,5,0
4114,Other,AUD,8,Weekend,Visa,Credit,1,0,35,7,0
3247,CA,AUD,14,Weekend,Discover,Credit,0,0,47,4,0
3817,CA,AUD,15,Weekday,MasterCard,Credit,1,0,18,2,0
8607,Other,USD,0,Weekday,Discover,Debit,1,1,21,9,1
817,AU,USD,15,Weekday,MasterCard,Credit,1,0,21,7,0
9945,Other,GBP,1,Weekend,Discover,Debit,0,1,70,4,1
4400,AU,GBP,19,Weekday,Visa,Credit,0,0,36,11,0
5496,CA,AUD,0,Weekday,Amex,Credit,1,1,42,6,1
7975,US,CAD,1,Weekend,Amex,Credit,1,1,49,10,1
4338,UK,USD,18,Weekend,Amex,Credit,0,0,57,9,0
3174,AU,AUD,13,Weekend,Visa,Credit,1,0,33,7,0
435,UK,GBP,8,Weekday,Amex,Debit,0,0,25,1,0
4117,Other,CAD,11,Weekday,MasterCard,Credit,1,0,31,4,0
9420,Other,AUD,0,Weekday,Discover,Credit,1,1,42,3,1
5513,US,USD,0,Weekend,Visa,Credit,1,1,36,7,1
2961,CA,AUD,18,Weekday,MasterCard,Debit,0,0,30,0,0
9652,UK,USD,1,Weekend,Visa,Credit,1,1,50,12,1
8830,Other,CAD,0,Weekend,Amex,Debit,1,1,27,11,1
4155,CA,AUD,19,Weekday,Discover,Debit,1,0,19,0,0
2329,AU,CAD,13,Weekday,MasterCard,Credit,1,0,27,7,0
3184,CA,GBP,19,Weekend,Amex,Credit,1,0,65,7,0
8500,UK,USD,1,Weekend,Discover,Credit,1,1,29,2,1
1408,US,AUD,18,Weekday,Visa,Credit,0,0,43,11,0
6151,AU,CAD,23,Weekday,Visa,Debit,1,1,59,10,1
4778,Other,GBP,15,Weekday,Discover,Credit,1,0,39,7,0
5775,US,GBP,1,Weekend,Amex,Credit,1,1,24,10,1
8356,AU,USD,0,Weekend,Amex,Credit,1,1,26,8,1
5949,Other,CAD,1,Weekday,Amex,Credit,1,1,68,0,1
3046,US,GBP,14,Weekday,MasterCard,Debit,1,0,66,11,0
8239,Other,USD,0,Weekend,Amex,Debit,1,1,32,7,1
2187,US,USD,16,Weekend,Amex,Credit,0,0,44,5,0
8878,CA,AUD,23,Weekend,Discover,Debit,1,1,57,2,1
9392,Other,GBP,1,Weekend,Visa,Credit,1,1,64,1,1
8663,Other,AUD,0,Weekend,Visa,Credit,1,1,67,1,1
5970,Other,AUD,23,Weekend,Visa,Debit,1,1,46,9,1
7487,US,GBP,23,Weekend,Discover,Debit,1,1,38,1,1
5309,Other,GBP,1,Weekday,Visa,Debit,0,1,47,6,1
7919,Other,AUD,0,Weekend,Amex,Credit,1,1,45,1,1
1137,Other,GBP,18,Weekday,Amex,Debit,1,0,57,5,0
7241,Other,USD,0,Weekday,Amex,Credit,0,1,69,1,1
1165,Other,AUD,18,Weekday,MasterCard,Debit,1,0,27,11,0
7806,CA,CAD,1,Weekday,Visa,Credit,1,1,23,11,1
2030,AU,AUD,10,Weekday,Amex,Credit,1,0,62,3,0
3722,US,GBP,9,Weekend,MasterCard,Debit,0,0,22,1,0
331,UK,AUD,16,Weekday,Amex,Debit,1,0,70,8,0
7132,CA,AUD,1,Weekday,Amex,Debit,1,1,68,5,1
2368,US,USD,13,Weekday,Amex,Debit,0,0,58,9,0
5871,CA,CAD,1,Weekday,Visa,Credit,1,1,28,4,1
5656,AU,USD,0,Weekday,Discover,Credit,1,1,28,1,1
8065,Other,USD,0,Weekend,Discover,Credit,1,1,18,8,1
7625,Other,AUD,1,Weekend,Amex,Credit,1,1,50,3,1
9683,Other,GBP,23,Weekend,Visa,Debit,0,1,38,2,1
9252,UK,CAD,0,Weekend,Amex,Credit,0,1,24,5,1
6189,CA,AUD,0,Weekend,MasterCard,Credit,1,1,51,5,1
3121,US,USD,9,Weekday,Amex,Debit,1,0,70,4,0
4793,US,GBP,16,Weekend,Visa,Debit,0,0,29,9,0
4038,US,USD,8,Weekend,MasterCard,Credit,1,0,18,3,0
7570,Other,USD,1,Weekend,Discover,Debit,0,1,31,1,1
2874,CA,AUD,19,Weekday,Discover,Credit,1,0,21,7,0
2621,US,USD,14,Weekend,Discover,Debit,0,0,31,3,0
9318,AU,GBP,23,Weekday,Visa,Credit,1,1,32,11,1
9800,Other,AUD,23,Weekend,Visa,Credit,0,1,67,9,1
7202,CA,GBP,23,Weekend,Visa,Debit,1,1,23,9,1
2169,UK,CAD,9,Weekday,Discover,Credit,0,0,61,0,0
3954,Other,AUD,13,Weekday,MasterCard,Credit,1,0,68,9,0
491,CA,CAD,8,Weekend,Visa,Debit,0,0,68,11,0
4296,Other,USD,16,Weekday,Amex,Debit,1,0,47,6,0
575,CA,USD,19,Weekday,Visa,Debit,0,0,56,2,0
2498,AU,AUD,8,Weekday,Visa,Credit,1,0,28,11,0
443,AU,CAD,18,Weekend,Amex,Credit,0,0,35,6,0
4503,AU,GBP,14,Weekday,Visa,Credit,0,0,50,5,0
8973,AU,GBP,23,Weekend,Discover,Credit,1,1,26,2,1
1520,UK,CAD,16,Weekend,Visa,Debit,0,0,45,6,0
1914,UK,CAD,11,Weekday,Visa,Credit,1,0,46,0,0
7304,UK,CAD,0,Weekday,Amex,Credit,1,1,43,4,1
1841,UK,GBP,11,Weekday,Amex,Credit,1,0,45,4,0
5016,UK,USD,1,Weekend,Discover,Credit,1,1,29,2,1
1895,CA,USD,14,Weekend,Discover,Debit,0,0,53,3,0
7273,Other,USD,1,Weekday,Amex,Credit,1,1,69,11,1
9691,Other,USD,0,Weekend,Visa,Debit,1,1,37,11,1
7613,Other,GBP,0,Weekend,Visa,Credit,0,1,29,8,1
8897,Other,CAD,1,Weekday,Discover,Credit,1,1,26,7,1
3179,UK,GBP,11,Weekend,Visa,Credit,1,0,33,2,0
3755,AU,CAD,11,Weekday,Amex,Credit,0,0,30,1,0
9754,US,GBP,23,Weekend,Amex,Credit,1,1,24,10,1
4929,CA,GBP,19,Weekend,Amex,Debit,1,0,63,2,0
9140,AU,GBP,1,Weekend,Amex,Debit,0,1,32,8,1
5369,US,AUD,23,Weekend,Discover,Credit,1,1,51,8,1
916,Other,AUD,13,Weekend,Discover,Credit,1,0,55,11,0
240,AU,AUD,19,Weekend,Amex,Credit,0,0,24,2,0
1104,US,CAD,12,Weekday,Discover,Debit,1,0,65,5,0
6571,US,CAD,23,Weekend,Amex,Debit,0,1,64,2,1
8254,US,USD,0,Weekend,Discover,Credit,1,1,67,8,1
1201,AU,USD,19,Weekday,MasterCard,Credit,1,0,70,10,0
5616,Other,CAD,0,Weekend,Amex,Credit,0,1,23,1,1
1342,US,USD,18,Weekend,Visa,Debit,0,0,18,11,0
9743,US,GBP,23,Weekday,Discover,Credit,1,1,28,0,1
4534,Other,CAD,9,Weekday,Discover,Debit,0,0,26,7,0
9512,US,GBP,0,Weekend,Discover,Credit,1,1,29,10,1
8458,CA,AUD,0,Weekday,Visa,Credit,1,1,23,11,1
1574,AU,USD,15,Weekend,Visa,Credit,0,0,33,0,0
2813,Other,CAD,14,Weekday,Discover,Credit,1,0,44,12,0
9185,Other,GBP,23,Weekday,Visa,Debit,0,1,47,6,1
1002,CA,GBP,16,Weekday,Amex,Credit,0,0,70,7,0
1342,UK,GBP,10,Weekday,Visa,Debit,1,0,39,10,0
787,US,GBP,14,Weekend,Visa,Debit,1,0,57,12,0
1634,US,CAD,19,Weekday,MasterCard,Credit,1,0,33,1,0
2533,CA,USD,13,Weekday,MasterCard,Debit,0,0,44,10,0
2495,Other,AUD,15,Weekend,Visa,Credit,0,0,68,10,0
953,AU,CAD,17,Weekend,Discover,Debit,0,0,21,7,0
5395,Other,USD,0,Weekend,Visa,Debit,1,1,37,11,1
9259,Other,GBP,23,Weekday,MasterCard,Credit,0,1,54,10,1
6057,CA,GBP,0,Weekend,Amex,Debit,1,1,20,6,1
9643,US,CAD,1,Weekend,Amex,Credit,1,1,46,6,1
3917,CA,GBP,12,Weekday,Visa,Credit,0,0,54,4,0
2042,AU,USD,19,Weekday,Discover,Debit,0,0,32,7,0
3620,UK,CAD,16,Weekday,Visa,Credit,0,0,46,10,0
3403,CA,USD,8,Weekend,MasterCard,Credit,1,0,59,9,0
3239,CA,GBP,19,Weekday,MasterCard,Credit,0,0,19,8,0
3965,AU,AUD,12,Weekday,Visa,Debit,0,0,62,4,0
4149,UK,CAD,17,Weekday,Discover,Debit,0,0,65,1,0
8201,Other,CAD,1,Weekday,Amex,Credit,0,1,59,3,1
185,US,GBP,13,Weekend,MasterCard,Credit,1,0,70,1,0
495,CA,AUD,8,Weekday,Amex,Debit,1,0,59,6,0
3525,UK,AUD,15,Weekday,Amex,Debit,0,0,44,0,0
7016,Other,CAD,0,Weekend,Discover,Credit,1,1,41,10,1
7543,CA,CAD,23,Weekday,Visa,Credit,1,1,61,0,1
6641,Other,GBP,23,Weekend,Visa,Debit,0,1,38,2,1
4281,Other,USD,10,Weekend,Visa,Credit,1,0,50,6,0
962,US,CAD,12,Weekday,Discover,Credit,0,0,68,3,0
1561,US,AUD,12,Weekday,Visa,Debit,1,0,27,10,0
791,AU,CAD,11,Weekday,Discover,Credit,1,0,36,0,0
1341,UK,AUD,17,Weekend,Amex,Debit,0,0,25,7,0
8127,Other,CAD,0,Weekend,Visa,Credit,1,1,32,3,1
3524,AU,CAD,15,Weekday,Amex,Debit,1,0,48,8,0
8872,Other,CAD,1,Weekday,Amex,Credit,1,1,33,0,1
7893,Other,AUD,0,Weekend,Discover,Debit,1,1,52,10,1
1485,UK,AUD,16,Weekend,Amex,Credit,1,0,43,0,0
5338,Other,AUD,23,Weekday,Visa,Credit,0,1,66,9,1
3511,CA,GBP,17,Weekday,Discover,Debit,1,0,66,11,0
9300,CA,CAD,1,Weekend,Amex,Credit,1,1,63,10,1
3269,UK,AUD,10,Weekday,Discover,Debit,1,0,52,2,0
5679,Other,USD,1,Weekday,MasterCard,Credit,1,1,25,2,1
9573,Other,GBP,1,Weekday,Visa,Debit,0,1,22,3,1
6706,US,USD,0,Weekend,Discover,Credit,1,1,67,8,1
1658,CA,GBP,10,Weekday,Amex,Credit,1,0,57,12,0
3608,US,AUD,13,Weekend,MasterCard,Debit,1,0,24,4,0
7381,AU,USD,1,Weekend,Amex,Credit,1,1,46,1,1
5745,US,USD,1,Weekend,Visa,Credit,1,1,53,7,1
7192,Other,AUD,23,Weekend,Amex,Debit,0,1,29,10,1
1089,US,CAD,17,Weekday,Visa,Debit,0,0,37,9,0
5090,Other,GBP,1,Weekend,Discover,Debit,0,1,70,4,1
9347,AU,CAD,1,Weekday,MasterCard,Debit,1,1,27,11,1
3642,UK,AUD,19,Weekend,MasterCard,Credit,1,0,50,9,0
7210,Other,AUD,1,Weekday,Discover,Credit,1,1,63,0,1
5322,AU,CAD,1,Weekend,Visa,Credit,1,1,28,12,1
717,US,USD,12,Weekend,Visa,Credit,0,0,62,10,0
7133,US,CAD,23,Weekend,Visa,Credit,1,1,65,8,1
2763,Other,USD,15,Weekend,Amex,Credit,1,0,28,6,0
5483,AU,GBP,23,Weekend,MasterCard,Credit,1,1,24,4,1
1382,UK,AUD,14,Weekday,Amex,Debit,1,0,24,2,0
4891,CA,GBP,19,Weekend,Visa,Debit,1,0,66,10,0
972,UK,USD,18,Weekend,Visa,Credit,0,0,41,0,0
7037,Other,USD,23,Weekday,Amex,Credit,1,1,24,8,1
1856,CA,CAD,15,Weekend,MasterCard,Credit,0,0,29,4,0
9431,CA,CAD,23,Weekend,Amex,Debit,1,1,68,11,1
6154,UK,AUD,0,Weekend,Visa,Debit,1,1,64,2,1
9288,Other,AUD,23,Weekend,Amex,Debit,1,1,24,9,1
9195,Other,CAD,1,Weekend,MasterCard,Credit,1,1,57,1,1
5731,AU,CAD,0,Weekend,MasterCard,Debit,1,1,58,0,1
4173,CA,GBP,10,Weekend,Visa,Credit,0,0,39,9,0
7864,Other,AUD,23,Weekend,Amex,Credit,1,1,40,11,1
381,AU,AUD,18,Weekend,MasterCard,Credit,0,0,27,11,0
5726,Other,CAD,23,Weekday,Amex,Credit,1,1,57,4,1
7378,Other,GBP,1,Weekend,MasterCard,Credit,1,1,43,8,1
5519,AU,GBP,1,Weekend,MasterCard,Credit,1,1,24,4,1
4774,Other,CAD,11,Weekend,Visa,Credit,1,0,64,1,0
9407,US,AUD,1,Weekend,MasterCard,Debit,1,1,66,4,1
9734,Other,AUD,1,Weekday,Amex,Credit,1,1,44,5,1
3926,AU,USD,9,Weekday,MasterCard,Debit,1,0,32,12,0
5094,Other,CAD,23,Weekday,Amex,Debit,1,1,69,10,1
4018,UK,CAD,12,Weekday,Amex,Debit,0,0,29,2,0
4887,CA,CAD,16,Weekday,Discover,Credit,1,0,32,4,0
4070,US,AUD,19,Weekday,Amex,Credit,1,0,54,5,0
8695,Other,GBP,0,Weekend,Visa,Credit,1,1,22,12,1
9745,AU,GBP,0,Weekend,Amex,Credit,1,1,26,8,1
445,Other,USD,10,Weekend,MasterCard,Debit,0,0,60,4,0
9221,Other,GBP,0,Weekday,Visa,Debit,0,1,47,6,1
8042,Other,GBP,1,Weekday,Visa,Debit,0,1,22,3,1
2588,UK,CAD,16,Weekend,Amex,Debit,0,0,54,8,0
7554,Other,AUD,1,Weekend,MasterCard,Debit,0,1,31,6,1
7345,Other,GBP,23,Weekend,Amex,Credit,0,1,70,1,1
5526,US,AUD,1,Weekend,Amex,Credit,1,1,54,1,1
9314,CA,CAD,0,Weekend,Amex,Credit,1,1,69,9,1
1908,UK,AUD,18,Weekday,Visa,Debit,0,0,64,10,0
7709,AU,CAD,0,Weekday,MasterCard,Debit,1,1,27,11,1
3798,UK,USD,13,Weekday,Discover,Credit,1,0,35,0,0
3618,Other,GBP,13,Weekend,Discover,Credit,1,0,54,6,0
8761,UK,AUD,1,Weekend,Amex,Credit,1,1,68,12,1
2967,UK,GBP,13,Weekend,Discover,Credit,0,0,53,7,0
3634,US,USD,14,Weekend,Visa,Credit,0,0,33,4,0
7209,Other,GBP,23,Weekday,Visa,Credit,1,1,19,10,1
2691,UK,GBP,19,Weekend,Amex,Credit,1,0,41,12,0
3093,Other,CAD,12,Weekend,Amex,Credit,1,0,66,8,0
5151,AU,USD,1,Weekend,MasterCard,Debit,1,1,46,5,1
1589,CA,AUD,19,Weekend,Visa,Credit,1,0,64,9,0
2842,UK,GBP,18,Weekday,Visa,Debit,1,0,20,12,0
3843,CA,GBP,19,Weekday,Discover,Credit,1,0,36,8,0
7480,UK,USD,0,Weekend,Amex,Debit,1,1,18,4,1
1866,UK,AUD,15,Weekend,Discover,Debit,1,0,41,2,0
4661,US,GBP,16,Weekend,Discover,Credit,0,0,46,9,0
3264,CA,GBP,13,Weekend,Visa,Debit,0,0,32,8,0
7541,Other,USD,0,Weekday,Amex,Credit,0,1,46,2,1
1953,UK,AUD,10,Weekend,Discover,Debit,1,0,62,9,0
9568,CA,CAD,23,Weekend,Discover,Credit,1,1,47,4,1
2896,US,AUD,19,Weekday,MasterCard,Credit,1,0,39,10,0
1084,Other,GBP,10,Weekday,Visa,Credit,1,0,24,4,0
3751,Other,USD,15,Weekend,Amex,Credit,0,0,40,4,0
5407,CA,AUD,1,Weekend,Visa,Credit,1,1,36,11,1
9200,Other,GBP,0,Weekday,Amex,Debit,1,1,41,11,1
6855,Other,CAD,1,Weekend,Amex,Credit,0,1,22,11,1
1978,CA,CAD,9,Weekday,Visa,Credit,0,0,22,5,0
2322,Other,GBP,11,Weekday,Discover,Credit,1,0,45,8,0
7758,AU,GBP,0,Weekday,Discover,Debit,1,1,27,9,1
7778,CA,AUD,0,Weekend,Discover,Credit,1,1,26,9,1
3737,US,AUD,13,Weekend,Amex,Debit,1,0,51,3,0
6516,CA,GBP,1,Weekday,Amex,Credit,1,1,51,12,1
9146,UK,AUD,23,Weekend,Discover,Credit,1,1,64,10,1
2629,CA,AUD,11,Weekday,MasterCard,Credit,1,0,53,2,0
8065,AU,USD,23,Weekday,Amex,Credit,1,1,63,7,1
3086,US,AUD,17,Weekday,Visa,Debit,1,0,37,9,0
1433,CA,GBP,12,Weekend,Discover,Debit,1,0,36,3,0
2280,CA,GBP,9,Weekday,Discover,Credit,1,0,69,11,0
3727,CA,CAD,10,Weekend,Discover,Debit,1,0,56,8,0
5570,Other,AUD,0,Weekend,Visa,Debit,1,1,46,7,1
722,UK,AUD,10,Weekend,MasterCard,Credit,0,0,22,10,0
5698,Other,CAD,1,Weekend,Amex,Debit,1,1,18,4,1
7987,Other,USD,23,Weekday,Amex,Debit,1,1,47,10,1
119,UK,GBP,12,Weekend,Amex,Credit,1,0,59,6,0
8733,Other,CAD,0,Weekend,Discover,Credit,1,1,41,10,1
5060,US,CAD,23,Weekend,Visa,Credit,1,1,23,2,1
4395,US,USD,12,Weekday,Visa,Debit,0,0,56,6,0
7691,Other,USD,1,Weekday,Amex,Credit,0,1,46,2,1
226,AU,AUD,18,Weekday,MasterCard,Credit,1,0,52,3,0
8748,CA,USD,1,Weekday,Visa,Credit,1,1,41,10,1
8897,CA,GBP,23,Weekend,Amex,Debit,0,1,67,9,1
9088,UK,USD,1,Weekday,Amex,Credit,1,1,34,3,1
4674,US,USD,17,Weekend,Discover,Credit,1,0,67,7,0
241,AU,AUD,18,Weekday,MasterCard,Debit,1,0,52,0,0
6180,Other,AUD,0,Weekend,Amex,Debit,0,1,47,9,1
5813,US,GBP,23,Weekend,Amex,Credit,1,1,19,6,1
5400,Other,CAD,23,Weekend,Visa,Credit,0,1,38,9,1
4358,AU,GBP,14,Weekend,Discover,Debit,0,0,45,4,0
9794,UK,GBP,1,Weekday,Amex,Debit,1,1,70,8,1
8194,Other,CAD,23,Weekday,Visa,Credit,1,1,61,2,1
6958,CA,AUD,23,Weekday,Amex,Debit,1,1,37,6,1
7359,UK,CAD,0,Weekday,Amex,Credit,1,1,32,9,1
3175,US,USD,12,Weekend,MasterCard,Debit,0,0,70,3,0
3516,CA,AUD,19,Weekday,Visa,Debit,0,0,38,2,0
2244,CA,USD,19,Weekend,MasterCard,Credit,1,0,30,7,0
592,CA,CAD,14,Weekday,MasterCard,Debit,1,0,56,9,0
5568,Other,AUD,0,Weekend,Amex,Credit,0,1,65,11,1
1975,CA,CAD,14,Weekend,Amex,Debit,1,0,39,5,0
5878,UK,AUD,23,Weekday,Amex,Debit,1,1,34,1,1
9443,AU,CAD,0,Weekend,MasterCard,Credit,1,1,49,3,1
8226,CA,AUD,23,Weekday,Visa,Credit,1,1,68,12,1
1098,US,USD,18,Weekend,Amex,Debit,0,0,66,11,0
9786,AU,CAD,23,Weekday,MasterCard,Debit,1,1,27,11,1
939,AU,GBP,8,Weekday,MasterCard,Credit,1,0,66,9,0
2488,Other,AUD,18,Weekday,MasterCard,Credit,1,0,26,7,0
6663,UK,GBP,23,Weekend,Discover,Credit,1,1,52,11,1
451,AU,USD,18,Weekend,MasterCard,Credit,1,0,55,10,0
2955,UK,GBP,13,Weekday,Discover,Credit,1,0,64,10,0
8336,US,AUD,23,Weekend,Amex,Debit,1,1,67,6,1
6174,AU,CAD,0,Weekend,MasterCard,Credit,1,1,27,5,1
1328,CA,GBP,13,Weekday,Amex,Credit,1,0,52,1,0
1898,US,GBP,19,Weekend,Amex,Debit,1,0,51,10,0
7469,CA,CAD,0,Weekday,Amex,Credit,1,1,18,9,1
8583,Other,GBP,23,Weekend,Visa,Credit,1,1,64,1,1
4422,AU,GBP,19,Weekend,Amex,Debit,1,0,50,4,0
3177,US,GBP,17,Weekday,Amex,Credit,1,0,55,6,0
8293,UK,CAD,0,Weekend,MasterCard,Debit,1,1,70,9,1
210,UK,CAD,18,Weekday,MasterCard,Credit,1,0,28,7,0
1075,UK,CAD,17,Weekend,Visa,Debit,1,0,19,0,0
9198,US,AUD,1,Weekend,Discover,Credit,1,1,47,3,1
3449,CA,USD,17,Weekday,Amex,Debit,1,0,48,2,0
9621,UK,USD,1,Weekend,Discover,Debit,1,1,68,7,1
7244,AU,CAD,1,Weekend,Discover,Debit,1,1,64,3,1
7898,CA,GBP,1,Weekday,Amex,Credit,1,1,38,4,1
8424,CA,AUD,1,Weekend,Amex,Credit,1,1,21,5,1
7265,Other,AUD,0,Weekday,Discover,Credit,1,1,63,0,1
8774,AU,GBP,0,Weekend,Amex,Debit,0,1,32,8,1
3106,UK,USD,10,Weekday,Visa,Debit,1,0,18,2,0
3453,CA,GBP,15,Weekend,Discover,Debit,0,0,20,0,0
9726,Other,GBP,23,Weekend,Amex,Debit,1,1,64,10,1
9077,CA,CAD,1,Weekday,Amex,Credit,1,1,40,1,1
3676,UK,GBP,10,Weekend,Discover,Debit,1,0,30,5,0
9245,UK,USD,23,Weekend,Discover,Debit,1,1,68,7,1
1781,Other,AUD,16,Weekday,Discover,Debit,0,0,50,3,0
2565,CA,USD,13,Weekday,MasterCard,Debit,1,0,47,9,0
8738,Other,USD,1,Weekday,Amex,Credit,1,1,52,6,1
7265,UK,USD,23,Weekend,MasterCard,Credit,1,1,63,9,1
2812,Other,CAD,18,Weekday,Amex,Credit,0,0,60,1,0
2243,AU,USD,9,Weekday,Visa,Debit,1,0,65,0,0
9711,CA,CAD,23,Weekday,Amex,Credit,1,1,34,4,1
1000,AU,GBP,9,Weekday,Discover,Credit,1,0,63,2,0
9969,Other,AUD,1,Weekend,Amex,Debit,1,1,56,7,1
4292,UK,CAD,13,Weekday,Visa,Credit,0,0,58,11,0
6354,Other,AUD,23,Weekend,MasterCard,Credit,0,1,51,0,1
8892,AU,GBP,23,Weekend,Discover,Credit,1,1,26,2,1
4450,Other,CAD,17,Weekday,Discover,Debit,0,0,30,10,0
3343,CA,GBP,13,Weekend,MasterCard,Debit,1,0,62,3,0
9800,AU,CAD,23,Weekday,Amex,Credit,1,1,37,12,1
135,AU,USD,13,Weekday,MasterCard,Debit,1,0,35,8,0
5907,US,CAD,0,Weekend,Discover,Credit,1,1,22,0,1
7737,CA,AUD,23,Weekend,Discover,Debit,1,1,57,2,1
9025,CA,AUD,1,Weekday,Amex,Debit,1,1,37,6,1
4833,Other,USD,19,Weekend,Visa,Debit,1,0,52,1,0
8018,Other,USD,23,Weekday,Discover,Credit,1,1,45,0,1
838,Other,USD,13,Weekend,Amex,Credit,1,0,43,4,0
1709,Other,USD,8,Weekday,MasterCard,Credit,0,0,38,0,0
5565,Other,AUD,23,Weekday,MasterCard,Debit,1,1,56,11,1
9939,US,AUD,1,Weekend,MasterCard,Debit,1,1,58,0,1
4109,US,AUD,19,Weekend,Visa,Credit,0,0,67,0,0
6158,US,CAD,1,Weekend,Amex,Debit,1,1,23,9,1
3915,AU,GBP,12,Weekend,MasterCard,Credit,0,0,58,3,0
1363,UK,AUD,15,Weekend,MasterCard,Credit,1,0,58,10,0
8370,CA,AUD,0,Weekend,Visa,Credit,1,1,36,11,1
3725,US,USD,17,Weekend,MasterCard,Debit,1,0,24,8,0
3689,CA,USD,11,Weekend,Amex,Credit,1,0,40,2,0
337,AU,CAD,12,Weekend,Visa,Debit,0,0,47,1,0
2105,AU,AUD,15,Weekend,Amex,Debit,0,0,34,6,0
6169,Other,CAD,0,Weekend,Discover,Credit,1,1,41,10,1
2659,US,GBP,8,Weekend,Visa,Credit,0,0,45,10,0
6361,AU,GBP,23,Weekend,Amex,Debit,1,1,31,2,1
5254,Other,AUD,1,Weekend,Discover,Debit,1,1,52,10,1
9061,US,GBP,0,Weekend,Amex,Credit,1,1,19,6,1
658,US,USD,17,Weekday,Discover,Debit,0,0,40,8,0
1494,Other,CAD,9,Weekend,Visa,Debit,0,0,57,7,0
5970,AU,GBP,23,Weekend,Discover,Credit,1,1,69,12,1
4250,Other,GBP,19,Weekday,MasterCard,Credit,1,0,53,6,0
2956,Other,GBP,9,Weekday,Visa,Credit,0,0,32,3,0
1671,US,USD,12,Weekend,MasterCard,Debit,1,0,58,10,0
2401,Other,GBP,16,Weekend,MasterCard,Credit,1,0,56,12,0
4139,UK,USD,14,Weekday,MasterCard,Debit,0,0,22,9,0
2917,UK,CAD,9,Weekend,Visa,Credit,1,0,52,6,0
4591,CA,GBP,8,Weekday,Discover,Credit,0,0,45,2,0
6242,US,USD,0,Weekend,Amex,Credit,1,1,59,4,1
5140,Other,CAD,0,Weekday,Amex,Credit,1,1,33,0,1
3958,UK,USD,11,Weekday,Visa,Credit,0,0,44,1,0
2211,US,CAD,17,Weekday,MasterCard,Credit,1,0,54,5,0
2832,CA,USD,12,Weekend,Discover,Debit,1,0,25,2,0
4348,Other,AUD,11,Weekend,MasterCard,Credit,0,0,62,6,0
8185,Other,AUD,1,Weekday,Discover,Credit,1,1,55,7,1
2773,Other,GBP,10,Weekend,MasterCard,Debit,0,0,59,0,0
2074,CA,GBP,17,Weekday,Visa,Debit,1,0,40,11,0
215,CA,GBP,11,Weekday,MasterCard,Credit,1,0,52,9,0
1221,AU,GBP,8,Weekend,Discover,Debit,1,0,47,10,0
7553,US,AUD,23,Weekend,Amex,Credit,1,1,52,0,1
5775,US,AUD,0,Weekend,MasterCard,Debit,1,1,66,4,1
1986,CA,AUD,17,Weekday,Discover,Credit,1,0,26,0,0
1756,AU,USD,19,Weekday,Visa,Credit,1,0,57,9,0
8402,US,AUD,1,Weekday,Amex,Debit,1,1,46,7,1
377,Other,GBP,8,Weekday,Amex,Debit,0,0,59,12,0
1942,CA,GBP,10,Weekend,Amex,Credit,0,0,27,8,0
2316,AU,USD,15,Weekend,MasterCard,Credit,1,0,58,6,0
533,AU,AUD,10,Weekend,MasterCard,Debit,1,0,58,0,0
7201,UK,USD,0,Weekday,Amex,Credit,1,1,18,12,1
1485,US,GBP,15,Weekend,Discover,Debit,0,0,18,9,0
4650,US,GBP,11,Weekend,MasterCard,Debit,1,0,54,5,0
3555,Other,USD,8,Weekday,Discover,Credit,1,0,45,6,0
4017,AU,AUD,8,Weekend,Visa,Credit,0,0,70,0,0
9066,CA,AUD,1,Weekend,MasterCard,Credit,1,1,51,5,1
3218,US,GBP,19,Weekday,Amex,Debit,0,0,51,0,0
2368,AU,AUD,16,Weekend,Discover,Credit,1,0,21,5,0
8361,Other,USD,0,Weekday,Amex,Credit,0,1,47,9,1
429,AU,GBP,19,Weekend,Visa,Credit,1,0,48,6,0
5695,Other,CAD,0,Weekend,Amex,Credit,1,1,27,5,1
9706,AU,AUD,1,Weekend,MasterCard,Credit,1,1,32,10,1
381,Other,CAD,13,Weekday,Discover,Debit,0,0,69,2,0
2737,CA,AUD,19,Weekend,Discover,Debit,0,0,58,12,0
1313,Other,USD,12,Weekend,MasterCard,Debit,1,0,27,11,0
6183,CA,CAD,23,Weekend,Discover,Credit,1,1,24,7,1
5306,Other,CAD,1,Weekend,Amex,Credit,1,1,44,5,1
1427,US,USD,18,Weekday,Amex,Debit,1,0,68,9,0
3901,UK,GBP,18,Weekend,Visa,Credit,0,0,23,2,0
1218,UK,AUD,10,Weekday,Visa,Debit,1,0,23,5,0
4161,Other,CAD,15,Weekday,MasterCard,Debit,0,0,19,1,0
6477,US,USD,0,Weekend,Amex,Credit,1,1,61,3,1
2077,UK,GBP,11,Weekend,Visa,Credit,1,0,39,1,0
4007,UK,AUD,17,Weekday,Discover,Debit,1,0,44,9,0
7104,CA,GBP,1,Weekend,Amex,Credit,0,1,46,5,1
8919,US,CAD,1,Weekend,Amex,Debit,1,1,23,6,1
8833,Other,CAD,0,Weekday,Discover,Debit,1,1,37,9,1
8934,US,AUD,23,Weekday,Amex,Credit,1,1,37,9,1
2932,CA,AUD,11,Weekday,Discover,Debit,0,0,28,0,0
4301,UK,GBP,14,Weekday,MasterCard,Credit,1,0,69,1,0
5825,Other,GBP,1,Weekend,MasterCard,Credit,0,1,54,12,1
4135,UK,CAD,19,Weekend,Visa,Debit,1,0,54,12,0
5709,AU,AUD,1,Weekend,Discover,Credit,1,1,19,1,1
4302,US,GBP,18,Weekday,MasterCard,Credit,1,0,32,0,0
5708,Other,GBP,23,Weekday,MasterCard,Credit,1,1,48,2,1
5329,Other,CAD,0,Weekday,Amex,Credit,0,1,42,6,1
747,CA,AUD,13,Weekday,Amex,Debit,0,0,51,2,0
7627,Other,CAD,0,Weekday,Discover,Credit,0,1,42,11,1
1778,AU,GBP,9,Weekday,Discover,Debit,1,0,32,8,0
1340,Other,CAD,11,Weekend,Discover,Debit,1,0,43,12,0
3876,AU,GBP,16,Weekday,MasterCard,Debit,1,0,50,9,0
9551,Other,AUD,0,Weekday,Visa,Credit,1,1,63,6,1
4738,AU,AUD,17,Weekend,Discover,Credit,1,0,58,3,0
3420,UK,USD,15,Weekday,MasterCard,Credit,1,0,43,9,0
2415,CA,CAD,13,Weekend,Visa,Credit,1,0,33,2,0
1765,AU,CAD,18,Weekend,Visa,Debit,0,0,59,8,0
2137,Other,GBP,12,Weekend,MasterCard,Debit,0,0,33,7,0
8592,UK,GBP,23,Weekend,Amex,Debit,1,1,64,7,1
4324,US,GBP,9,Weekday,Visa,Debit,1,0,61,1,0
5062,CA,AUD,1,Weekday,Amex,Debit,1,1,37,6,1
2699,Other,USD,9,Weekend,MasterCard,Credit,0,0,50,2,0
6254,AU,USD,0,Weekend,Amex,Credit,1,1,65,2,1
7184,Other,CAD,0,Weekday,Visa,Debit,1,1,67,4,1
4641,CA,CAD,13,Weekday,MasterCard,Debit,0,0,62,3,0
5903,Other,USD,23,Weekend,Discover,Debit,0,1,31,1,1
9647,CA,AUD,0,Weekday,Amex,Credit,1,1,61,11,1
3907,Other,GBP,18,Weekday,MasterCard,Debit,1,0,44,7,0
5595,UK,USD,1,Weekend,Discover,Credit,1,1,52,12,1
5589,Other,USD,0,Weekend,Amex,Credit,1,1,30,9,1
7525,AU,AUD,23,Weekend,Visa,Debit,1,1,28,12,1
892,US,GBP,14,Weekday,Visa,Debit,1,0,41,2,0
9640,UK,CAD,0,Weekend,Discover,Credit,1,1,22,7,1
940,Other,CAD,12,Weekday,MasterCard,Debit,0,0,58,1,0
512,Other,GBP,18,Weekday,Visa,Debit,1,0,27,2,0
8772,Other,USD,23,Weekday,Discover,Credit,1,1,19,3,1
1379,AU,AUD,14,Weekday,Discover,Credit,1,0,57,10,0
1821,AU,USD,18,Weekend,MasterCard,Credit,1,0,58,4,0
4916,AU,USD,9,Weekend,MasterCard,Credit,0,0,35,11,0
7591,UK,AUD,0,Weekend,Visa,Debit,1,1,24,9,1
1938,AU,USD,12,Weekend,MasterCard,Debit,0,0,33,8,0
5454,AU,USD,1,Weekend,Amex,Credit,1,1,35,10,1
4223,US,GBP,12,Weekend,Discover,Debit,0,0,46,3,0
1462,US,GBP,18,Weekend,MasterCard,Debit,0,0,42,11,0
2265,CA,CAD,9,Weekend,Visa,Credit,0,0,54,4,0
5287,AU,AUD,0,Weekend,Amex,Credit,1,1,42,6,1
4612,AU,USD,13,Weekday,Visa,Debit,0,0,51,5,0
3386,US,AUD,9,Weekday,Amex,Credit,0,0,50,2,0
658,Other,USD,18,Weekday,Amex,Credit,1,0,31,5,0
9395,UK,USD,23,Weekend,Amex,Debit,1,1,58,4,1
4869,AU,GBP,18,Weekday,Amex,Debit,1,0,53,0,0
4016,CA,AUD,18,Weekday,MasterCard,Credit,0,0,24,1,0
2150,Other,AUD,10,Weekend,Amex,Credit,1,0,21,5,0
4735,Other,USD,16,Weekday,MasterCard,Debit,1,0,23,11,0
7920,CA,CAD,1,Weekend,Amex,Credit,1,1,63,10,1
3515,CA,USD,19,Weekday,Visa,Debit,0,0,70,11,0
692,Other,AUD,19,Weekday,Amex,Debit,0,0,36,7,0
8239,Other,AUD,1,Weekend,Amex,Credit,1,1,39,0,1
3477,UK,GBP,17,Weekend,MasterCard,Debit,0,0,52,10,0
5295,Other,CAD,0,Weekend,Amex,Credit,1,1,23,0,1
3552,US,CAD,15,Weekend,MasterCard,Debit,1,0,48,2,0
532,US,USD,8,Weekday,MasterCard,Debit,1,0,51,12,0
1741,US,AUD,13,Weekday,MasterCard,Credit,1,0,66,12,0
2121,Other,USD,14,Weekend,MasterCard,Credit,1,0,46,2,0
8990,AU,AUD,23,Weekend,Discover,Credit,1,1,30,12,1
3076,US,GBP,11,Weekend,MasterCard,Debit,1,0,48,8,0
5200,AU,USD,0,Weekend,Amex,Credit,1,1,65,2,1
6063,CA,GBP,0,Weekend,Visa,Credit,1,1,54,11,1
6283,Other,AUD,0,Weekend,Amex,Debit,1,1,24,9,1
984,Other,CAD,8,Weekend,Discover,Debit,1,0,44,5,0
4206,UK,GBP,13,Weekend,Amex,Debit,0,0,67,6,0
8689,UK,GBP,1,Weekday,Discover,Credit,1,1,37,5,1
1297,Other,AUD,10,Weekend,MasterCard,Debit,1,0,45,9,0
5320,Other,CAD,0,Weekend,Amex,Credit,1,1,51,3,1
5185,US,AUD,1,Weekday,Discover,Credit,1,1,69,0,1
2147,AU,AUD,17,Weekday,Discover,Credit,0,0,27,11,0
1208,Other,CAD,10,Weekend,MasterCard,Debit,0,0,63,7,0
7221,US,CAD,1,Weekend,Amex,Debit,1,1,56,10,1
7316,AU,GBP,0,Weekend,Discover,Credit,1,1,18,8,1
5179,Other,CAD,0,Weekend,MasterCard,Debit,1,1,50,4,1
8959,CA,CAD,0,Weekday,Visa,Credit,1,1,61,0,1
4889,Other,GBP,17,Weekend,MasterCard,Credit,0,0,37,12,0
2105,AU,USD,10,Weekday,Discover,Debit,1,0,58,10,0
6668,CA,GBP,0,Weekday,Amex,Credit,1,1,30,2,1
933,UK,AUD,16,Weekend,MasterCard,Credit,0,0,55,12,0
696,AU,GBP,13,Weekend,Visa,Debit,0,0,43,1,0
7163,UK,USD,0,Weekend,Discover,Credit,1,1,29,2,1
1189,US,AUD,19,Weekday,Visa,Credit,0,0,34,7,0
2489,AU,AUD,9,Weekday,MasterCard,Credit,1,0,20,11,0
107,CA,GBP,16,Weekend,MasterCard,Debit,1,0,22,8,0
3287,Other,USD,18,Weekend,Amex,Debit,0,0,66,1,0
3946,Other,GBP,10,Weekend,Discover,Credit,1,0,55,8,0
1900,UK,GBP,13,Weekday,Amex,Debit,1,0,29,3,0
663,Other,USD,9,Weekend,Amex,Credit,1,0,57,2,0
8635,Other,CAD,1,Weekday,Discover,Credit,0,1,28,8,1
7558,CA,AUD,0,Weekend,Discover,Credit,1,1,48,9,1
8321,AU,CAD,1,Weekend,MasterCard,Credit,1,1,27,5,1
7902,US,USD,1,Weekend,MasterCard,Debit,1,1,69,9,1
1245,CA,AUD,16,Weekday,Amex,Debit,1,0,49,5,0
4192,Other,CAD,11,Weekday,Amex,Debit,0,0,69,0,0
2720,US,GBP,19,Weekday,Amex,Credit,0,0,57,9,0
6165,US,GBP,1,Weekend,Amex,Credit,1,1,68,12,1
2525,UK,AUD,19,Weekend,Visa,Credit,1,0,41,2,0
640,AU,USD,11,Weekend,MasterCard,Debit,1,0,51,11,0
5989,US,GBP,1,Weekend,Visa,Debit,1,1,44,8,1
1776,US,CAD,9,Weekday,MasterCard,Credit,1,0,59,9,0
4544,CA,USD,12,Weekend,Amex,Credit,0,0,45,1,0
7757,US,AUD,0,Weekend,MasterCard,Debit,1,1,63,11,1
4660,US,USD,14,Weekday,Amex,Credit,1,0,21,5,0
3688,UK,GBP,15,Weekend,MasterCard,Debit,1,0,52,10,0
3122,AU,AUD,16,Weekend,MasterCard,Debit,0,0,44,8,0
5686,US,CAD,23,Weekend,Visa,Credit,1,1,25,6,1
7696,AU,CAD,0,Weekday,Amex,Credit,0,1,47,9,1
9008,US,CAD,0,Weekend,Amex,Debit,0,1,65,6,1
2368,US,GBP,17,Weekday,Discover,Debit,1,0,33,12,0
8101,US,AUD,1,Weekend,MasterCard,Credit,1,1,47,5,1
1664,CA,CAD,8,Weekend,Visa,Credit,0,0,61,10,0
9227,Other,AUD,23,Weekend,Amex,Credit,1,1,20,0,1
9889,AU,AUD,1,Weekend,Discover,Debit,1,1,67,12,1
3910,CA,USD,16,Weekend,MasterCard,Debit,1,0,40,9,0
5144,AU,USD,0,Weekday,Amex,Credit,1,1,23,5,1
219,Other,USD,11,Weekend,MasterCard,Credit,1,0,67,8,0
6128,UK,USD,0,Weekend,Amex,Credit,1,1,45,0,1
144,CA,AUD,14,Weekday,Amex,Debit,1,0,37,4,0
3307,UK,USD,15,Weekend,MasterCard,Debit,1,0,50,0,0
853,UK,CAD,18,Weekend,Amex,Credit,1,0,64,2,0
3922,US,AUD,14,Weekend,Discover,Credit,0,0,63,7,0
8530,CA,GBP,1,Weekend,Amex,Credit,0,1,51,4,1
6149,Other,AUD,23,Weekday,Visa,Debit,1,1,53,9,1
5516,CA,CAD,0,Weekday,Amex,Credit,1,1,18,9,1
4456,US,CAD,8,Weekday,Discover,Credit,1,0,41,5,0
8983,Other,GBP,1,Weekday,MasterCard,Credit,1,1,35,5,1
6586,Other,USD,1,Weekend,Discover,Credit,1,1,51,7,1
647,UK,CAD,19,Weekend,Discover,Debit,1,0,20,0,0
9826,US,AUD,1,Weekend,Discover,Credit,1,1,48,4,1
743,UK,GBP,15,Weekend,Amex,Credit,1,0,31,8,0
4822,Other,AUD,17,Weekend,Amex,Debit,1,0,40,2,0
9729,CA,AUD,0,Weekend,Amex,Debit,1,1,45,5,1
5856,AU,USD,23,Weekend,Discover,Credit,1,1,59,4,1
3347,Other,GBP,16,Weekend,Discover,Debit,0,0,20,6,0
6877,Other,USD,0,Weekday,Amex,Debit,1,1,31,12,1
7714,US,USD,1,Weekday,Amex,Credit,1,1,45,1,1
7907,CA,GBP,23,Weekend,Amex,Credit,0,1,51,4,1
3885,US,USD,18,Weekend,MasterCard,Debit,1,0,68,3,0
6856,CA,AUD,23,Weekend,Discover,Credit,1,1,48,9,1
5878,CA,USD,23,Weekend,Visa,Credit,1,1,65,4,1
8891,US,USD,1,Weekend,Discover,Credit,1,1,55,0,1
6464,CA,GBP,1,Weekend,Amex,Debit,1,1,20,6,1
7067,UK,GBP,0,Weekend,Amex,Debit,0,1,67,1,1
771,Other,AUD,17,Weekend,Amex,Credit,0,0,62,4,0
2414,CA,USD,8,Weekday,Discover,Debit,1,0,48,6,0
2369,US,GBP,18,Weekday,Discover,Debit,1,0,38,9,0
4414,UK,GBP,9,Weekday,MasterCard,Credit,0,0,32,9,0
8015,CA,USD,0,Weekday,Visa,Credit,1,1,58,9,1
8534,UK,USD,0,Weekend,MasterCard,Credit,1,1,34,1,1
9644,Other,AUD,1,Weekend,Visa,Credit,1,1,60,5,1
7167,Other,CAD,1,Weekend,Amex,Credit,1,1,57,8,1
6302,UK,AUD,1,Weekday,Discover,Credit,1,1,33,4,1
7416,UK,AUD,23,Weekday,Discover,Debit,1,1,34,2,1
5103,Other,AUD,0,Weekend,Amex,Credit,1,1,50,3,1
524,US,GBP,19,Weekday,Amex,Debit,0,0,53,0,0
9080,Other,CAD,0,Weekday,Discover,Debit,1,1,32,11,1
4025,US,USD,10,Weekend,Amex,Credit,0,0,49,7,0
9655,UK,CAD,23,Weekday,Amex,Debit,1,1,52,5,1
5380,Other,AUD,0,Weekday,MasterCard,Credit,1,1,35,12,1
4130,CA,GBP,10,Weekend,Visa,Debit,1,0,38,4,0
9134,Other,CAD,1,Weekend,MasterCard,Debit,0,1,50,12,1
4851,AU,USD,17,Weekend,Discover,Debit,1,0,34,6,0
4093,US,USD,17,Weekday,MasterCard,Debit,1,0,23,0,0
9431,CA,GBP,1,Weekend,Amex,Credit,0,1,46,5,1
878,US,USD,9,Weekday,MasterCard,Debit,1,0,33,7,0
6293,AU,USD,1,Weekday,Amex,Credit,1,1,55,8,1
5128,CA,GBP,1,Weekend,MasterCard,Debit,1,1,54,0,1
1732,US,GBP,12,Weekday,Amex,Debit,1,0,55,0,0
1038,AU,AUD,19,Weekday,MasterCard,Credit,0,0,50,3,0
9766,UK,USD,1,Weekend,MasterCard,Credit,1,1,46,4,1
4064,UK,CAD,14,Weekend,Amex,Credit,0,0,24,11,0
302,AU,USD,10,Weekend,Visa,Credit,0,0,70,3,0
9651,CA,AUD,1,Weekday,Discover,Credit,1,1,70,2,1
9183,Other,CAD,1,Weekday,Visa,Debit,1,1,67,4,1
8274,Other,GBP,0,Weekend,Amex,Debit,0,1,43,5,1
2100,Other,GBP,16,Weekend,Amex,Debit,1,0,20,12,0
2218,AU,USD,15,Weekday,Discover,Credit,0,0,49,2,0
6968,AU,AUD,1,Weekend,Amex,Credit,0,1,63,6,1
3439,CA,GBP,17,Weekday,Visa,Debit,1,0,62,0,0
3755,AU,CAD,17,Weekday,Amex,Credit,1,0,62,1,0
8060,US,CAD,1,Weekend,Amex,Credit,0,1,26,10,1
1087,US,GBP,9,Weekday,Visa,Credit,0,0,22,12,0
3999,US,AUD,13,Weekend,Amex,Credit,1,0,63,4,0
9685,Other,AUD,1,Weekend,Amex,Credit,1,1,41,8,1
2009,CA,GBP,15,Weekend,Visa,Credit,1,0,35,9,0
4470,AU,USD,15,Weekday,Visa,Debit,1,0,30,11,0
4333,US,CAD,13,Weekday,Visa,Credit,1,0,68,4,0
225,CA,CAD,10,Weekday,Amex,Credit,0,0,40,7,0
2056,UK,GBP,14,Weekend,MasterCard,Debit,1,0,30,4,0
7880,UK,CAD,23,Weekend,Visa,Debit,1,1,44,1,1
5714,Other,USD,23,Weekday,MasterCard,Credit,1,1,45,3,1
1230,CA,AUD,14,Weekend,Amex,Credit,1,0,50,4,0
5418,AU,USD,0,Weekend,Visa,Credit,1,1,22,5,1
8441,Other,USD,0,Weekend,Visa,Credit,1,1,37,2,1
4479,UK,CAD,13,Weekday,MasterCard,Debit,0,0,32,0,0
9065,CA,USD,1,Weekday,Amex,Debit,1,1,57,1,1
9793,CA,GBP,23,Weekday,Visa,Credit,1,1,47,8,1
2390,AU,USD,13,Weekend,Amex,Debit,1,0,52,2,0
262,Other,GBP,16,Weekend,Visa,Credit,0,0,55,9,0
9566,AU,USD,23,Weekend,MasterCard,Debit,1,1,25,4,1
3244,Other,AUD,19,Weekend,Amex,Debit,1,0,22,3,0
6959,CA,CAD,1,Weekend,Discover,Credit,1,1,50,5,1
5095,US,GBP,1,Weekend,Amex,Credit,1,1,24,10,1
3820,UK,GBP,16,Weekday,Amex,Debit,0,0,34,2,0
590,CA,AUD,11,Weekday,Discover,Debit,1,0,29,6,0
2694,UK,AUD,18,Weekday,Amex,Debit,1,0,60,6,0
493,UK,CAD,15,Weekday,MasterCard,Debit,0,0,27,5,0
2698,CA,AUD,19,Weekend,Discover,Credit,0,0,21,0,0
7128,Other,AUD,0,Weekend,Visa,Credit,0,1,67,9,1
2760,US,GBP,13,Weekend,Visa,Credit,1,0,33,12,0
9262,US,CAD,23,Weekday,Discover,Credit,1,1,25,8,1
1422,US,USD,12,Weekend,Amex,Credit,0,0,27,10,0
8585,Other,GBP,0,Weekday,MasterCard,Debit,1,1,27,6,1
8101,Other,AUD,1,Weekend,Discover,Credit,1,1,34,3,1
2625,US,AUD,17,Weekday,Amex,Debit,0,0,33,10,0
7592,US,USD,23,Weekend,Discover,Credit,1,1,46,2,1
388,Other,CAD,9,Weekday,Amex,Credit,1,0,28,9,0
7688,AU,CAD,23,Weekend,MasterCard,Credit,1,1,27,5,1
1018,AU,CAD,11,Weekday,Discover,Debit,0,0,25,7,0
7669,CA,CAD,0,Weekday,MasterCard,Credit,1,1,56,2,1
5287,CA,AUD,1,Weekend,MasterCard,Debit,1,1,39,10,1
161,UK,GBP,18,Weekday,Amex,Credit,0,0,60,9,0
8311,US,CAD,1,Weekend,Discover,Credit,1,1,66,0,1
4500,CA,USD,17,Weekday,MasterCard,Credit,1,0,29,0,0
6050,CA,GBP,23,Weekend,MasterCard,Debit,1,1,54,0,1
4948,US,CAD,13,Weekday,MasterCard,Debit,0,0,26,3,0
7058,Other,AUD,23,Weekend,Amex,Credit,0,1,49,11,1
6408,Other,GBP,0,Weekday,Discover,Credit,0,1,69,7,1
9869,AU,CAD,23,Weekend,MasterCard,Debit,1,1,70,0,1
5369,Other,GBP,0,Weekday,Amex,Credit,0,1,44,12,1
3555,CA,USD,18,Weekday,Discover,Credit,1,0,49,8,0
779,CA,CAD,14,Weekday,Discover,Debit,0,0,23,11,0
7931,Other,AUD,1,Weekend,Amex,Debit,1,1,56,7,1
4491,UK,CAD,15,Weekend,Visa,Debit,1,0,68,6,0
2010,UK,CAD,14,Weekend,Discover,Credit,0,0,20,5,0
5515,Other,CAD,0,Weekday,Visa,Credit,1,1,61,2,1
7069,AU,CAD,23,Weekend,Visa,Debit,1,1,42,11,1
3182,UK,USD,13,Weekday,Amex,Debit,1,0,24,12,0
5897,Other,USD,1,Weekend,Visa,Debit,1,1,65,8,1
9552,Other,CAD,1,Weekend,Discover,Debit,1,1,49,9,1
8909,Other,GBP,0,Weekday,Amex,Credit,1,1,65,6,1
9732,AU,CAD,0,Weekend,MasterCard,Credit,1,1,68,3,1
1654,UK,USD,10,Weekend,Discover,Debit,1,0,28,12,0
381,AU,GBP,14,Weekday,Discover,Debit,0,0,59,0,0
7415,US,GBP,1,Weekend,Amex,Credit,1,1,49,10,1
394,Other,USD,18,Weekday,MasterCard,Debit,1,0,65,9,0
3386,UK,AUD,9,Weekend,Amex,Debit,1,0,40,4,0
3510,Other,CAD,8,Weekday,Visa,Debit,0,0,39,2,0
9540,US,CAD,0,Weekday,Amex,Debit,1,1,31,7,1
4150,Other,USD,8,Weekend,Amex,Credit,1,0,53,9,0
8316,US,GBP,23,Weekday,Visa,Credit,1,1,50,4,1
9183,Other,USD,1,Weekend,MasterCard,Credit,1,1,18,7,1
3840,CA,CAD,17,Weekend,MasterCard,Debit,1,0,66,1,0
715,UK,USD,17,Weekend,Discover,Credit,1,0,61,0,0
8642,Other,AUD,1,Weekend,Amex,Credit,0,1,65,8,1
486,Other,GBP,12,Weekend,Amex,Debit,1,0,24,6,0
7038,Other,AUD,1,Weekend,Amex,Credit,0,1,65,11,1
7315,AU,CAD,0,Weekend,Discover,Credit,1,1,49,1,1
3102,Other,USD,10,Weekday,Amex,Debit,1,0,38,2,0
5805,CA,GBP,0,Weekend,Amex,Debit,0,1,67,9,1
7319,Other,CAD,0,Weekend,Amex,Credit,0,1,23,1,1
4090,CA,GBP,15,Weekday,Discover,Debit,0,0,48,10,0
1290,US,CAD,12,Weekday,Discover,Credit,0,0,25,10,0
4178,Other,AUD,17,Weekday,Visa,Credit,0,0,62,9,0
2310,CA,CAD,19,Weekday,Discover,Credit,0,0,61,5,0
4625,CA,CAD,16,Weekday,Amex,Credit,1,0,19,5,0
8267,CA,AUD,23,Weekday,Amex,Debit,1,1,67,5,1
6664,Other,CAD,1,Weekend,Discover,Credit,0,1,40,2,1
6522,Other,GBP,0,Weekday,Amex,Credit,1,1,42,12,1
9153,CA,GBP,0,Weekday,Amex,Credit,1,1,22,12,1
5668,CA,CAD,0,Weekday,Visa,Credit,1,1,61,0,1
4446,Other,AUD,10,Weekend,Visa,Debit,1,0,22,12,0
7539,AU,CAD,23,Weekday,Amex,Debit,1,1,61,5,1
6668,UK,USD,23,Weekend,MasterCard,Credit,1,1,46,4,1
5642,Other,AUD,0,Weekday,Discover,Debit,1,1,52,8,1
6569,Other,GBP,1,Weekday,Amex,Credit,1,1,65,6,1
6993,US,CAD,0,Weekend,Amex,Credit,1,1,45,7,1
2214,US,GBP,19,Weekday,Discover,Debit,0,0,54,8,0
3260,US,USD,16,Weekday,Discover,Debit,1,0,68,8,0
9723,US,USD,1,Weekend,Amex,Debit,1,1,56,11,1
4208,UK,AUD,12,Weekday,Discover,Credit,1,0,27,6,0
3814,US,CAD,12,Weekend,Discover,Credit,1,0,49,3,0
3361,CA,USD,18,Weekday,Amex,Debit,1,0,32,0,0
1606,AU,CAD,17,Weekday,Amex,Credit,1,0,46,12,0
7256,AU,GBP,0,Weekday,Discover,Credit,1,1,67,12,1
2163,CA,GBP,10,Weekend,Discover,Debit,0,0,65,2,0
2497,CA,GBP,17,Weekday,MasterCard,Debit,1,0,37,5,0
4605,Other,AUD,15,Weekend,Amex,Debit,0,0,18,8,0
9008,UK,GBP,23,Weekend,Discover,Debit,1,1,69,9,1
1219,AU,CAD,11,Weekend,MasterCard,Credit,0,0,49,11,0
6577,CA,AUD,1,Weekend,Amex,Debit,1,1,41,7,1
2282,AU,USD,14,Weekday,Visa,Credit,0,0,62,8,0
3828,UK,USD,11,Weekday,MasterCard,Credit,1,0,42,6,0
3002,AU,USD,15,Weekend,MasterCard,Credit,0,0,23,5,0
4296,AU,USD,15,Weekend,Discover,Credit,0,0,42,7,0
2090,AU,AUD,16,Weekend,Discover,Debit,0,0,55,8,0
7657,Other,USD,1,Weekend,Amex,Credit,1,1,20,1,1
3489,US,AUD,11,Weekend,Visa,Debit,1,0,67,9,0
506,CA,CAD,16,Weekday,Amex,Credit,1,0,64,10,0
2914,AU,CAD,17,Weekday,Amex,Debit,1,0,19,5,0
5759,Other,USD,0,Weekend,Amex,Credit,1,1,20,1,1
8368,US,GBP,23,Weekend,Visa,Credit,1,1,21,2,1
6974,US,GBP,23,Weekend,Discover,Debit,1,1,42,11,1
6762,CA,CAD,0,Weekend,Discover,Credit,1,1,50,5,1
5672,CA,CAD,1,Weekend,Amex,Credit,1,1,19,7,1
9608,Other,CAD,1,Weekend,Amex,Credit,0,1,22,11,1
6844,Other,GBP,1,Weekday,Amex,Debit,1,1,43,1,1
4787,CA,AUD,13,Weekday,Visa,Credit,1,0,55,2,0
7558,Other,AUD,1,Weekend,Amex,Credit,1,1,30,1,1
8212,Other,AUD,0,Weekday,Amex,Debit,0,1,44,12,1
6370,AU,CAD,1,Weekend,Discover,Debit,1,1,55,1,1
3091,AU,USD,18,Weekday,Amex,Credit,1,0,59,9,0
2306,US,AUD,12,Weekday,Amex,Debit,1,0,45,11,0
2726,US,USD,10,Weekday,Discover,Credit,0,0,70,5,0
2350,UK,USD,12,Weekday,Amex,Credit,1,0,33,12,0
1710,AU,USD,8,Weekend,Visa,Debit,1,0,70,2,0
9453,US,AUD,0,Weekend,MasterCard,Credit,1,1,30,0,1
5668,Other,CAD,23,Weekend,MasterCard,Credit,1,1,57,1,1
1572,UK,AUD,8,Weekday,Amex,Credit,1,0,38,2,0
9324,Other,CAD,23,Weekday,Discover,Debit,1,1,32,11,1
5174,Other,AUD,0,Weekday,Discover,Credit,1,1,59,11,1
7610,AU,GBP,1,Weekend,Amex,Debit,1,1,33,0,1
4026,AU,USD,19,Weekend,MasterCard,Debit,1,0,18,7,0
4082,US,USD,9,Weekday,Discover,Debit,1,0,65,1,0
9645,UK,AUD,0,Weekend,Discover,Credit,1,1,54,4,1
9787,Other,AUD,23,Weekday,Visa,Credit,1,1,63,6,1
7703,CA,GBP,0,Weekday,Amex,Credit,1,1,22,12,1
7641,US,AUD,1,Weekday,Amex,Credit,1,1,37,9,1
9760,AU,CAD,0,Weekend,MasterCard,Debit,1,1,70,0,1
6091,Other,GBP,1,Weekend,Visa,Debit,1,1,19,1,1
5997,AU,GBP,23,Weekend,Amex,Credit,1,1,43,11,1
6299,AU,GBP,23,Weekend,Visa,Debit,1,1,18,5,1
8698,AU,USD,1,Weekend,MasterCard,Credit,1,1,37,2,1
8269,Other,AUD,0,Weekend,Discover,Credit,0,1,24,10,1
4714,Other,GBP,17,Weekday,Amex,Credit,0,0,54,4,0
7432,AU,USD,1,Weekend,Visa,Credit,1,1,60,1,1
7935,US,AUD,0,Weekend,Amex,Debit,1,1,67,6,1
9847,US,GBP,1,Weekend,Amex,Credit,1,1,35,8,1
1827,UK,USD,12,Weekday,MasterCard,Debit,1,0,59,12,0
6052,Other,CAD,23,Weekday,Amex,Debit,0,1,50,4,1
5021,Other,USD,1,Weekday,Amex,Debit,1,1,61,5,1
3542,US,CAD,19,Weekend,MasterCard,Credit,0,0,27,12,0
592,CA,GBP,18,Weekend,Discover,Credit,0,0,27,12,0
8865,Other,GBP,1,Weekend,Visa,Credit,1,1,64,1,1
1852,UK,CAD,15,Weekend,Visa,Credit,0,0,56,11,0
9331,AU,AUD,0,Weekend,MasterCard,Credit,1,1,54,2,1
1020,US,GBP,19,Weekend,Visa,Credit,1,0,48,3,0
462,AU,CAD,9,Weekend,Discover,Credit,1,0,57,11,0
5031,US,USD,0,Weekend,MasterCard,Debit,1,1,40,11,1
8589,US,GBP,1,Weekend,Amex,Credit,1,1,38,3,1
1583,Other,GBP,13,Weekend,MasterCard,Credit,0,0,54,11,0
3763,AU,AUD,17,Weekend,Amex,Credit,1,0,49,12,0
2427,US,CAD,19,Weekday,Discover,Debit,1,0,56,1,0
9852,Other,GBP,23,Weekend,Visa,Credit,0,1,60,0,1
1962,AU,USD,16,Weekend,Discover,Credit,1,0,63,4,0
6511,UK,AUD,1,Weekend,MasterCard,Credit,1,1,47,9,1
9175,Other,CAD,23,Weekend,Discover,Credit,0,1,40,2,1
2445,Other,GBP,17,Weekday,MasterCard,Credit,1,0,35,9,0
7002,CA,USD,0,Weekend,Discover,Credit,1,1,52,11,1
8427,US,AUD,23,Weekend,Discover,Credit,1,1,60,6,1
5292,CA,GBP,0,Weekend,Discover,Credit,1,1,23,2,1
9626,US,GBP,0,Weekend,Amex,Credit,1,1,24,10,1
3413,US,AUD,9,Weekday,Discover,Credit,1,0,47,11,0
4836,US,GBP,10,Weekday,MasterCard,Debit,0,0,27,5,0
9618,Other,CAD,1,Weekend,Amex,Credit,1,1,69,7,1
6269,AU,CAD,1,Weekday,Discover,Credit,1,1,43,11,1
8614,Other,CAD,1,Weekday,Discover,Debit,1,1,37,9,1
6446,AU,AUD,23,Weekday,Amex,Debit,1,1,53,10,1
8028,AU,CAD,1,Weekday,Amex,Credit,1,1,19,8,1
6823,Other,USD,1,Weekend,Amex,Credit,1,1,30,9,1
5401,AU,GBP,23,Weekday,Amex,Credit,0,1,32,9,1
678,UK,USD,18,Weekday,Amex,Debit,1,0,28,12,0
8367,UK,CAD,23,Weekend,MasterCard,Debit,1,1,20,1,1
5785,CA,CAD,0,Weekend,MasterCard,Debit,1,1,18,10,1
8539,UK,USD,23,Weekend,MasterCard,Credit,1,1,46,4,1
9931,Other,USD,1,Weekend,Amex,Debit,1,1,33,3,1
8951,Other,GBP,23,Weekend,Discover,Credit,1,1,42,12,1
3103,UK,GBP,14,Weekday,MasterCard,Credit,0,0,43,1,0
128,Other,GBP,8,Weekend,Discover,Credit,1,0,23,5,0
6798,Other,AUD,1,Weekend,Amex,Debit,1,1,24,9,1
5622,UK,AUD,0,Weekday,Discover,Debit,1,1,34,2,1
5136,Other,GBP,0,Weekday,MasterCard,Debit,1,1,27,6,1
6125,Other,CAD,0,Weekend,MasterCard,Credit,0,1,62,0,1
9175,US,USD,1,Weekend,Discover,Credit,1,1,63,2,1
8746,AU,CAD,1,Weekday,Visa,Credit,1,1,56,4,1
2404,US,CAD,14,Weekday,MasterCard,Debit,0,0,19,11,0
8560,UK,AUD,1,Weekday,Discover,Credit,1,1,44,8,1
8710,UK,USD,23,Weekend,Discover,Credit,1,1,29,2,1
2089,AU,AUD,11,Weekend,Amex,Debit,0,0,50,12,0
7245,Other,AUD,0,Weekend,Amex,Debit,1,1,38,11,1
6046,Other,USD,23,Weekend,MasterCard,Credit,0,1,24,1,1
1789,Other,USD,16,Weekday,Visa,Credit,1,0,45,10,0
152,CA,AUD,8,Weekend,MasterCard,Credit,1,0,52,7,0
876,CA,USD,9,Weekday,Amex,Debit,0,0,30,1,0
1169,AU,GBP,11,Weekend,Visa,Credit,1,0,28,2,0
2126,Other,AUD,9,Weekend,Visa,Debit,0,0,57,9,0
6316,CA,USD,1,Weekend,MasterCard,Credit,1,1,46,2,1
7901,Other,CAD,23,Weekday,Amex,Credit,1,1,34,0,1
4055,UK,AUD,8,Weekend,Discover,Debit,0,0,37,0,0
755,US,USD,12,Weekend,Amex,Credit,0,0,68,10,0
9399,US,CAD,0,Weekday,Discover,Debit,1,1,41,6,1
5818,Other,AUD,1,Weekday,Visa,Credit,0,1,66,9,1
9043,Other,CAD,23,Weekday,Visa,Credit,1,1,61,2,1
4850,AU,USD,13,Weekday,Discover,Debit,0,0,65,7,0
6253,Other,USD,23,Weekday,Amex,Credit,0,1,41,10,1
6362,CA,GBP,0,Weekend,MasterCard,Debit,1,1,48,3,1
8080,Other,AUD,1,Weekday,Visa,Credit,1,1,35,4,1
1552,US,CAD,11,Weekend,MasterCard,Credit,0,0,62,3,0
9549,AU,USD,0,Weekend,MasterCard,Debit,1,1,46,5,1
3793,UK,AUD,17,Weekday,MasterCard,Credit,0,0,52,12,0
2175,UK,USD,14,Weekend,Discover,Debit,0,0,37,1,0
4497,AU,GBP,13,Weekday,Discover,Debit,0,0,67,12,0
1055,CA,GBP,11,Weekday,Discover,Debit,1,0,59,7,0
2663,AU,GBP,17,Weekday,Amex,Credit,1,0,68,6,0
5294,UK,USD,23,Weekend,MasterCard,Credit,1,1,63,9,1
2079,Other,GBP,18,Weekday,MasterCard,Debit,1,0,58,7,0
569,US,AUD,16,Weekend,Amex,Debit,0,0,44,10,0
8713,Other,USD,23,Weekend,Amex,Debit,1,1,33,3,1
9075,Other,GBP,23,Weekday,Discover,Credit,1,1,20,2,1
9234,US,AUD,0,Weekday,Amex,Credit,1,1,22,8,1
5916,Other,CAD,1,Weekend,Amex,Debit,1,1,44,7,1
4368,Other,USD,18,Weekday,Discover,Credit,0,0,67,12,0
1473,CA,USD,17,Weekday,Visa,Debit,1,0,28,8,0
8668,US,CAD,1,Weekend,Visa,Debit,1,1,65,3,1
3651,US,GBP,11,Weekday,Discover,Credit,0,0,46,5,0
9244,CA,AUD,1,Weekend,Discover,Debit,1,1,57,2,1
8353,CA,CAD,1,Weekend,MasterCard,Debit,1,1,18,10,1
4624,UK,CAD,11,Weekday,Amex,Credit,1,0,63,6,0
1311,CA,GBP,15,Weekday,Visa,Debit,0,0,40,7,0
2174,UK,GBP,13,Weekend,Visa,Credit,1,0,69,1,0
9980,Other,CAD,23,Weekend,Amex,Debit,1,1,69,3,1
6412,CA,USD,1,Weekend,MasterCard,Debit,1,1,64,5,1
5951,CA,USD,1,Weekday,Amex,Debit,1,1,28,12,1
8094,UK,CAD,23,Weekday,Discover,Credit,1,1,34,8,1
263,US,GBP,12,Weekday,Discover,Credit,0,0,60,0,0
6268,AU,GBP,23,Weekend,MasterCard,Credit,1,1,24,4,1
4780,Other,AUD,19,Weekend,Discover,Credit,1,0,68,2,0
2623,US,GBP,14,Weekday,Amex,Debit,0,0,68,3,0
5274,AU,USD,23,Weekend,Amex,Debit,1,1,22,7,1
3188,US,USD,9,Weekend,MasterCard,Credit,0,0,20,8,0
3719,Other,AUD,12,Weekend,Discover,Debit,1,0,67,4,0
6132,US,AUD,1,Weekday,MasterCard,Credit,1,1,51,10,1
972,US,AUD,16,Weekend,Visa,Debit,0,0,41,1,0
3948,UK,USD,13,Weekday,Discover,Credit,0,0,37,3,0
8896,US,CAD,0,Weekend,Amex,Credit,1,1,36,6,1
1160,CA,AUD,13,Weekend,Discover,Debit,1,0,61,11,0
9280,Other,GBP,23,Weekend,Visa,Credit,0,1,60,0,1
8755,US,CAD,0,Weekday,Amex,Credit,1,1,19,12,1
160,CA,GBP,19,Weekend,Amex,Debit,0,0,41,4,0
9223,Other,GBP,0,Weekend,Visa,Credit,0,1,66,2,1
9637,UK,CAD,23,Weekend,Amex,Credit,0,1,24,5,1
3585,Other,CAD,12,Weekday,Visa,Credit,1,0,34,4,0
5069,AU,AUD,23,Weekend,Visa,Credit,0,1,65,7,1
3946,CA,AUD,19,Weekend,MasterCard,Credit,1,0,47,6,0
8824,US,AUD,0,Weekend,Amex,Debit,1,1,67,6,1
4728,CA,GBP,18,Weekday,Visa,Credit,1,0,57,0,0
5631,AU,USD,1,Weekend,Discover,Debit,1,1,22,12,1
8369,AU,GBP,1,Weekend,Amex,Debit,1,1,52,4,1
1161,Other,GBP,19,Weekend,Amex,Credit,0,0,26,8,0
4393,Other,AUD,19,Weekday,Amex,Debit,0,0,63,1,0
2611,AU,GBP,10,Weekend,Amex,Debit,0,0,63,0,0
920,UK,USD,19,Weekend,Amex,Credit,1,0,29,11,0
8394,CA,CAD,0,Weekend,MasterCard,Credit,1,1,68,11,1
349,AU,CAD,14,Weekday,Visa,Debit,0,0,65,4,0
2244,AU,AUD,8,Weekend,MasterCard,Debit,0,0,23,6,0
3635,UK,AUD,18,Weekend,Amex,Debit,0,0,64,1,0
8215,Other,USD,0,Weekend,Visa,Debit,1,1,65,8,1
7141,UK,AUD,0,Weekend,Discover,Credit,1,1,64,10,1
8714,Other,CAD,0,Weekend,MasterCard,Credit,1,1,57,1,1
9079,AU,AUD,1,Weekday,Amex,Credit,1,1,40,7,1
9610,AU,CAD,1,Weekend,Visa,Credit,1,1,57,12,1
9649,UK,USD,1,Weekday,MasterCard,Credit,1,1,66,2,1
2269,CA,USD,8,Weekend,Discover,Credit,0,0,46,7,0
5065,CA,CAD,0,Weekend,Amex,Credit,0,1,23,11,1
4396,US,USD,17,Weekend,MasterCard,Debit,1,0,39,6,0
9780,Other,CAD,0,Weekday,Discover,Debit,1,1,48,3,1
7201,Other,USD,23,Weekend,Visa,Credit,1,1,37,2,1
7933,CA,USD,23,Weekend,Visa,Credit,1,1,70,4,1
8851,CA,GBP,23,Weekend,MasterCard,Debit,1,1,54,0,1
1464,Other,USD,11,Weekday,MasterCard,Credit,1,0,40,10,0
8470,AU,USD,0,Weekend,Discover,Debit,1,1,22,12,1
8634,CA,GBP,1,Weekday,Amex,Credit,1,1,51,12,1
5338,Other,AUD,1,Weekend,Amex,Debit,0,1,56,0,1
6105,AU,USD,23,Weekend,Visa,Credit,1,1,67,9,1
4480,Other,GBP,11,Weekday,MasterCard,Debit,1,0,39,10,0
3146,CA,AUD,12,Weekend,Visa,Credit,1,0,40,3,0
8696,Other,CAD,23,Weekend,Visa,Debit,0,1,52,9,1
5561,Other,GBP,23,Weekend,MasterCard,Credit,0,1,54,12,1
6868,UK,USD,0,Weekend,Discover,Credit,1,1,52,12,1
9089,Other,AUD,23,Weekday,Amex,Debit,0,1,65,10,1
4071,Other,GBP,8,Weekend,MasterCard,Debit,0,0,68,10,0
2309,UK,GBP,8,Weekend,Discover,Debit,0,0,65,8,0
3840,Other,GBP,14,Weekend,Discover,Debit,0,0,50,4,0
5089,UK,CAD,1,Weekend,MasterCard,Debit,1,1,20,1,1
1541,UK,GBP,16,Weekday,Discover,Debit,1,0,48,6,0
8798,UK,GBP,0,Weekend,Amex,Debit,1,1,51,1,1
8720,US,AUD,23,Weekday,Discover,Credit,1,1,20,6,1
6429,US,USD,23,Weekend,Visa,Credit,1,1,53,7,1
4005,US,AUD,15,Weekend,Amex,Debit,0,0,64,10,0
8886,Other,GBP,23,Weekday,Amex,Debit,1,1,43,1,1
1580,CA,USD,13,Weekday,MasterCard,Credit,0,0,63,7,0
1732,Other,AUD,18,Weekend,Discover,Credit,1,0,34,10,0
1867,UK,GBP,16,Weekend,MasterCard,Debit,1,0,21,1,0
3226,UK,GBP,10,Weekday,MasterCard,Credit,1,0,50,7,0
1248,UK,GBP,9,Weekday,Visa,Debit,1,0,43,2,0
5012,Other,AUD,0,Weekday,Visa,Debit,1,1,53,9,1
3374,UK,GBP,15,Weekend,Discover,Debit,0,0,49,10,0
6412,Other,GBP,23,Weekend,Visa,Debit,1,1,63,1,1
9970,Other,CAD,23,Weekend,Discover,Credit,0,1,49,10,1
8934,Other,GBP,0,Weekday,Visa,Credit,1,1,67,6,1
3096,US,CAD,8,Weekday,Amex,Debit,0,0,69,9,0
1322,CA,CAD,18,Weekend,Visa,Credit,0,0,27,8,0
3970,Other,AUD,17,Weekend,MasterCard,Credit,0,0,40,0,0
7951,Other,USD,1,Weekday,MasterCard,Credit,1,1,25,2,1
7790,US,CAD,23,Weekend,MasterCard,Credit,1,1,27,1,1
8232,US,CAD,1,Weekend,MasterCard,Debit,1,1,70,1,1
5961,Other,AUD,23,Weekday,Discover,Credit,1,1,18,6,1
3318,US,AUD,19,Weekend,Visa,Credit,0,0,59,7,0
9520,AU,CAD,23,Weekend,Visa,Credit,1,1,29,7,1
2074,AU,GBP,10,Weekday,Visa,Debit,1,0,66,9,0
3823,US,USD,12,Weekend,Visa,Credit,1,0,26,7,0
4017,US,CAD,11,Weekend,MasterCard,Debit,1,0,27,9,0
2653,US,AUD,11,Weekend,Visa,Debit,0,0,64,7,0
2074,Other,GBP,15,Weekend,Amex,Debit,0,0,47,8,0
1508,CA,AUD,17,Weekend,MasterCard,Debit,1,0,48,8,0
2021,Other,USD,17,Weekend,MasterCard,Credit,1,0,20,7,0
4433,Other,CAD,17,Weekend,Visa,Debit,0,0,54,2,0
2999,Other,AUD,13,Weekday,Visa,Credit,1,0,62,9,0
6424,UK,GBP,0,Weekday,Amex,Debit,1,1,36,4,1
2914,UK,AUD,18,Weekday,Discover,Credit,1,0,19,1,0
6262,UK,AUD,23,Weekday,Amex,Credit,1,1,57,9,1
1180,CA,USD,19,Weekend,MasterCard,Debit,1,0,28,9,0
627,US,USD,16,Weekend,Visa,Credit,1,0,20,0,0
5493,UK,GBP,0,Weekend,Amex,Debit,1,1,35,3,1
4141,AU,USD,11,Weekday,MasterCard,Credit,1,0,70,11,0
1198,UK,USD,12,Weekend,Visa,Debit,1,0,27,8,0
7179,AU,AUD,0,Weekend,Visa,Debit,1,1,56,7,1
9275,UK,CAD,23,Weekend,Amex,Credit,1,1,38,8,1
9158,AU,AUD,23,Weekend,Amex,Debit,1,1,66,2,1
5915,UK,CAD,0,Weekday,Amex,Credit,1,1,32,9,1
5123,US,CAD,23,Weekend,Visa,Credit,1,1,65,5,1
285,US,USD,10,Weekend,Visa,Debit,1,0,20,9,0
3558,CA,CAD,15,Weekday,Discover,Debit,0,0,40,8,0
3916,AU,CAD,18,Weekend,Amex,Credit,0,0,20,12,0
6874,UK,AUD,23,Weekend,Discover,Credit,1,1,67,1,1
5418,AU,GBP,1,Weekday,Visa,Credit,1,1,32,11,1
2995,US,USD,16,Weekday,MasterCard,Debit,1,0,26,2,0
846,Other,GBP,12,Weekday,Discover,Debit,1,0,30,11,0
5197,US,USD,1,Weekend,Amex,Credit,1,1,50,7,1
8490,Other,CAD,1,Weekend,MasterCard,Debit,1,1,50,4,1
9035,US,AUD,1,Weekday,MasterCard,Credit,1,1,21,3,1
7200,Other,CAD,23,Weekday,Amex,Credit,1,1,58,6,1
866,UK,CAD,17,Weekday,Visa,Debit,0,0,55,1,0
4448,AU,AUD,19,Weekend,MasterCard,Credit,0,0,48,12,0
9978,AU,USD,0,Weekend,Discover,Debit,1,1,70,8,1
5983,Other,AUD,1,Weekend,Amex,Credit,0,1,65,11,1
5506,AU,CAD,0,Weekday,Discover,Credit,1,1,21,9,1
4322,Other,CAD,14,Weekend,MasterCard,Credit,1,0,55,10,0
598,US,CAD,8,Weekend,Visa,Credit,1,0,35,11,0
3479,AU,AUD,10,Weekday,Amex,Credit,1,0,47,8,0
2175,US,CAD,19,Weekday,Amex,Credit,1,0,25,1,0
5084,UK,CAD,23,Weekend,Visa,Credit,1,1,26,12,1
4443,US,USD,11,Weekday,Visa,Debit,1,0,48,3,0
1847,UK,CAD,8,Weekend,Amex,Debit,1,0,62,8,0
707,US,AUD,12,Weekday,Visa,Debit,1,0,30,7,0
3646,UK,CAD,12,Weekend,Visa,Credit,0,0,48,11,0
1605,UK,AUD,13,Weekday,Visa,Debit,1,0,47,6,0
8883,CA,GBP,0,Weekend,MasterCard,Debit,1,1,54,0,1
4223,AU,AUD,18,Weekday,MasterCard,Credit,1,0,33,8,0
9800,AU,USD,1,Weekend,Discover,Credit,1,1,59,4,1
2781,AU,CAD,15,Weekend,Visa,Credit,1,0,43,5,0
1600,CA,USD,8,Weekend,Discover,Debit,0,0,62,7,0
2905,US,CAD,8,Weekend,Amex,Debit,0,0,56,10,0
7321,Other,CAD,0,Weekday,Amex,Credit,0,1,42,6,1
6735,Other,AUD,1,Weekend,Visa,Debit,1,1,24,0,1
8238,US,CAD,1,Weekend,MasterCard,Debit,1,1,69,11,1
4766,UK,GBP,17,Weekend,MasterCard,Credit,0,0,32,3,0
1683,US,AUD,11,Weekend,Visa,Debit,1,0,65,9,0
101,US,CAD,8,Weekend,Discover,Debit,1,0,34,4,0
2400,UK,CAD,8,Weekend,Discover,Debit,1,0,21,12,0
768,Other,AUD,12,Weekday,Discover,Credit,1,0,26,12,0
1201,Other,USD,12,Weekday,Discover,Credit,1,0,33,0,0
8011,CA,AUD,0,Weekend,MasterCard,Debit,1,1,47,1,1
8885,Other,USD,0,Weekend,Amex,Credit,1,1,30,9,1
7611,Other,CAD,23,Weekday,MasterCard,Credit,1,1,37,10,1
1354,CA,CAD,9,Weekday,MasterCard,Credit,1,0,34,6,0
5576,CA,CAD,0,Weekday,Amex,Debit,1,1,18,10,1
1870,AU,AUD,14,Weekday,Discover,Credit,0,0,48,5,0
9028,Other,AUD,0,Weekend,Amex,Credit,0,1,49,5,1
3014,AU,AUD,8,Weekend,Visa,Debit,1,0,36,11,0
2821,Other,AUD,18,Weekend,MasterCard,Credit,1,0,64,11,0
5775,CA,AUD,0,Weekend,Visa,Credit,1,1,24,8,1
7611,UK,USD,1,Weekend,Discover,Credit,1,1,51,10,1
6245,Other,AUD,1,Weekday,Amex,Credit,1,1,62,6,1
1106,CA,USD,13,Weekend,MasterCard,Debit,1,0,28,4,0
4581,CA,USD,16,Weekend,Visa,Credit,1,0,40,5,0
2567,US,AUD,19,Weekday,Visa,Credit,0,0,18,12,0
1593,AU,GBP,15,Weekday,Amex,Debit,1,0,49,3,0
8594,CA,USD,23,Weekend,Visa,Credit,1,1,65,4,1
5513,CA,GBP,23,Weekend,Amex,Credit,1,1,40,11,1
4906,AU,GBP,10,Weekend,MasterCard,Debit,1,0,26,5,0
3642,CA,GBP,11,Weekend,Visa,Debit,0,0,58,2,0
6342,UK,USD,1,Weekend,Amex,Debit,1,1,59,9,1
3099,US,USD,13,Weekend,Amex,Debit,1,0,69,0,0
7896,Other,CAD,0,Weekend,Amex,Debit,1,1,27,11,1
998,AU,CAD,12,Weekday,Visa,Credit,1,0,37,9,0
5321,CA,AUD,1,Weekday,Amex,Debit,1,1,67,5,1
5605,AU,CAD,23,Weekend,Visa,Credit,1,1,28,12,1
424,US,CAD,9,Weekend,Visa,Credit,0,0,33,6,0
2443,Other,CAD,14,Weekday,Amex,Credit,1,0,61,1,0
5669,Other,GBP,1,Weekend,Amex,Credit,1,1,48,7,1
1926,UK,AUD,8,Weekend,Discover,Credit,1,0,46,8,0
5606,CA,GBP,23,Weekend,Visa,Debit,1,1,23,9,1
6188,UK,CAD,0,Weekday,Amex,Debit,1,1,52,5,1
1061,CA,AUD,19,Weekend,Visa,Credit,0,0,37,4,0
6866,Other,CAD,23,Weekend,Visa,Credit,0,1,38,9,1
9006,AU,CAD,23,Weekend,MasterCard,Credit,1,1,49,3,1
9459,UK,USD,0,Weekend,MasterCard,Credit,1,1,46,4,1
9366,AU,AUD,23,Weekend,MasterCard,Debit,1,1,21,7,1
1131,AU,GBP,12,Weekend,Amex,Credit,1,0,22,10,0
4262,Other,USD,15,Weekday,Discover,Credit,0,0,53,3,0
4548,AU,GBP,9,Weekday,Discover,Credit,1,0,43,12,0
1899,CA,GBP,9,Weekend,Discover,Credit,1,0,70,4,0
9198,Other,GBP,23,Weekday,Visa,Credit,1,1,39,2,1
3239,UK,CAD,8,Weekday,MasterCard,Credit,1,0,65,8,0
9763,CA,GBP,0,Weekday,Amex,Debit,1,1,58,1,1
5731,Other,USD,23,Weekend,MasterCard,Credit,1,1,18,7,1
2082,CA,AUD,16,Weekday,Discover,Debit,1,0,68,2,0
8275,CA,CAD,0,Weekday,Amex,Credit,1,1,70,6,1
3531,Other,USD,17,Weekday,MasterCard,Credit,1,0,29,4,0
5431,AU,AUD,23,Weekend,Amex,Credit,1,1,53,1,1
7300,UK,GBP,1,Weekend,MasterCard,Credit,1,1,31,12,1
2698,AU,USD,18,Weekend,Amex,Credit,1,0,51,12,0
5792,US,CAD,23,Weekend,Visa,Credit,1,1,34,7,1
921,AU,CAD,12,Weekday,MasterCard,Credit,1,0,64,4,0
5494,Other,AUD,1,Weekend,Amex,Debit,0,1,47,9,1
4047,UK,CAD,10,Weekday,Discover,Debit,1,0,47,12,0
4603,US,GBP,8,Weekend,Discover,Debit,1,0,26,8,0
9593,CA,AUD,23,Weekend,MasterCard,Credit,1,1,54,8,1
6421,Other,USD,23,Weekday,MasterCard,Credit,1,1,45,3,1
551,CA,AUD,9,Weekend,Amex,Debit,1,0,40,7,0
5826,US,USD,0,Weekend,Visa,Credit,1,1,24,5,1
5337,AU,USD,1,Weekday,Amex,Credit,1,1,63,7,1
9321,UK,AUD,0,Weekend,Visa,Debit,1,1,24,9,1
4060,CA,USD,12,Weekday,Discover,Debit,1,0,33,6,0
165,Other,CAD,10,Weekday,MasterCard,Debit,1,0,64,1,0
1051,AU,CAD,14,Weekday,MasterCard,Debit,1,0,20,11,0
6436,Other,AUD,1,Weekday,Amex,Debit,0,1,40,6,1
9028,Other,AUD,1,Weekday,Discover,Credit,1,1,42,3,1
1007,Other,AUD,17,Weekend,MasterCard,Debit,1,0,64,11,0
5104,UK,CAD,1,Weekend,MasterCard,Credit,1,1,51,7,1
3085,CA,AUD,8,Weekend,Visa,Credit,1,0,22,7,0
1209,Other,AUD,18,Weekday,Discover,Credit,1,0,52,11,0
7362,AU,CAD,23,Weekday,Amex,Credit,0,1,47,9,1
9253,UK,USD,0,Weekend,MasterCard,Credit,1,1,63,9,1
2567,Other,AUD,15,Weekday,MasterCard,Debit,1,0,51,2,0
4641,CA,CAD,15,Weekend,Discover,Credit,0,0,29,5,0
7308,Other,AUD,1,Weekend,Amex,Debit,0,1,41,3,1
8520,Other,GBP,0,Weekday,Amex,Debit,1,1,41,11,1
4725,US,GBP,15,Weekday,Visa,Debit,1,0,40,2,0
7907,UK,AUD,0,Weekday,Discover,Credit,1,1,44,8,1
4209,CA,GBP,17,Weekday,Visa,Credit,1,0,64,0,0
9041,AU,GBP,1,Weekday,Visa,Credit,1,1,32,11,1
3305,AU,USD,18,Weekend,MasterCard,Debit,1,0,27,7,0
1348,US,CAD,8,Weekday,MasterCard,Debit,0,0,38,8,0
4355,Other,GBP,16,Weekday,MasterCard,Credit,1,0,22,11,0
2715,UK,GBP,12,Weekend,Amex,Debit,0,0,59,4,0
1327,Other,USD,19,Weekend,Amex,Credit,1,0,35,11,0
2282,AU,AUD,10,Weekend,Discover,Debit,1,0,65,9,0
6670,Other,CAD,23,Weekday,MasterCard,Debit,1,1,47,12,1
9718,CA,AUD,1,Weekend,Visa,Credit,1,1,36,11,1
7882,US,CAD,0,Weekday,Amex,Credit,1,1,19,12,1
1720,CA,USD,16,Weekday,Amex,Credit,0,0,45,0,0
3891,US,AUD,18,Weekend,Discover,Credit,1,0,40,3,0
7165,Other,CAD,23,Weekday,Amex,Credit,1,1,68,0,1
205,AU,GBP,10,Weekday,Amex,Debit,1,0,53,2,0
1635,CA,CAD,18,Weekday,Amex,Debit,1,0,68,2,0
2283,UK,GBP,10,Weekday,Visa,Debit,1,0,54,10,0
1447,US,USD,15,Weekend,Amex,Debit,1,0,68,0,0
1098,Other,GBP,9,Weekday,Visa,Debit,1,0,62,3,0
7239,US,GBP,1,Weekday,Visa,Credit,1,1,50,4,1
5486,UK,USD,0,Weekend,Discover,Credit,1,1,51,10,1
1788,UK,AUD,16,Weekday,Visa,Debit,0,0,60,0,0
1899,US,AUD,14,Weekday,MasterCard,Credit,0,0,51,4,0
1685,CA,GBP,13,Weekday,Visa,Debit,0,0,66,8,0
8641,Other,AUD,0,Weekday,Amex,Debit,1,1,31,2,1
1411,UK,CAD,17,Weekend,MasterCard,Debit,1,0,46,2,0
6083,Other,USD,23,Weekend,Amex,Debit,1,1,60,7,1
6481,AU,AUD,1,Weekend,Discover,Credit,1,1,19,1,1
5789,AU,AUD,23,Weekend,Discover,Credit,1,1,30,12,1
9282,UK,USD,0,Weekend,Discover,Credit,1,1,52,12,1
6380,UK,AUD,23,Weekday,Amex,Credit,1,1,18,4,1
1968,UK,USD,12,Weekend,Visa,Credit,1,0,25,10,0
6914,Other,CAD,0,Weekend,Discover,Credit,0,1,26,7,1
6380,US,AUD,1,Weekday,Discover,Credit,1,1,47,3,1
9760,Other,AUD,0,Weekday,Amex,Credit,0,1,61,3,1
3353,US,USD,13,Weekend,MasterCard,Credit,1,0,66,10,0
5226,Other,AUD,0,Weekend,Visa,Credit,0,1,67,9,1
3649,UK,USD,8,Weekend,Visa,Debit,1,0,43,6,0
178,UK,GBP,11,Weekend,Discover,Credit,0,0,65,0,0
3654,US,CAD,13,Weekday,Amex,Debit,0,0,47,6,0
1152,Other,GBP,14,Weekend,Visa,Credit,0,0,32,10,0
1526,Other,AUD,10,Weekend,MasterCard,Debit,0,0,42,7,0
2561,US,AUD,17,Weekend,Discover,Debit,1,0,23,5,0
3740,UK,CAD,8,Weekday,Amex,Debit,1,0,22,2,0
445,US,AUD,12,Weekend,MasterCard,Debit,1,0,49,9,0
9747,Other,USD,1,Weekday,MasterCard,Credit,1,1,25,2,1
6281,CA,GBP,1,Weekend,Amex,Credit,1,1,40,11,1
3711,AU,AUD,11,Weekend,Discover,Credit,1,0,25,0,0
2337,AU,USD,11,Weekend,MasterCard,Debit,1,0,36,7,0
2405,US,USD,19,Weekend,MasterCard,Credit,0,0,28,1,0
7274,Other,CAD,23,Weekday,MasterCard,Credit,1,1,37,10,1
2093,CA,USD,15,Weekend,Discover,Credit,1,0,67,2,0
9813,CA,GBP,0,Weekday,Amex,Credit,1,1,30,2,1
340,US,GBP,13,Weekend,MasterCard,Debit,0,0,58,6,0
4499,US,USD,11,Weekday,Discover,Credit,1,0,62,7,0
4198,US,USD,14,Weekend,Amex,Credit,1,0,43,2,0
8340,US,USD,0,Weekend,Discover,Credit,1,1,23,2,1
2208,US,CAD,11,Weekend,MasterCard,Credit,1,0,63,5,0
3944,AU,USD,11,Weekday,Visa,Credit,1,0,66,9,0
192,UK,GBP,13,Weekend,Visa,Debit,1,0,26,7,0
6863,Other,GBP,0,Weekend,MasterCard,Debit,1,1,49,4,1
6706,AU,CAD,0,Weekend,Discover,Credit,1,1,49,1,1
2964,UK,USD,8,Weekend,Discover,Debit,1,0,35,5,0
7377,UK,AUD,1,Weekend,Amex,Credit,1,1,68,12,1
7718,CA,CAD,1,Weekend,MasterCard,Debit,1,1,18,10,1
164,CA,USD,19,Weekend,MasterCard,Debit,1,0,47,0,0
3216,AU,USD,11,Weekday,MasterCard,Credit,1,0,54,7,0
6276,US,GBP,23,Weekend,Amex,Credit,1,1,68,12,1
8852,UK,GBP,1,Weekend,Amex,Debit,1,1,35,3,1
5314,Other,AUD,0,Weekend,Discover,Credit,1,1,62,0,1
1503,AU,AUD,9,Weekday,Discover,Debit,1,0,28,2,0
1783,AU,AUD,12,Weekday,Amex,Debit,0,0,54,9,0
5366,Other,AUD,0,Weekend,MasterCard,Credit,1,1,33,8,1
4392,CA,USD,19,Weekday,MasterCard,Debit,1,0,59,11,0
9893,Other,AUD,23,Weekday,Discover,Credit,1,1,42,3,1
2928,AU,AUD,11,Weekday,Amex,Debit,1,0,70,12,0
4724,Other,GBP,19,Weekend,Amex,Debit,1,0,64,12,0
7846,UK,CAD,1,Weekday,Amex,Credit,1,1,36,6,1
3519,US,CAD,11,Weekday,Visa,Credit,1,0,28,9,0
819,AU,GBP,17,Weekday,Amex,Debit,0,0,21,11,0
4017,Other,AUD,11,Weekday,Amex,Credit,0,0,68,1,0
8999,CA,AUD,0,Weekend,Amex,Credit,1,1,41,6,1
7253,US,GBP,0,Weekend,Amex,Credit,1,1,35,9,1
5874,Other,AUD,1,Weekend,Visa,Debit,1,1,46,9,1
6288,US,AUD,23,Weekday,Amex,Credit,1,1,22,8,1
1311,AU,CAD,8,Weekend,Amex,Credit,0,0,39,2,0
4413,US,AUD,13,Weekend,Discover,Credit,0,0,38,6,0
9254,US,CAD,0,Weekend,Visa,Credit,1,1,65,8,1
400,AU,USD,14,Weekday,Discover,Debit,1,0,63,12,0
3323,CA,USD,8,Weekday,Discover,Credit,1,0,65,3,0
5624,Other,AUD,1,Weekend,Amex,Credit,0,1,65,8,1
7025,Other,CAD,0,Weekday,MasterCard,Credit,0,1,56,12,1
9168,US,GBP,23,Weekend,Amex,Credit,1,1,19,6,1
6287,Other,USD,23,Weekend,Visa,Credit,1,1,56,4,1
9245,Other,AUD,0,Weekday,Visa,Debit,1,1,27,9,1
5635,US,CAD,0,Weekday,Amex,Credit,1,1,19,12,1
4084,Other,GBP,10,Weekend,Amex,Debit,1,0,64,1,0
2086,US,USD,12,Weekday,MasterCard,Credit,1,0,32,1,0
3094,Other,GBP,9,Weekend,Visa,Credit,0,0,27,6,0
665,Other,GBP,12,Weekend,MasterCard,Debit,0,0,50,2,0
3649,CA,GBP,17,Weekend,Visa,Debit,1,0,40,9,0
6228,CA,AUD,23,Weekend,MasterCard,Credit,1,1,54,8,1
2872,US,USD,12,Weekend,Visa,Debit,0,0,27,1,0
2255,AU,GBP,15,Weekend,Discover,Debit,1,0,54,12,0
7703,CA,AUD,1,Weekend,Visa,Credit,1,1,24,8,1
5490,Other,USD,0,Weekend,Amex,Debit,1,1,34,12,1
1508,Other,GBP,9,Weekend,MasterCard,Debit,1,0,52,12,0
943,US,GBP,10,Weekday,Discover,Debit,0,0,26,1,0
3162,UK,GBP,16,Weekday,Discover,Credit,1,0,20,9,0
2527,AU,USD,18,Weekend,MasterCard,Debit,1,0,46,10,0
7604,Other,USD,1,Weekend,Amex,Debit,1,1,34,12,1
9946,UK,GBP,23,Weekend,Discover,Credit,1,1,52,11,1
5915,US,AUD,1,Weekday,Amex,Credit,1,1,37,9,1
7387,Other,USD,1,Weekday,Discover,Credit,1,1,19,3,1
1745,Other,AUD,15,Weekday,MasterCard,Credit,1,0,19,12,0
6648,Other,AUD,23,Weekend,MasterCard,Credit,1,1,68,3,1
5164,Other,CAD,1,Weekend,Visa,Credit,1,1,64,12,1
1005,AU,GBP,12,Weekend,Visa,Credit,0,0,37,5,0
9449,Other,GBP,23,Weekday,Visa,Credit,1,1,19,10,1
3952,UK,USD,12,Weekday,Amex,Debit,1,0,29,3,0
9747,UK,USD,1,Weekday,Visa,Debit,1,1,23,12,1
4573,AU,CAD,16,Weekday,Visa,Credit,0,0,68,6,0
5584,Other,AUD,23,Weekend,Amex,Debit,1,1,62,5,1
7608,Other,USD,1,Weekend,Amex,Debit,1,1,20,5,1
1533,CA,AUD,16,Weekend,Discover,Credit,0,0,30,11,0
9771,Other,AUD,23,Weekend,Discover,Credit,0,1,57,0,1
7402,Other,AUD,0,Weekend,Discover,Credit,0,1,24,10,1
8666,US,CAD,0,Weekend,Amex,Credit,1,1,36,6,1
6828,UK,CAD,23,Weekend,Visa,Debit,1,1,44,1,1
1950,UK,CAD,14,Weekend,MasterCard,Debit,0,0,24,4,0
473,UK,GBP,17,Weekday,Discover,Credit,1,0,62,10,0
228,UK,CAD,14,Weekday,Discover,Debit,1,0,19,11,0
5512,Other,CAD,1,Weekday,Amex,Credit,0,1,59,3,1
5761,Other,CAD,1,Weekend,Discover,Credit,1,1,41,10,1
7880,US,AUD,0,Weekday,Amex,Credit,1,1,22,8,1
6533,AU,AUD,0,Weekend,Amex,Debit,1,1,66,2,1
853,UK,AUD,9,Weekday,MasterCard,Credit,0,0,49,8,0
9078,UK,CAD,1,Weekend,Amex,Credit,0,1,24,5,1
2942,US,GBP,8,Weekday,Discover,Debit,1,0,34,12,0
1190,AU,GBP,14,Weekend,Amex,Credit,1,0,46,12,0
1616,UK,CAD,12,Weekday,Visa,Credit,0,0,34,6,0
9595,UK,GBP,23,Weekday,Visa,Credit,1,1,58,11,1
275,Other,CAD,12,Weekend,Amex,Debit,0,0,42,1,0
4473,US,GBP,19,Weekend,Discover,Debit,1,0,52,8,0
6774,AU,USD,1,Weekend,Visa,Credit,1,1,67,9,1
9108,Other,AUD,0,Weekend,Amex,Credit,1,1,39,0,1
7248,Other,GBP,0,Weekend,Amex,Debit,1,1,50,2,1
407,UK,CAD,15,Weekend,Discover,Credit,1,0,22,3,0
1837,CA,AUD,15,Weekday,MasterCard,Debit,0,0,70,1,0
6320,Other,AUD,1,Weekend,Amex,Credit,1,1,55,1,1
8751,Other,GBP,23,Weekend,Amex,Credit,1,1,27,4,1
2701,CA,USD,15,Weekday,Amex,Debit,1,0,64,8,0
4831,CA,AUD,15,Weekend,Amex,Debit,1,0,48,4,0
4027,Other,CAD,18,Weekend,Amex,Credit,1,0,49,1,0
877,US,GBP,8,Weekday,Amex,Debit,0,0,25,5,0
2386,UK,AUD,19,Weekend,MasterCard,Debit,0,0,32,3,0
5801,Other,AUD,1,Weekend,Amex,Debit,1,1,56,9,1
3510,UK,GBP,11,Weekend,Visa,Debit,0,0,28,11,0
5410,CA,AUD,23,Weekend,Discover,Debit,1,1,57,2,1
584,Other,AUD,16,Weekday,Amex,Debit,1,0,30,5,0
8719,CA,CAD,1,Weekday,Discover,Credit,1,1,51,4,1
5318,Other,GBP,1,Weekend,Visa,Credit,0,1,66,2,1
6159,Other,GBP,0,Weekend,Visa,Credit,1,1,22,12,1
2274,Other,CAD,16,Weekend,Amex,Debit,1,0,31,11,0
8166,Other,CAD,23,Weekday,Amex,Credit,1,1,33,0,1
5980,CA,USD,23,Weekend,Amex,Credit,1,1,67,0,1
5279,US,CAD,23,Weekend,Amex,Debit,1,1,56,10,1
4991,UK,AUD,15,Weekday,Amex,Credit,1,0,53,1,0
2508,AU,GBP,11,Weekend,Amex,Credit,0,0,18,11,0
2241,AU,AUD,18,Weekend,Amex,Debit,0,0,33,8,0
8455,US,CAD,1,Weekend,Visa,Debit,1,1,65,3,1
4583,CA,AUD,8,Weekend,MasterCard,Debit,0,0,52,5,0
9792,Other,CAD,23,Weekday,Amex,Credit,1,1,49,3,1
4741,US,USD,11,Weekday,Amex,Credit,0,0,31,7,0
608,AU,USD,13,Weekday,Amex,Credit,0,0,19,6,0
9164,Other,CAD,1,Weekend,Discover,Debit,1,1,49,9,1
3947,US,USD,10,Weekday,Amex,Debit,1,0,31,3,0
4645,US,CAD,16,Weekday,MasterCard,Credit,0,0,70,11,0
7820,UK,USD,0,Weekday,MasterCard,Credit,1,1,22,6,1
9552,US,USD,0,Weekend,MasterCard,Debit,1,1,40,11,1
3067,UK,USD,15,Weekend,Amex,Credit,0,0,48,3,0
912,UK,CAD,19,Weekday,Amex,Credit,0,0,34,5,0
2227,CA,AUD,17,Weekend,Discover,Credit,0,0,56,11,0
9780,Other,GBP,0,Weekday,MasterCard,Debit,0,1,70,2,1
416,US,CAD,12,Weekend,Discover,Debit,0,0,69,9,0
5342,UK,GBP,0,Weekend,Discover,Debit,1,1,69,9,1
2804,UK,GBP,11,Weekday,Visa,Debit,0,0,59,11,0
5728,UK,USD,0,Weekday,Amex,Debit,1,1,59,12,1
9910,Other,CAD,0,Weekend,MasterCard,Credit,1,1,41,8,1
8337,US,CAD,23,Weekend,Amex,Credit,1,1,46,6,1
4737,Other,AUD,14,Weekend,Visa,Debit,1,0,66,12,0
7040,AU,GBP,1,Weekend,Discover,Credit,1,1,26,2,1
2755,US,GBP,15,Weekday,Amex,Debit,0,0,68,3,0
9109,Other,GBP,0,Weekday,Discover,Credit,1,1,69,12,1
3777,AU,GBP,12,Weekday,MasterCard,Credit,0,0,50,5,0
8204,Other,GBP,0,Weekday,MasterCard,Credit,1,1,34,8,1
352,AU,CAD,16,Weekend,Discover,Credit,1,0,34,11,0
6957,Other,AUD,23,Weekday,MasterCard,Debit,1,1,31,2,1
1810,UK,GBP,18,Weekday,Amex,Debit,1,0,47,11,0
3739,US,USD,9,Weekday,Visa,Debit,1,0,19,2,0
6676,UK,AUD,23,Weekend,MasterCard,Credit,1,1,47,9,1
7275,AU,USD,23,Weekend,Amex,Debit,1,1,41,6,1
4682,US,USD,9,Weekend,Visa,Debit,1,0,33,10,0
4804,UK,GBP,15,Weekday,Amex,Debit,0,0,25,8,0
1832,AU,USD,8,Weekend,MasterCard,Debit,0,0,31,7,0
8782,AU,AUD,1,Weekend,Amex,Debit,1,1,66,2,1
2222,CA,AUD,11,Weekend,Amex,Credit,0,0,28,5,0
2124,US,GBP,19,Weekday,Visa,Credit,1,0,50,12,0
8871,CA,USD,23,Weekend,MasterCard,Credit,1,1,46,2,1
5225,Other,CAD,1,Weekend,Visa,Debit,0,1,52,9,1
8349,AU,CAD,23,Weekend,Discover,Credit,1,1,49,1,1
5392,UK,GBP,0,Weekend,Amex,Credit,1,1,25,9,1
5988,US,AUD,0,Weekend,Visa,Credit,1,1,58,8,1
8330,US,CAD,0,Weekend,Amex,Credit,1,1,45,7,1
6886,US,CAD,0,Weekend,Amex,Debit,1,1,56,10,1
2832,US,GBP,12,Weekend,Amex,Debit,0,0,22,12,0
5279,Other,GBP,23,Weekend,Visa,Debit,1,1,50,2,1
875,AU,GBP,13,Weekday,Amex,Credit,0,0,62,5,0
8429,US,CAD,23,Weekend,Discover,Credit,1,1,22,0,1
9641,AU,USD,23,Weekend,Visa,Credit,1,1,22,5,1
6991,CA,USD,1,Weekday,Amex,Debit,1,1,28,12,1
7080,Other,AUD,0,Weekday,Visa,Credit,1,1,63,6,1
1987,Other,AUD,9,Weekday,Amex,Debit,0,0,23,2,0
5032,Other,USD,1,Weekday,MasterCard,Credit,1,1,65,8,1
8620,UK,AUD,1,Weekend,Visa,Credit,1,1,38,0,1
4280,AU,CAD,12,Weekend,Visa,Credit,0,0,18,12,0
2347,Other,CAD,15,Weekend,Discover,Credit,1,0,52,5,0
6462,AU,GBP,1,Weekend,Visa,Credit,1,1,18,12,1
1116,UK,USD,10,Weekend,MasterCard,Debit,1,0,65,6,0
2915,US,CAD,12,Weekend,MasterCard,Debit,1,0,46,9,0
4232,AU,CAD,11,Weekday,Amex,Credit,1,0,48,10,0
2743,CA,USD,17,Weekday,Amex,Debit,1,0,29,6,0
4624,UK,AUD,13,Weekday,Visa,Debit,0,0,24,5,0
1521,US,CAD,14,Weekday,Discover,Credit,0,0,52,10,0
2247,UK,AUD,12,Weekend,MasterCard,Debit,0,0,52,3,0
7632,Other,AUD,1,Weekday,Discover,Credit,1,1,42,3,1
2669,US,CAD,18,Weekend,Discover,Debit,1,0,59,11,0
7593,AU,USD,0,Weekend,Amex,Credit,1,1,30,8,1
3781,CA,CAD,14,Weekday,Amex,Credit,0,0,51,11,0
8438,Other,CAD,0,Weekday,Amex,Credit,0,1,42,6,1
5533,AU,GBP,1,Weekday,Discover,Credit,1,1,67,7,1
2026,AU,GBP,8,Weekend,Visa,Credit,0,0,64,5,0
4637,Other,GBP,8,Weekend,Amex,Debit,1,0,53,6,0
2195,US,CAD,19,Weekend,MasterCard,Credit,1,0,49,2,0
3102,US,GBP,9,Weekend,Amex,Credit,0,0,46,12,0
8070,AU,GBP,23,Weekday,Amex,Credit,1,1,45,10,1
4972,Other,GBP,16,Weekday,Visa,Credit,1,0,25,1,0
780,Other,GBP,17,Weekday,MasterCard,Credit,0,0,34,7,0
672,Other,USD,14,Weekday,Amex,Credit,1,0,47,12,0
1075,AU,CAD,16,Weekend,Visa,Debit,0,0,34,9,0
4690,US,AUD,9,Weekday,Discover,Credit,0,0,61,0,0
9554,US,CAD,23,Weekend,Discover,Credit,1,1,63,1,1
7319,CA,AUD,23,Weekend,Visa,Credit,1,1,62,1,1
5038,CA,CAD,0,Weekday,Amex,Debit,1,1,22,8,1
8552,US,CAD,0,Weekend,Amex,Debit,1,1,23,9,1
4143,Other,USD,14,Weekend,Visa,Credit,0,0,22,3,0
4028,UK,AUD,19,Weekday,MasterCard,Credit,0,0,28,7,0
7391,AU,CAD,23,Weekday,Amex,Debit,1,1,37,5,1
2842,CA,USD,11,Weekend,MasterCard,Debit,0,0,33,3,0
2479,UK,GBP,16,Weekend,Visa,Credit,0,0,21,3,0
6086,AU,GBP,0,Weekday,Visa,Debit,1,1,68,9,1
818,AU,USD,13,Weekend,Visa,Debit,0,0,46,4,0
8870,UK,GBP,0,Weekday,Amex,Debit,1,1,57,7,1
9015,Other,USD,0,Weekend,Discover,Credit,1,1,51,7,1
788,US,USD,17,Weekday,Visa,Credit,0,0,70,8,0
1298,UK,CAD,8,Weekend,MasterCard,Credit,0,0,29,6,0
7523,Other,AUD,1,Weekend,Amex,Credit,0,1,49,5,1
1992,AU,USD,10,Weekend,MasterCard,Debit,0,0,27,0,0
9126,Other,CAD,23,Weekend,MasterCard,Debit,1,1,50,4,1
1698,US,GBP,19,Weekend,Visa,Credit,0,0,52,6,0
9056,UK,AUD,23,Weekday,Visa,Credit,1,1,47,6,1
1850,Other,USD,10,Weekday,Amex,Credit,0,0,33,11,0
8710,CA,AUD,1,Weekday,Discover,Credit,1,1,34,12,1
4434,Other,USD,13,Weekend,Visa,Credit,0,0,22,3,0
5249,UK,CAD,0,Weekend,Amex,Credit,0,1,24,5,1
1022,UK,GBP,18,Weekend,MasterCard,Debit,0,0,58,2,0
9551,Other,GBP,1,Weekend,MasterCard,Debit,1,1,40,5,1
2278,US,AUD,17,Weekend,MasterCard,Credit,0,0,48,0,0
6515,US,CAD,0,Weekday,Amex,Credit,1,1,25,12,1
6643,Other,CAD,23,Weekend,MasterCard,Credit,0,1,26,2,1
9125,UK,USD,1,Weekend,Amex,Debit,1,1,18,4,1
5968,Other,CAD,23,Weekday,Amex,Credit,1,1,56,4,1
4400,Other,AUD,15,Weekend,Amex,Debit,1,0,66,2,0
9343,Other,AUD,23,Weekend,Amex,Debit,0,1,41,3,1
652,AU,GBP,19,Weekend,Amex,Debit,1,0,28,11,0
780,Other,USD,13,Weekend,Visa,Credit,0,0,65,5,0
2168,UK,USD,13,Weekend,Visa,Credit,1,0,23,4,0
1128,AU,AUD,16,Weekend,Discover,Debit,1,0,35,9,0
9140,Other,GBP,23,Weekday,Discover,Debit,1,1,65,5,1
2643,UK,GBP,11,Weekday,Amex,Credit,0,0,22,1,0
4170,CA,CAD,8,Weekend,Discover,Credit,0,0,30,7,0
2983,Other,GBP,14,Weekend,Visa,Debit,1,0,45,10,0
4610,US,GBP,19,Weekday,Amex,Credit,1,0,58,5,0
7021,Other,CAD,1,Weekday,Visa,Debit,1,1,26,6,1
9031,Other,AUD,23,Weekday,MasterCard,Debit,1,1,27,6,1
441,CA,CAD,15,Weekday,Discover,Credit,1,0,30,12,0
195,UK,AUD,14,Weekend,MasterCard,Debit,1,0,51,10,0
8164,US,GBP,1,Weekday,Amex,Credit,1,1,37,12,1
1159,Other,CAD,18,Weekend,Amex,Debit,1,0,59,5,0
8210,UK,CAD,23,Weekday,Amex,Debit,1,1,52,5,1
3799,UK,CAD,17,Weekend,Discover,Credit,0,0,67,1,0
6050,US,GBP,0,Weekend,Amex,Debit,1,1,61,9,1
347,US,CAD,9,Weekday,Visa,Credit,0,0,18,6,0
9414,AU,GBP,23,Weekday,Visa,Debit,1,1,68,9,1
9853,UK,GBP,1,Weekday,Amex,Debit,1,1,70,8,1
3586,Other,USD,10,Weekend,Visa,Credit,1,0,62,8,0
5637,UK,CAD,23,Weekend,Amex,Credit,1,1,55,2,1
2793,AU,GBP,8,Weekend,Discover,Credit,1,0,65,11,0
1406,Other,USD,10,Weekend,Visa,Credit,1,0,41,8,0
657,Other,AUD,10,Weekend,Discover,Debit,1,0,65,3,0
1647,AU,GBP,17,Weekday,MasterCard,Debit,1,0,39,7,0
6918,CA,AUD,0,Weekday,Amex,Debit,1,1,67,6,1
9466,CA,CAD,23,Weekday,Amex,Credit,1,1,40,1,1
8316,AU,GBP,1,Weekend,Amex,Debit,1,1,31,2,1
1319,US,USD,18,Weekday,Visa,Credit,1,0,63,12,0
6491,CA,AUD,0,Weekend,Discover,Credit,1,1,26,9,1
9755,US,AUD,1,Weekend,MasterCard,Debit,1,1,58,0,1
4543,Other,AUD,8,Weekend,Amex,Credit,1,0,21,6,0
4339,Other,AUD,19,Weekend,MasterCard,Credit,1,0,28,4,0
6498,AU,USD,0,Weekday,Amex,Credit,1,1,55,6,1
4365,AU,CAD,11,Weekend,Visa,Debit,0,0,70,1,0
4541,US,GBP,8,Weekend,Visa,Debit,1,0,52,6,0
3383,UK,AUD,12,Weekday,Amex,Debit,1,0,33,1,0
8116,AU,AUD,1,Weekend,Visa,Debit,1,1,28,12,1
4519,AU,CAD,11,Weekday,MasterCard,Credit,0,0,50,1,0
1518,CA,USD,12,Weekend,Discover,Credit,1,0,48,4,0
9466,Other,GBP,0,Weekday,MasterCard,Credit,1,1,34,8,1
2078,CA,AUD,10,Weekend,Visa,Debit,1,0,18,3,0
9294,Other,AUD,1,Weekend,Discover,Debit,1,1,70,0,1
7758,Other,USD,0,Weekend,Amex,Credit,1,1,62,1,1
3986,AU,AUD,14,Weekend,Discover,Credit,0,0,63,0,0
548,CA,GBP,17,Weekday,Discover,Debit,1,0,43,6,0
2465,US,AUD,13,Weekday,Amex,Debit,1,0,28,6,0
2057,US,AUD,16,Weekend,Discover,Credit,1,0,70,5,0
1599,Other,CAD,9,Weekday,Visa,Debit,1,0,38,7,0
2036,CA,CAD,15,Weekday,Amex,Credit,1,0,65,12,0
7342,AU,USD,0,Weekday,MasterCard,Credit,1,1,37,10,1
909,US,USD,17,Weekday,Discover,Debit,0,0,46,11,0
2407,AU,USD,9,Weekend,Discover,Debit,1,0,60,9,0
5381,Other,CAD,0,Weekday,MasterCard,Debit,1,1,28,3,1
5140,Other,AUD,0,Weekend,Visa,Credit,1,1,68,8,1
1442,US,GBP,18,Weekend,Discover,Debit,1,0,39,4,0
142,CA,CAD,14,Weekend,Amex,Debit,0,0,27,9,0
5871,US,GBP,0,Weekend,Discover,Credit,1,1,29,10,1
9803,US,USD,1,Weekend,MasterCard,Credit,1,1,57,9,1
5139,AU,CAD,1,Weekday,Discover,Debit,1,1,18,8,1
2739,UK,AUD,12,Weekday,Amex,Debit,0,0,48,6,0
1514,CA,USD,13,Weekday,Discover,Credit,1,0,22,5,0
3440,Other,CAD,19,Weekday,MasterCard,Credit,0,0,44,5,0
5643,Other,GBP,23,Weekday,Amex,Credit,1,1,42,12,1
8388,AU,CAD,1,Weekday,Visa,Debit,1,1,48,6,1
8486,CA,AUD,0,Weekend,Visa,Debit,1,1,30,12,1
9843,US,CAD,0,Weekday,Amex,Debit,1,1,21,3,1
8259,UK,CAD,23,Weekend,Amex,Debit,0,1,36,0,1
7442,Other,CAD,23,Weekend,Visa,Credit,1,1,68,0,1
4070,US,USD,10,Weekend,Discover,Credit,1,0,56,11,0
436,Other,AUD,19,Weekend,Discover,Debit,1,0,34,5,0
2643,Other,CAD,19,Weekend,MasterCard,Credit,1,0,24,0,0
7733,Other,GBP,1,Weekday,Discover,Debit,1,1,65,5,1
4297,UK,AUD,19,Weekday,MasterCard,Credit,1,0,45,12,0
324,CA,AUD,10,Weekday,Visa,Debit,1,0,59,3,0
7770,Other,AUD,0,Weekend,Discover,Credit,0,1,24,10,1
7063,UK,GBP,0,Weekend,Visa,Debit,1,1,35,11,1
2452,US,CAD,8,Weekend,Visa,Credit,1,0,58,6,0
9962,Other,GBP,0,Weekend,MasterCard,Credit,1,1,41,5,1
8642,AU,CAD,1,Weekend,Visa,Credit,1,1,61,10,1
4175,US,GBP,8,Weekend,Amex,Credit,0,0,40,10,0
4630,CA,GBP,9,Weekday,Visa,Credit,1,0,32,6,0
1169,UK,GBP,13,Weekend,Amex,Credit,1,0,41,1,0
9035,Other,AUD,23,Weekday,Visa,Debit,0,1,49,8,1
1232,Other,GBP,11,Weekend,Visa,Debit,0,0,44,7,0
3773,UK,GBP,9,Weekend,MasterCard,Credit,1,0,62,0,0
2785,UK,GBP,9,Weekend,MasterCard,Credit,0,0,39,9,0
5530,Other,CAD,1,Weekday,Amex,Credit,1,1,36,1,1
3760,US,AUD,14,Weekend,Visa,Credit,0,0,19,3,0
7308,CA,CAD,23,Weekend,Amex,Credit,0,1,23,11,1
2871,AU,USD,17,Weekday,Amex,Debit,0,0,28,1,0
9629,Other,AUD,0,Weekend,Amex,Debit,0,1,29,10,1
5033,Other,CAD,1,Weekend,Amex,Credit,1,1,27,4,1
3199,Other,GBP,17,Weekday,Discover,Credit,0,0,46,5,0
6089,UK,CAD,1,Weekday,Amex,Debit,1,1,19,0,1
5295,UK,CAD,23,Weekday,Amex,Credit,1,1,36,6,1
4386,Other,CAD,12,Weekend,MasterCard,Credit,1,0,62,7,0
7373,CA,USD,0,Weekend,MasterCard,Debit,1,1,64,5,1
509,US,USD,19,Weekend,Discover,Credit,0,0,53,6,0
7645,Other,USD,0,Weekend,Amex,Credit,1,1,43,0,1
3234,UK,CAD,18,Weekday,Discover,Credit,1,0,68,3,0
7493,AU,CAD,0,Weekday,Discover,Credit,1,1,21,9,1
8547,Other,GBP,0,Weekend,Amex,Credit,1,1,34,4,1
7861,US,CAD,1,Weekend,Discover,Credit,1,1,66,0,1
6169,US,USD,23,Weekend,MasterCard,Debit,1,1,69,9,1
6504,Other,AUD,0,Weekend,MasterCard,Credit,1,1,59,9,1
4928,US,USD,18,Weekday,Discover,Debit,1,0,23,7,0
4146,CA,USD,10,Weekday,Visa,Credit,0,0,27,10,0
8345,UK,GBP,0,Weekend,Amex,Debit,1,1,35,3,1
2418,Other,CAD,18,Weekday,MasterCard,Debit,0,0,19,5,0
6129,Other,AUD,0,Weekday,Visa,Credit,1,1,30,6,1
6717,Other,GBP,1,Weekday,Amex,Credit,1,1,42,12,1
8019,Other,CAD,1,Weekday,Visa,Debit,1,1,67,4,1
5955,AU,CAD,0,Weekend,Visa,Debit,1,1,42,11,1
6802,Other,AUD,23,Weekend,Visa,Credit,0,1,67,9,1
2287,US,AUD,12,Weekday,Discover,Debit,1,0,34,10,0
1043,US,USD,13,Weekday,MasterCard,Debit,0,0,44,5,0
3266,UK,CAD,18,Weekday,MasterCard,Credit,0,0,60,3,0
7879,AU,CAD,1,Weekday,Visa,Debit,1,1,48,6,1
7286,CA,GBP,1,Weekend,Discover,Credit,1,1,59,6,1
6559,Other,CAD,23,Weekday,Discover,Credit,1,1,57,9,1
8947,AU,CAD,1,Weekend,MasterCard,Debit,1,1,58,0,1
7104,CA,USD,1,Weekday,Discover,Credit,1,1,19,6,1
7173,Other,GBP,23,Weekend,Visa,Debit,1,1,19,1,1
1524,UK,USD,13,Weekday,MasterCard,Debit,1,0,65,7,0
7733,Other,CAD,23,Weekend,Amex,Debit,1,1,44,7,1
5940,Other,USD,23,Weekday,Amex,Credit,0,1,47,9,1
1744,US,GBP,13,Weekday,Discover,Credit,1,0,41,1,0
8218,Other,CAD,0,Weekend,Visa,Debit,1,1,66,2,1
6009,CA,GBP,0,Weekend,Amex,Debit,1,1,20,6,1
2419,Other,GBP,12,Weekend,MasterCard,Debit,1,0,34,11,0
5634,Other,GBP,1,Weekday,MasterCard,Credit,1,1,43,0,1
9117,Other,AUD,1,Weekend,Amex,Credit,1,1,41,9,1
5924,AU,AUD,23,Weekday,Visa,Debit,1,1,44,8,1
5706,AU,CAD,0,Weekday,Amex,Credit,0,1,47,9,1
1609,CA,USD,15,Weekend,Discover,Debit,0,0,42,3,0
5413,CA,GBP,0,Weekday,Amex,Credit,1,1,22,12,1
4821,UK,CAD,9,Weekend,Amex,Debit,1,0,59,7,0
8823,Other,AUD,23,Weekday,Amex,Credit,0,1,61,3,1
5267,US,CAD,0,Weekend,Amex,Credit,1,1,45,7,1
7994,Other,CAD,1,Weekday,MasterCard,Credit,1,1,42,10,1
4069,CA,AUD,18,Weekday,Discover,Credit,1,0,33,1,0
4293,UK,USD,12,Weekend,Amex,Debit,0,0,28,5,0
4803,US,CAD,8,Weekday,Amex,Credit,0,0,48,1,0
8333,US,AUD,23,Weekday,Amex,Credit,0,1,59,4,1
9682,Other,GBP,1,Weekend,Amex,Credit,1,1,36,0,1
8810,AU,AUD,0,Weekday,Amex,Debit,1,1,52,6,1
5637,Other,CAD,1,Weekday,Discover,Credit,1,1,24,11,1
462,Other,GBP,13,Weekend,Discover,Credit,1,0,33,12,0
1906,UK,GBP,17,Weekend,Discover,Debit,1,0,27,11,0
8382,UK,USD,0,Weekday,MasterCard,Credit,1,1,22,6,1
3782,US,GBP,9,Weekday,Visa,Credit,1,0,43,12,0
6098,US,AUD,23,Weekend,Amex,Credit,1,1,22,1,1
5125,Other,AUD,1,Weekend,Amex,Credit,1,1,50,3,1
8133,Other,GBP,23,Weekend,MasterCard,Credit,1,1,43,8,1
225,UK,GBP,9,Weekday,Amex,Debit,1,0,67,1,0
7645,UK,GBP,0,Weekend,Visa,Debit,1,1,58,12,1
1155,CA,GBP,16,Weekend,Discover,Credit,1,0,59,0,0
5796,US,USD,1,Weekend,Amex,Credit,1,1,55,11,1
2142,AU,AUD,11,Weekend,Amex,Debit,0,0,49,3,0
3944,Other,USD,18,Weekend,Discover,Credit,0,0,66,4,0
6290,US,CAD,1,Weekday,Amex,Credit,1,1,19,12,1
8079,US,AUD,1,Weekday,MasterCard,Credit,1,1,68,5,1
1869,UK,AUD,17,Weekday,Visa,Debit,0,0,53,3,0
7428,UK,AUD,1,Weekend,Visa,Credit,1,1,48,3,1
6761,US,USD,0,Weekend,Amex,Credit,1,1,59,11,1
5285,CA,CAD,23,Weekend,Discover,Debit,1,1,51,4,1
2312,Other,AUD,19,Weekend,Amex,Credit,0,0,44,4,0
6371,Other,CAD,1,Weekday,Discover,Debit,1,1,27,12,1
5098,US,GBP,1,Weekday,Discover,Credit,1,1,28,0,1
1329,US,USD,18,Weekend,Discover,Debit,0,0,34,6,0
8103,Other,AUD,0,Weekend,Amex,Debit,1,1,56,7,1
9928,Other,GBP,1,Weekday,MasterCard,Credit,1,1,69,8,1
5731,US,GBP,1,Weekend,Visa,Debit,1,1,44,2,1
1963,CA,USD,14,Weekday,MasterCard,Credit,1,0,61,7,0
2118,AU,GBP,16,Weekday,MasterCard,Credit,0,0,19,12,0
773,UK,CAD,8,Weekday,Amex,Credit,1,0,44,6,0
9745,UK,GBP,1,Weekend,Visa,Credit,1,1,55,12,1
1917,CA,USD,17,Weekday,MasterCard,Debit,1,0,61,8,0
6989,UK,GBP,0,Weekend,Amex,Debit,1,1,51,1,1
2129,US,CAD,8,Weekday,Amex,Credit,0,0,57,0,0
1747,US,USD,14,Weekday,MasterCard,Credit,0,0,54,1,0
9452,Other,GBP,1,Weekday,MasterCard,Credit,1,1,69,8,1
7271,US,AUD,0,Weekend,MasterCard,Credit,1,1,65,1,1
2852,Other,USD,13,Weekday,Visa,Credit,0,0,29,8,0
1382,US,USD,16,Weekend,MasterCard,Debit,0,0,67,8,0
5789,AU,CAD,0,Weekday,Visa,Credit,1,1,60,6,1
6973,Other,AUD,23,Weekend,MasterCard,Credit,1,1,33,8,1
1877,AU,CAD,17,Weekend,Discover,Debit,1,0,45,10,0
2605,US,GBP,15,Weekday,Discover,Debit,0,0,52,3,0
692,Other,GBP,12,Weekend,MasterCard,Debit,1,0,43,10,0
9152,US,USD,0,Weekend,Amex,Credit,1,1,55,11,1
9730,UK,CAD,23,Weekend,MasterCard,Debit,1,1,20,1,1
1799,Other,USD,13,Weekend,Visa,Credit,1,0,34,10,0
3285,UK,GBP,17,Weekend,Discover,Credit,1,0,33,3,0
6747,CA,USD,0,Weekday,Amex,Debit,1,1,57,1,1
8722,US,CAD,1,Weekend,Visa,Debit,1,1,18,9,1
3000,CA,USD,17,Weekend,Discover,Debit,1,0,23,4,0
4638,AU,GBP,16,Weekend,Visa,Debit,1,0,42,2,0
9173,AU,AUD,0,Weekend,Discover,Credit,1,1,67,0,1
6803,Other,AUD,0,Weekend,MasterCard,Credit,1,1,59,9,1
1956,CA,USD,13,Weekend,Visa,Credit,1,0,64,0,0
1133,Other,USD,16,Weekday,Amex,Credit,1,0,20,10,0
533,US,USD,9,Weekday,Discover,Credit,0,0,45,5,0
5078,Other,GBP,23,Weekday,MasterCard,Debit,0,1,70,2,1
106,UK,AUD,18,Weekend,Visa,Debit,0,0,61,5,0
1814,UK,AUD,12,Weekday,Amex,Debit,0,0,52,3,0
7233,US,GBP,1,Weekend,Amex,Credit,1,1,35,9,1
1480,Other,GBP,16,Weekday,Discover,Debit,0,0,61,1,0
1942,AU,AUD,8,Weekend,MasterCard,Debit,1,0,69,4,0
8972,Other,CAD,0,Weekday,MasterCard,Credit,0,1,56,12,1
149,Other,USD,8,Weekend,Amex,Debit,1,0,29,3,0
9225,Other,USD,1,Weekday,Discover,Credit,1,1,34,7,1
6471,UK,AUD,23,Weekday,MasterCard,Credit,1,1,69,10,1
3421,CA,CAD,19,Weekend,Visa,Debit,0,0,52,3,0
5237,US,USD,1,Weekend,Discover,Credit,1,1,67,8,1
5012,Other,CAD,23,Weekend,Discover,Debit,1,1,49,9,1
6763,AU,GBP,1,Weekend,Discover,Debit,1,1,57,2,1
8097,CA,AUD,0,Weekend,Visa,Debit,1,1,30,12,1
8558,Other,AUD,23,Weekend,Amex,Credit,1,1,67,2,1
4481,CA,CAD,15,Weekday,Discover,Credit,1,0,19,10,0
8434,US,AUD,0,Weekday,Amex,Debit,1,1,46,7,1
5359,Other,AUD,0,Weekday,Visa,Debit,1,1,56,8,1
4984,UK,CAD,12,Weekend,Amex,Credit,1,0,39,0,0
7025,CA,AUD,1,Weekday,Amex,Debit,1,1,37,6,1
7650,CA,AUD,0,Weekend,Visa,Credit,1,1,36,11,1
9289,US,AUD,0,Weekend,Amex,Debit,1,1,57,11,1
1883,Other,GBP,18,Weekend,MasterCard,Debit,0,0,47,6,0
6707,CA,AUD,23,Weekend,Amex,Credit,1,1,41,6,1
9838,US,AUD,0,Weekday,Amex,Credit,1,1,37,9,1
1324,CA,CAD,8,Weekday,Visa,Debit,1,0,49,8,0
7093,Other,AUD,0,Weekend,Visa,Debit,1,1,19,7,1
1472,UK,GBP,17,Weekday,Amex,Credit,0,0,44,4,0
9157,US,CAD,1,Weekend,Amex,Debit,0,1,65,6,1
1642,Other,USD,13,Weekday,Amex,Credit,1,0,70,2,0
8054,Other,GBP,0,Weekday,Visa,Credit,1,1,19,10,1
522,US,AUD,8,Weekday,Discover,Credit,0,0,37,5,0
4483,AU,GBP,11,Weekday,MasterCard,Debit,1,0,49,7,0
6083,US,CAD,1,Weekend,Amex,Debit,0,1,65,6,1
8895,Other,GBP,0,Weekend,MasterCard,Credit,0,1,54,12,1
2682,CA,USD,12,Weekday,Visa,Credit,1,0,54,11,0
1665,CA,CAD,13,Weekday,MasterCard,Credit,1,0,54,1,0
3835,UK,AUD,11,Weekend,Visa,Credit,1,0,47,3,0
393,US,AUD,17,Weekend,Discover,Credit,0,0,45,4,0
4111,CA,GBP,16,Weekend,MasterCard,Debit,0,0,47,12,0
2891,UK,CAD,10,Weekend,MasterCard,Debit,0,0,55,4,0
6679,Other,CAD,23,Weekday,Amex,Debit,0,1,50,4,1
5744,Other,USD,23,Weekend,Visa,Credit,1,1,50,1,1
2703,UK,GBP,10,Weekend,Amex,Debit,0,0,32,5,0
379,US,GBP,16,Weekend,MasterCard,Debit,1,0,58,12,0
8975,Other,USD,0,Weekend,Visa,Debit,1,1,37,11,1
2354,UK,GBP,12,Weekend,MasterCard,Credit,0,0,42,9,0
8743,US,AUD,23,Weekend,Discover,Debit,1,1,23,12,1
4396,UK,GBP,8,Weekday,Visa,Debit,0,0,29,8,0
9609,Other,CAD,0,Weekend,Amex,Debit,1,1,18,4,1
750,CA,USD,8,Weekday,Amex,Credit,1,0,55,11,0
7405,Other,AUD,23,Weekend,Visa,Debit,0,1,43,6,1
5602,US,GBP,23,Weekday,Visa,Credit,1,1,41,10,1
5653,Other,GBP,1,Weekend,Amex,Credit,1,1,45,4,1
5096,AU,GBP,23,Weekday,MasterCard,Credit,1,1,67,9,1
4732,UK,AUD,12,Weekday,MasterCard,Debit,1,0,60,5,0
5564,Other,AUD,1,Weekend,Discover,Credit,0,1,57,0,1
727,UK,USD,16,Weekday,Visa,Credit,0,0,37,9,0
2011,AU,GBP,11,Weekend,MasterCard,Debit,0,0,45,9,0
9426,Other,GBP,0,Weekend,Amex,Credit,0,1,70,1,1
8561,AU,AUD,0,Weekday,Discover,Credit,1,1,26,9,1
7898,Other,GBP,1,Weekday,Visa,Credit,1,1,19,10,1
1170,AU,GBP,14,Weekday,Discover,Credit,0,0,34,7,0
3952,AU,AUD,12,Weekend,Discover,Credit,1,0,43,1,0
9694,Other,CAD,1,Weekend,Amex,Debit,1,1,68,12,1
6030,Other,GBP,1,Weekday,Discover,Debit,1,1,65,5,1
3262,CA,GBP,10,Weekend,Amex,Credit,1,0,52,2,0
2815,UK,USD,9,Weekend,Amex,Debit,0,0,36,9,0
4518,AU,USD,8,Weekend,MasterCard,Debit,0,0,53,9,0
7718,Other,CAD,1,Weekday,MasterCard,Debit,1,1,47,12,1
6696,AU,AUD,1,Weekday,Discover,Debit,1,1,62,12,1
3189,US,USD,13,Weekday,MasterCard,Credit,1,0,61,6,0
8351,Other,GBP,23,Weekday,Visa,Debit,1,1,70,6,1
5224,Other,AUD,23,Weekend,Discover,Credit,1,1,34,3,1
8374,AU,AUD,0,Weekend,Visa,Debit,1,1,28,12,1
118,CA,AUD,12,Weekend,Discover,Debit,0,0,19,9,0
5155,CA,GBP,23,Weekend,Amex,Debit,1,1,20,6,1
2105,AU,AUD,18,Weekday,MasterCard,Debit,1,0,64,8,0
385,AU,GBP,15,Weekday,Visa,Debit,1,0,58,1,0
888,UK,CAD,13,Weekday,MasterCard,Credit,1,0,53,7,0
2558,CA,USD,8,Weekday,Discover,Credit,1,0,38,2,0
9039,US,AUD,1,Weekday,Amex,Debit,1,1,46,7,1
5075,Other,AUD,1,Weekday,Amex,Debit,1,1,31,2,1
9742,Other,GBP,1,Weekday,Amex,Credit,0,1,60,4,1
9364,US,GBP,0,Weekday,Discover,Credit,1,1,28,0,1
2446,Other,USD,12,Weekday,MasterCard,Credit,1,0,54,5,0
1451,CA,CAD,19,Weekday,Discover,Debit,0,0,66,1,0
5926,US,CAD,1,Weekend,Visa,Debit,1,1,26,6,1
2042,Other,GBP,18,Weekend,Discover,Debit,1,0,65,1,0
8703,Other,AUD,1,Weekday,Amex,Debit,1,1,62,7,1
9567,Other,AUD,1,Weekend,Amex,Debit,1,1,20,12,1
983,US,CAD,18,Weekday,Amex,Debit,1,0,64,6,0
2045,AU,GBP,11,Weekend,Discover,Credit,0,0,45,0,0
6218,US,CAD,1,Weekend,Visa,Credit,1,1,34,7,1
7238,CA,CAD,23,Weekday,MasterCard,Credit,1,1,56,2,1
4428,AU,AUD,13,Weekday,Visa,Credit,1,0,22,2,0
6079,AU,USD,0,Weekend,Amex,Credit,1,1,70,0,1
3305,CA,CAD,13,Weekend,Discover,Debit,0,0,55,0,0
6083,Other,AUD,0,Weekday,Discover,Credit,1,1,42,3,1
6522,US,GBP,0,Weekday,MasterCard,Credit,1,1,39,8,1
2407,Other,CAD,18,Weekend,Amex,Credit,0,0,61,2,0
365,CA,AUD,14,Weekend,Amex,Credit,0,0,47,11,0
6638,CA,CAD,23,Weekend,Discover,Credit,1,1,50,5,1
3001,US,GBP,11,Weekday,Amex,Credit,0,0,54,7,0
6097,US,USD,0,Weekend,Visa,Credit,1,1,65,5,1
8065,Other,GBP,23,Weekday,Amex,Credit,1,1,42,12,1
4136,AU,GBP,11,Weekday,Visa,Credit,0,0,33,2,0
5660,CA,USD,0,Weekday,Visa,Credit,1,1,42,5,1
395,AU,AUD,15,Weekend,Discover,Debit,1,0,62,10,0
7211,Other,AUD,0,Weekend,Amex,Debit,1,1,20,12,1
8387,AU,CAD,1,Weekend,MasterCard,Debit,1,1,62,11,1
2104,US,AUD,14,Weekday,Amex,Debit,0,0,62,9,0
6552,Other,USD,1,Weekday,Discover,Credit,1,1,19,3,1
9388,US,CAD,1,Weekend,Amex,Credit,0,1,26,10,1
6406,AU,USD,0,Weekday,Amex,Credit,1,1,55,6,1
8970,US,GBP,1,Weekend,Amex,Credit,1,1,35,9,1
9294,CA,USD,23,Weekend,Discover,Credit,1,1,52,11,1
2321,AU,USD,16,Weekend,Visa,Credit,0,0,34,8,0
4990,UK,GBP,17,Weekend,Visa,Debit,1,0,29,7,0
7310,CA,AUD,0,Weekday,Amex,Debit,1,1,68,5,1
3204,Other,CAD,12,Weekday,Visa,Credit,1,0,60,0,0
9209,AU,AUD,23,Weekend,Amex,Credit,0,1,54,7,1
9054,US,CAD,0,Weekend,Amex,Debit,1,1,25,1,1
9934,CA,CAD,0,Weekday,Visa,Credit,1,1,23,11,1
9819,Other,GBP,23,Weekday,Visa,Credit,0,1,48,10,1
9868,AU,USD,1,Weekend,MasterCard,Debit,1,1,25,4,1
1715,AU,AUD,16,Weekday,Discover,Credit,1,0,39,3,0
1468,CA,USD,12,Weekday,Visa,Credit,0,0,28,8,0
224,AU,CAD,14,Weekday,Discover,Debit,0,0,31,10,0
5755,UK,USD,1,Weekend,Discover,Credit,1,1,51,10,1
9314,CA,GBP,23,Weekday,Amex,Credit,1,1,38,4,1
1563,Other,CAD,17,Weekday,Visa,Credit,0,0,58,12,0
3529,US,USD,15,Weekend,Discover,Credit,1,0,63,9,0
6170,AU,GBP,23,Weekday,Amex,Credit,1,1,32,2,1
5258,Other,AUD,1,Weekday,Discover,Credit,1,1,63,0,1
4260,US,CAD,16,Weekend,Visa,Debit,1,0,38,9,0
2667,UK,AUD,10,Weekday,MasterCard,Credit,1,0,70,10,0
2641,Other,CAD,12,Weekday,MasterCard,Debit,1,0,21,6,0
1738,AU,USD,16,Weekend,Amex,Credit,0,0,63,9,0
7892,UK,USD,0,Weekday,MasterCard,Credit,1,1,66,2,1
7330,UK,AUD,1,Weekend,Amex,Credit,1,1,68,12,1
1984,Other,GBP,16,Weekend,MasterCard,Debit,1,0,18,2,0
4407,AU,AUD,14,Weekend,Visa,Debit,1,0,36,2,0
9099,AU,CAD,0,Weekend,Visa,Credit,1,1,57,12,1
5125,Other,USD,1,Weekend,Amex,Debit,1,1,62,7,1
5091,Other,GBP,23,Weekday,Discover,Credit,0,1,26,12,1
9191,AU,USD,1,Weekend,Amex,Credit,1,1,70,0,1
836,UK,CAD,19,Weekend,Visa,Debit,1,0,54,5,0
149,US,USD,10,Weekday,MasterCard,Debit,0,0,47,4,0
467,CA,GBP,18,Weekday,MasterCard,Debit,1,0,38,12,0
6356,Other,USD,23,Weekday,Amex,Credit,1,1,52,6,1
8529,AU,GBP,1,Weekday,MasterCard,Debit,1,1,44,2,1
1755,Other,AUD,17,Weekday,Visa,Credit,1,0,69,2,0
8145,Other,AUD,0,Weekend,Visa,Debit,1,1,55,3,1
5345,AU,AUD,0,Weekday,Discover,Credit,1,1,26,9,1
5658,CA,AUD,23,Weekday,MasterCard,Debit,1,1,46,5,1
1185,AU,AUD,12,Weekday,Amex,Debit,0,0,30,1,0
4177,CA,GBP,15,Weekday,MasterCard,Debit,1,0,46,6,0
6049,CA,GBP,1,Weekday,Amex,Credit,1,1,30,2,1
5947,Other,CAD,1,Weekend,Amex,Credit,1,1,44,5,1
7581,US,USD,1,Weekend,Discover,Credit,1,1,46,2,1
2734,Other,CAD,16,Weekend,Discover,Debit,1,0,35,11,0
1422,CA,GBP,13,Weekday,Amex,Credit,1,0,70,9,0
9806,Other,CAD,23,Weekend,MasterCard,Credit,1,1,41,8,1
6413,Other,CAD,23,Weekend,Discover,Debit,1,1,18,12,1
1565,Other,USD,12,Weekend,Discover,Credit,1,0,19,1,0
3587,CA,CAD,12,Weekend,Discover,Debit,0,0,27,4,0
3792,UK,GBP,17,Weekday,Visa,Debit,1,0,70,1,0
7131,US,USD,1,Weekend,Discover,Credit,1,1,55,0,1
6341,CA,AUD,0,Weekend,Amex,Debit,1,1,45,5,1
1463,UK,AUD,10,Weekday,Amex,Debit,1,0,48,3,0
9182,Other,USD,0,Weekday,MasterCard,Credit,1,1,36,9,1
7211,UK,CAD,1,Weekend,Discover,Debit,1,1,58,4,1
1807,Other,GBP,10,Weekday,Visa,Debit,0,0,60,1,0
1460,Other,USD,11,Weekday,Visa,Debit,1,0,30,9,0
7449,Other,CAD,1,Weekday,Visa,Credit,1,1,61,2,1
8085,UK,GBP,1,Weekend,MasterCard,Debit,1,1,47,10,1
8209,Other,CAD,23,Weekend,Visa,Debit,0,1,64,10,1
3933,Other,AUD,19,Weekday,Discover,Debit,0,0,62,6,0
2155,UK,GBP,16,Weekday,Visa,Credit,1,0,22,2,0
7386,AU,GBP,23,Weekend,Amex,Debit,1,1,36,1,1
8275,Other,AUD,23,Weekend,Amex,Credit,0,1,65,11,1
916,Other,CAD,13,Weekend,MasterCard,Credit,0,0,25,8,0
117,AU,USD,9,Weekday,Discover,Credit,1,0,40,2,0
7874,UK,CAD,1,Weekend,Amex,Credit,1,1,62,8,1
3125,US,CAD,16,Weekday,Visa,Credit,0,0,42,5,0
4162,Other,GBP,10,Weekend,Visa,Debit,1,0,47,11,0
8972,Other,CAD,1,Weekend,Discover,Credit,1,1,69,3,1
2287,UK,USD,15,Weekday,Discover,Debit,1,0,67,10,0
3827,AU,USD,8,Weekend,Amex,Debit,1,0,27,11,0
9967,Other,CAD,1,Weekend,MasterCard,Debit,1,1,24,0,1
1519,US,AUD,11,Weekday,Visa,Credit,1,0,38,5,0
7308,US,CAD,1,Weekday,Amex,Credit,1,1,24,2,1
5615,Other,AUD,1,Weekend,Amex,Credit,1,1,41,8,1
6420,US,CAD,1,Weekend,Visa,Credit,1,1,65,5,1
2404,AU,USD,14,Weekend,Discover,Debit,1,0,52,4,0
3849,US,CAD,8,Weekend,Amex,Debit,1,0,44,1,0
7902,UK,USD,0,Weekend,MasterCard,Credit,1,1,63,9,1
8979,US,AUD,23,Weekday,Discover,Credit,1,1,56,8,1
2763,UK,AUD,19,Weekend,Visa,Debit,1,0,19,2,0
3198,UK,USD,13,Weekday,Visa,Credit,0,0,19,5,0
6265,AU,CAD,1,Weekend,Amex,Credit,1,1,69,7,1
4465,US,GBP,9,Weekday,Amex,Debit,1,0,22,7,0
1836,UK,GBP,11,Weekday,Discover,Debit,0,0,49,8,0
781,AU,CAD,18,Weekday,Discover,Credit,0,0,52,7,0
526,UK,AUD,13,Weekday,Amex,Credit,0,0,60,1,0
6385,CA,AUD,1,Weekday,Visa,Credit,1,1,23,11,1
2123,US,USD,13,Weekend,MasterCard,Debit,1,0,43,7,0
7720,US,CAD,23,Weekend,Amex,Debit,1,1,23,9,1
3783,AU,USD,8,Weekday,Visa,Debit,1,0,61,8,0
6768,US,USD,0,Weekend,Amex,Credit,1,1,55,3,1
7237,Other,GBP,0,Weekday,Visa,Credit,1,1,67,6,1
3439,Other,USD,16,Weekday,MasterCard,Debit,1,0,57,7,0
7637,US,CAD,0,Weekend,Amex,Debit,1,1,23,9,1
2718,US,CAD,19,Weekend,Amex,Credit,1,0,58,0,0
453,UK,USD,10,Weekday,MasterCard,Debit,0,0,65,2,0
4688,CA,USD,16,Weekday,Discover,Debit,1,0,20,2,0
995,US,GBP,11,Weekend,Visa,Credit,0,0,43,4,0
6288,Other,AUD,1,Weekend,Discover,Credit,0,1,33,6,1
3253,UK,USD,13,Weekday,MasterCard,Credit,0,0,43,10,0
6529,Other,CAD,0,Weekday,Amex,Debit,1,1,69,10,1
6173,Other,AUD,23,Weekend,Amex,Debit,0,1,56,0,1
1686,US,AUD,15,Weekday,Discover,Debit,0,0,20,3,0
8214,UK,GBP,0,Weekend,Discover,Credit,1,1,39,9,1
6738,UK,USD,0,Weekend,Amex,Credit,1,1,63,1,1
5840,AU,CAD,1,Weekend,MasterCard,Credit,1,1,27,5,1
7079,AU,AUD,1,Weekday,MasterCard,Credit,1,1,49,8,1
7844,Other,GBP,1,Weekend,MasterCard,Credit,0,1,54,12,1
2633,AU,CAD,11,Weekday,Discover,Debit,1,0,67,12,0
2313,UK,AUD,13,Weekday,Visa,Credit,1,0,28,8,0
386,Other,AUD,17,Weekend,MasterCard,Debit,0,0,28,6,0
2765,CA,GBP,12,Weekday,MasterCard,Credit,1,0,35,3,0
7714,CA,CAD,1,Weekend,Visa,Credit,1,1,24,1,1
4679,CA,CAD,14,Weekend,Amex,Debit,1,0,23,12,0
8000,Other,USD,23,Weekday,Amex,Credit,0,1,49,12,1
7448,AU,GBP,0,Weekend,MasterCard,Credit,1,1,40,2,1
6750,Other,AUD,0,Weekend,Discover,Credit,1,1,34,3,1
1998,Other,AUD,9,Weekday,MasterCard,Credit,0,0,69,7,0
4578,AU,CAD,18,Weekend,MasterCard,Debit,1,0,64,10,0
3011,US,USD,14,Weekend,MasterCard,Debit,1,0,40,4,0
2188,Other,AUD,15,Weekend,MasterCard,Debit,0,0,47,9,0
5538,Other,CAD,23,Weekday,MasterCard,Debit,1,1,26,6,1
5623,US,USD,1,Weekday,Amex,Credit,1,1,45,1,1
812,Other,CAD,15,Weekday,MasterCard,Credit,0,0,38,0,0
442,UK,USD,15,Weekday,Amex,Credit,1,0,64,2,0
2680,Other,AUD,19,Weekday,MasterCard,Credit,0,0,59,10,0
8440,AU,AUD,0,Weekend,Discover,Credit,1,1,19,1,1
3864,CA,GBP,19,Weekday,Discover,Debit,1,0,47,10,0
5628,Other,GBP,1,Weekday,Discover,Credit,1,1,20,2,1
4191,AU,GBP,16,Weekend,Visa,Debit,0,0,66,1,0
3533,CA,GBP,16,Weekday,MasterCard,Debit,0,0,35,6,0
1053,US,CAD,16,Weekend,Amex,Debit,1,0,35,10,0
3092,UK,CAD,13,Weekday,Discover,Credit,0,0,66,5,0
671,Other,GBP,12,Weekend,Discover,Debit,1,0,46,5,0
1849,CA,CAD,14,Weekend,Discover,Debit,1,0,18,10,0
2100,Other,GBP,10,Weekend,Amex,Debit,1,0,42,4,0
2458,US,AUD,18,Weekday,Visa,Credit,1,0,39,2,0
9679,CA,AUD,1,Weekday,Amex,Credit,1,1,32,9,1
318,CA,CAD,18,Weekday,MasterCard,Debit,1,0,59,11,0
990,AU,USD,13,Weekday,Amex,Credit,1,0,47,8,0
8011,CA,GBP,0,Weekend,Discover,Credit,1,1,53,8,1
9625,UK,CAD,0,Weekend,Visa,Debit,1,1,44,1,1
6884,Other,USD,1,Weekday,MasterCard,Credit,1,1,36,9,1
9127,AU,CAD,23,Weekend,MasterCard,Debit,1,1,58,0,1
900,US,GBP,10,Weekend,Discover,Credit,0,0,25,12,0
2794,Other,CAD,10,Weekend,Visa,Credit,1,0,62,4,0
645,Other,USD,10,Weekend,Visa,Debit,0,0,23,0,0
9579,Other,AUD,1,Weekend,Discover,Debit,1,1,54,6,1
1652,AU,CAD,14,Weekend,Discover,Debit,1,0,47,8,0
6497,AU,GBP,0,Weekend,MasterCard,Credit,1,1,26,6,1
3704,UK,USD,12,Weekend,Discover,Credit,0,0,34,11,0
3916,AU,AUD,15,Weekend,MasterCard,Credit,1,0,42,9,0
3773,UK,AUD,14,Weekend,Discover,Credit,0,0,44,9,0
1473,UK,USD,11,Weekday,Amex,Credit,0,0,21,9,0
3288,AU,USD,16,Weekday,Discover,Debit,1,0,66,9,0
4846,Other,CAD,16,Weekday,MasterCard,Credit,1,0,36,2,0
8442,CA,AUD,0,Weekday,Discover,Credit,1,1,70,2,1
8367,Other,USD,1,Weekday,MasterCard,Credit,1,1,25,2,1
6945,US,AUD,1,Weekend,Discover,Credit,1,1,60,6,1
7933,CA,USD,23,Weekend,Amex,Credit,1,1,60,12,1
2859,UK,CAD,9,Weekday,Amex,Credit,0,0,36,4,0
5726,AU,CAD,23,Weekend,Visa,Credit,1,1,28,12,1
8758,AU,AUD,1,Weekend,Discover,Debit,1,1,67,12,1
207,US,CAD,16,Weekend,MasterCard,Credit,1,0,52,1,0
5087,US,AUD,23,Weekday,MasterCard,Credit,1,1,68,5,1
5698,AU,GBP,23,Weekday,Amex,Debit,1,1,58,11,1
2617,Other,AUD,9,Weekday,Visa,Debit,0,0,67,9,0
2131,AU,CAD,12,Weekday,MasterCard,Credit,0,0,56,11,0
3608,CA,USD,16,Weekday,MasterCard,Debit,1,0,69,10,0
3341,UK,USD,14,Weekday,Amex,Credit,1,0,41,4,0
1749,AU,AUD,12,Weekend,Visa,Debit,1,0,70,7,0
3083,CA,GBP,9,Weekday,MasterCard,Credit,0,0,36,0,0
8063,Other,GBP,0,Weekend,Amex,Debit,1,1,37,1,1
8128,US,AUD,1,Weekend,Discover,Credit,1,1,51,8,1
9244,Other,CAD,1,Weekend,MasterCard,Credit,1,1,47,5,1
2022,AU,AUD,8,Weekday,Visa,Debit,0,0,55,6,0
6596,UK,GBP,0,Weekday,Amex,Debit,1,1,57,7,1
247,Other,USD,14,Weekday,Amex,Debit,0,0,54,5,0
543,CA,USD,13,Weekend,Amex,Debit,1,0,46,10,0
6567,UK,GBP,1,Weekend,Amex,Debit,1,1,52,11,1
2241,US,USD,16,Weekday,MasterCard,Debit,1,0,64,7,0
2482,AU,USD,8,Weekend,MasterCard,Debit,0,0,56,9,0
8778,Other,USD,1,Weekend,Amex,Debit,1,1,33,3,1
136,Other,GBP,17,Weekday,MasterCard,Debit,1,0,35,3,0
6052,CA,GBP,23,Weekend,Amex,Credit,1,1,33,3,1
277,Other,CAD,10,Weekend,Visa,Credit,1,0,61,8,0
795,US,CAD,10,Weekday,Amex,Debit,0,0,37,9,0
177,UK,AUD,11,Weekday,Amex,Debit,1,0,55,5,0
2743,UK,AUD,16,Weekend,MasterCard,Credit,0,0,50,6,0
9831,AU,USD,23,Weekend,Visa,Credit,1,1,31,4,1
2375,Other,CAD,9,Weekend,Amex,Debit,0,0,65,7,0
3146,Other,CAD,10,Weekday,Visa,Debit,0,0,56,7,0
2669,US,GBP,11,Weekend,Discover,Debit,1,0,31,2,0
2250,UK,GBP,8,Weekday,Amex,Credit,0,0,66,1,0
5129,AU,GBP,23,Weekend,MasterCard,Credit,1,1,26,6,1
1517,CA,USD,17,Weekend,Discover,Credit,0,0,65,11,0
8243,Other,CAD,1,Weekday,Discover,Credit,0,1,42,11,1
6417,UK,GBP,1,Weekday,Amex,Debit,1,1,70,8,1
6227,US,CAD,1,Weekend,Amex,Debit,1,1,25,12,1
2600,CA,GBP,15,Weekend,Discover,Debit,1,0,18,3,0
8225,Other,USD,23,Weekday,Amex,Credit,0,1,47,9,1
2934,US,USD,14,Weekend,MasterCard,Debit,0,0,58,11,0
4323,UK,CAD,17,Weekday,Discover,Debit,1,0,23,3,0
7653,Other,AUD,23,Weekday,MasterCard,Debit,1,1,56,11,1
3328,Other,CAD,17,Weekend,Discover,Credit,1,0,58,10,0
355,AU,GBP,9,Weekend,Discover,Credit,0,0,34,2,0
4577,US,CAD,19,Weekday,Discover,Debit,1,0,62,2,0
3353,UK,GBP,16,Weekend,MasterCard,Credit,1,0,66,6,0
2533,AU,USD,15,Weekday,Amex,Debit,1,0,57,3,0
5832,UK,AUD,1,Weekend,Discover,Credit,1,1,67,1,1
477,CA,USD,11,Weekend,Amex,Debit,0,0,36,1,0
4584,CA,GBP,16,Weekend,Discover,Credit,1,0,62,7,0
1760,UK,CAD,19,Weekend,MasterCard,Debit,1,0,20,11,0
8242,Other,CAD,0,Weekday,Amex,Debit,1,1,69,10,1
9397,AU,USD,0,Weekend,MasterCard,Credit,1,1,37,2,1
8520,Other,GBP,23,Weekend,MasterCard,Debit,1,1,40,5,1
9846,UK,GBP,23,Weekend,Amex,Debit,1,1,64,7,1
9585,AU,CAD,1,Weekend,MasterCard,Debit,1,1,58,0,1
8288,CA,AUD,0,Weekday,Amex,Debit,1,1,68,5,1
4910,CA,CAD,18,Weekend,Visa,Debit,1,0,45,5,0
4240,AU,CAD,16,Weekday,Amex,Debit,0,0,61,7,0
6674,Other,AUD,23,Weekend,Visa,Debit,1,1,19,7,1
6141,UK,CAD,23,Weekday,Amex,Credit,1,1,43,4,1
8065,Other,AUD,0,Weekend,Amex,Debit,0,1,44,1,1
2680,AU,GBP,11,Weekend,Visa,Credit,0,0,53,5,0
4446,Other,AUD,9,Weekend,Discover,Debit,1,0,19,2,0
6924,CA,AUD,23,Weekend,Amex,Credit,1,1,41,6,1
6089,AU,GBP,23,Weekend,MasterCard,Credit,1,1,26,6,1
5690,UK,GBP,0,Weekend,Amex,Credit,1,1,67,5,1
6540,US,AUD,23,Weekend,Discover,Credit,1,1,51,8,1
6581,UK,AUD,0,Weekend,Discover,Credit,1,1,54,4,1
5296,Other,CAD,23,Weekend,Amex,Credit,1,1,46,3,1
2685,US,CAD,17,Weekend,MasterCard,Debit,0,0,31,4,0
2510,US,CAD,12,Weekend,MasterCard,Credit,1,0,59,5,0
5172,AU,USD,23,Weekday,MasterCard,Credit,1,1,37,10,1
5649,Other,USD,0,Weekday,Visa,Credit,1,1,57,0,1
8009,AU,CAD,23,Weekday,MasterCard,Credit,1,1,36,6,1
5135,Other,AUD,1,Weekday,MasterCard,Debit,1,1,56,11,1
5859,Other,CAD,23,Weekend,Amex,Credit,0,1,23,1,1
4597,AU,USD,19,Weekend,Visa,Credit,1,0,41,6,0
7795,Other,GBP,1,Weekend,Visa,Credit,1,1,46,8,1
9131,US,AUD,1,Weekday,Amex,Credit,0,1,59,4,1
458,Other,CAD,8,Weekend,Visa,Credit,1,0,68,9,0
1633,US,GBP,9,Weekday,Visa,Debit,0,0,24,5,0
6360,Other,USD,23,Weekday,Visa,Debit,1,1,60,12,1
4118,US,GBP,17,Weekday,Discover,Debit,1,0,53,12,0
5540,AU,GBP,1,Weekend,Discover,Credit,1,1,68,1,1
9962,UK,AUD,0,Weekday,Discover,Debit,1,1,34,2,1
5500,UK,AUD,0,Weekend,MasterCard,Credit,1,1,47,9,1
4222,US,AUD,10,Weekday,Visa,Credit,1,0,30,3,0
6491,Other,AUD,23,Weekend,Amex,Credit,0,1,49,11,1
6357,AU,USD,23,Weekend,Discover,Credit,1,1,42,11,1
8670,Other,AUD,23,Weekday,Visa,Debit,1,1,56,8,1
3821,CA,CAD,13,Weekend,Visa,Debit,1,0,58,10,0
177,Other,USD,9,Weekday,Amex,Debit,1,0,65,5,0
344,Other,GBP,9,Weekend,MasterCard,Credit,0,0,29,8,0
1716,Other,AUD,9,Weekday,Amex,Credit,1,0,44,10,0
2842,AU,GBP,10,Weekend,Discover,Debit,1,0,33,7,0
1586,AU,CAD,9,Weekend,Amex,Debit,1,0,65,9,0
5199,AU,CAD,0,Weekday,Visa,Credit,1,1,60,6,1
9812,Other,GBP,0,Weekend,Visa,Credit,0,1,60,0,1
7899,Other,CAD,1,Weekday,Discover,Credit,0,1,28,8,1
9060,Other,AUD,1,Weekday,MasterCard,Debit,1,1,60,10,1
716,US,USD,11,Weekend,Discover,Credit,1,0,48,0,0
4148,CA,AUD,19,Weekday,MasterCard,Credit,0,0,62,11,0
3941,US,USD,9,Weekday,MasterCard,Debit,0,0,26,5,0
6378,UK,AUD,1,Weekday,Discover,Credit,1,1,44,8,1
4480,UK,CAD,14,Weekend,MasterCard,Debit,1,0,18,10,0
8738,AU,GBP,1,Weekday,MasterCard,Credit,1,1,21,4,1
9241,AU,CAD,23,Weekend,Discover,Credit,1,1,49,1,1
7001,Other,GBP,0,Weekday,MasterCard,Credit,1,1,43,0,1
4936,CA,CAD,18,Weekday,Discover,Debit,0,0,47,7,0
5444,CA,GBP,1,Weekend,Amex,Credit,0,1,51,4,1
5880,UK,CAD,1,Weekend,MasterCard,Debit,1,1,70,9,1
7357,Other,AUD,1,Weekend,MasterCard,Credit,0,1,27,8,1
5679,AU,CAD,23,Weekday,Discover,Credit,1,1,40,12,1
9928,UK,USD,0,Weekday,Amex,Debit,1,1,59,12,1
4459,UK,CAD,19,Weekday,Visa,Credit,0,0,43,2,0
1894,Other,AUD,10,Weekday,Amex,Debit,1,0,22,10,0
1122,US,AUD,10,Weekend,Amex,Debit,1,0,31,0,0
6961,Other,USD,1,Weekday,Discover,Debit,1,1,56,7,1
4032,CA,CAD,10,Weekend,Visa,Credit,0,0,21,1,0
1850,UK,USD,10,Weekday,Discover,Debit,0,0,31,5,0
8864,Other,CAD,0,Weekend,Amex,Debit,1,1,44,7,1
8939,CA,CAD,1,Weekend,Amex,Debit,1,1,25,10,1
2626,US,USD,19,Weekend,Visa,Debit,1,0,29,2,0
9620,Other,CAD,1,Weekend,Amex,Credit,1,1,51,3,1
7988,Other,GBP,23,Weekend,Visa,Debit,1,1,57,10,1
1949,US,CAD,17,Weekday,Visa,Credit,0,0,44,3,0
9893,Other,AUD,0,Weekend,Discover,Credit,1,1,34,3,1
3793,Other,AUD,10,Weekend,MasterCard,Debit,0,0,65,1,0
8639,Other,AUD,23,Weekday,Discover,Credit,0,1,61,2,1
2614,UK,CAD,13,Weekday,MasterCard,Credit,0,0,25,5,0
3274,US,CAD,10,Weekend,MasterCard,Credit,1,0,47,10,0
5138,AU,AUD,0,Weekday,Visa,Credit,1,1,47,2,1
2019,AU,AUD,14,Weekend,MasterCard,Credit,1,0,55,9,0
3541,US,USD,14,Weekend,Visa,Debit,0,0,22,3,0
4186,UK,AUD,18,Weekend,Discover,Debit,0,0,30,3,0
7074,Other,CAD,23,Weekend,Amex,Debit,1,1,22,10,1
5537,CA,GBP,23,Weekend,MasterCard,Debit,1,1,54,0,1
2418,CA,AUD,14,Weekday,Discover,Debit,0,0,35,12,0
3502,US,GBP,14,Weekend,MasterCard,Credit,0,0,56,4,0
6523,AU,AUD,1,Weekday,MasterCard,Credit,1,1,49,8,1
2910,Other,GBP,8,Weekend,MasterCard,Credit,0,0,70,1,0
5869,Other,CAD,0,Weekend,Amex,Credit,1,1,27,5,1
1442,AU,AUD,17,Weekend,MasterCard,Debit,1,0,49,4,0
1496,Other,CAD,16,Weekend,Amex,Credit,0,0,48,10,0
4781,Other,AUD,8,Weekday,MasterCard,Credit,1,0,24,12,0
168,AU,USD,8,Weekend,Visa,Credit,1,0,59,3,0
8190,Other,AUD,0,Weekday,MasterCard,Debit,1,1,31,2,1
2915,AU,USD,11,Weekend,Amex,Debit,1,0,55,11,0
8652,UK,GBP,0,Weekday,Discover,Credit,1,1,37,5,1
5760,UK,USD,23,Weekend,Amex,Debit,1,1,18,4,1
7200,CA,AUD,0,Weekend,Visa,Credit,1,1,36,11,1
4992,US,GBP,8,Weekend,MasterCard,Credit,0,0,69,8,0
2290,UK,AUD,13,Weekday,MasterCard,Credit,1,0,36,5,0
8272,UK,CAD,1,Weekend,Amex,Credit,1,1,21,12,1
2705,AU,USD,10,Weekday,MasterCard,Credit,1,0,67,10,0
4545,Other,AUD,16,Weekday,Amex,Credit,0,0,66,1,0
4552,AU,CAD,10,Weekday,Discover,Debit,0,0,34,7,0
1404,Other,USD,12,Weekend,Visa,Credit,0,0,45,1,0
5053,Other,GBP,0,Weekday,Visa,Credit,1,1,43,8,1
1721,UK,GBP,15,Weekend,MasterCard,Credit,1,0,70,12,0
7468,CA,CAD,0,Weekend,MasterCard,Debit,1,1,67,11,1
1861,US,AUD,16,Weekend,MasterCard,Debit,1,0,63,2,0
4447,US,GBP,12,Weekday,Visa,Credit,1,0,58,11,0
5574,US,AUD,0,Weekend,Visa,Credit,1,1,68,1,1
1079,UK,CAD,9,Weekend,Visa,Debit,0,0,31,0,0
7300,Other,GBP,0,Weekend,Amex,Credit,1,1,36,0,1
1620,AU,USD,15,Weekend,Amex,Credit,1,0,49,6,0
2439,CA,AUD,11,Weekend,Discover,Credit,1,0,43,4,0
1898,AU,GBP,16,Weekday,Amex,Debit,0,0,44,5,0
8759,UK,USD,0,Weekend,Discover,Debit,1,1,31,2,1
3586,US,GBP,11,Weekday,MasterCard,Credit,1,0,48,1,0
4923,UK,CAD,8,Weekday,Amex,Credit,1,0,25,7,0
3092,AU,CAD,11,Weekend,Discover,Debit,1,0,52,4,0
725,CA,GBP,18,Weekday,Amex,Credit,1,0,25,3,0
5641,UK,AUD,23,Weekday,Visa,Credit,1,1,34,10,1
1228,Other,CAD,9,Weekend,MasterCard,Debit,0,0,70,6,0
2094,US,AUD,14,Weekday,Visa,Credit,1,0,61,11,0
4621,CA,USD,12,Weekday,Discover,Debit,0,0,40,12,0
8188,UK,USD,23,Weekday,MasterCard,Credit,1,1,66,2,1
6061,AU,GBP,1,Weekend,Amex,Debit,1,1,45,9,1
4101,AU,USD,10,Weekend,Visa,Credit,0,0,24,1,0
9313,UK,GBP,23,Weekend,Discover,Credit,1,1,39,9,1
1611,CA,AUD,19,Weekend,Amex,Debit,1,0,67,0,0
3470,US,GBP,12,Weekend,Discover,Debit,0,0,28,7,0
135,UK,CAD,13,Weekday,Discover,Debit,1,0,69,10,0
3180,CA,CAD,19,Weekday,Amex,Credit,1,0,20,4,0
4833,Other,GBP,11,Weekday,Discover,Credit,1,0,69,9,0
6175,AU,USD,1,Weekend,Discover,Credit,1,1,35,5,1
8228,UK,GBP,23,Weekend,Amex,Debit,1,1,52,11,1
4736,UK,GBP,17,Weekday,Amex,Credit,0,0,35,0,0
4880,CA,GBP,9,Weekday,MasterCard,Credit,1,0,42,0,0
3979,UK,USD,12,Weekday,Discover,Debit,1,0,50,0,0
3365,US,CAD,18,Weekday,Amex,Credit,1,0,70,12,0
5706,AU,USD,1,Weekend,Visa,Credit,1,1,31,4,1
576,CA,AUD,13,Weekday,Discover,Debit,1,0,21,3,0
8441,Other,AUD,23,Weekend,MasterCard,Credit,0,1,27,8,1
8161,Other,AUD,0,Weekend,Amex,Debit,1,1,24,9,1
9493,Other,GBP,1,Weekend,Visa,Debit,1,1,19,1,1
5286,Other,CAD,0,Weekend,Discover,Credit,1,1,43,7,1
1141,AU,AUD,8,Weekend,Discover,Credit,1,0,21,11,0
7870,Other,GBP,0,Weekday,Amex,Debit,1,1,57,4,1
1864,US,AUD,19,Weekend,Visa,Credit,1,0,55,12,0
1576,UK,USD,19,Weekday,Discover,Credit,0,0,47,6,0
1835,UK,GBP,15,Weekday,Discover,Credit,1,0,49,7,0
6947,Other,AUD,1,Weekend,Amex,Debit,1,1,38,11,1
4883,CA,AUD,10,Weekday,Visa,Credit,0,0,32,3,0
6841,Other,USD,0,Weekday,Amex,Credit,0,1,46,2,1
7827,CA,GBP,23,Weekday,Amex,Credit,1,1,30,2,1
4532,AU,GBP,17,Weekend,Discover,Credit,1,0,31,12,0
6505,UK,CAD,1,Weekday,Amex,Debit,1,1,56,3,1
6840,CA,USD,1,Weekday,Discover,Credit,1,1,59,3,1
4434,CA,GBP,17,Weekend,Visa,Debit,1,0,59,8,0
2714,US,CAD,9,Weekday,Discover,Credit,1,0,60,8,0
6886,CA,USD,23,Weekday,Visa,Credit,1,1,41,10,1
7042,Other,CAD,1,Weekday,Amex,Credit,1,1,57,4,1
519,Other,GBP,12,Weekday,MasterCard,Credit,1,0,26,4,0
4892,US,GBP,15,Weekday,Discover,Debit,1,0,60,8,0
1404,Other,AUD,9,Weekday,MasterCard,Debit,1,0,59,8,0
9120,Other,AUD,1,Weekday,Amex,Credit,0,1,61,3,1
7189,AU,CAD,1,Weekend,Visa,Debit,1,1,24,3,1
8250,Other,USD,23,Weekend,Visa,Credit,1,1,37,2,1
8619,US,CAD,0,Weekend,Visa,Credit,1,1,23,2,1
3354,CA,CAD,16,Weekend,Amex,Debit,0,0,19,3,0
8640,US,CAD,23,Weekend,Discover,Credit,1,1,22,0,1
5345,Other,GBP,23,Weekend,Visa,Credit,0,1,60,0,1
4597,AU,AUD,19,Weekday,MasterCard,Credit,0,0,37,7,0
6309,Other,USD,23,Weekday,MasterCard,Credit,1,1,52,0,1
9899,AU,CAD,23,Weekday,Amex,Credit,1,1,22,0,1
3461,UK,CAD,9,Weekday,Visa,Debit,0,0,65,12,0
1958,US,CAD,8,Weekend,MasterCard,Credit,0,0,23,5,0
6549,AU,CAD,0,Weekday,Amex,Debit,1,1,61,5,1
5601,US,GBP,23,Weekend,Amex,Credit,1,1,24,10,1
6280,UK,GBP,0,Weekend,Amex,Credit,1,1,25,9,1
2529,CA,USD,14,Weekend,MasterCard,Debit,1,0,20,8,0
7557,Other,CAD,23,Weekday,Amex,Credit,1,1,49,3,1
3741,Other,AUD,19,Weekend,Visa,Debit,1,0,39,4,0
3761,US,AUD,12,Weekday,Amex,Credit,0,0,49,6,0
3437,UK,AUD,19,Weekday,Discover,Credit,1,0,55,12,0
3071,AU,AUD,9,Weekend,Discover,Debit,0,0,65,0,0
7009,US,GBP,0,Weekday,Visa,Credit,1,1,47,11,1
2721,AU,USD,11,Weekday,MasterCard,Debit,0,0,34,4,0
9770,AU,GBP,1,Weekend,Discover,Credit,1,1,68,1,1
8734,AU,CAD,1,Weekend,Visa,Credit,1,1,29,7,1
9084,US,USD,1,Weekend,MasterCard,Credit,1,1,57,9,1
2141,US,AUD,11,Weekday,Amex,Debit,0,0,24,5,0
7965,Other,AUD,1,Weekend,Discover,Debit,1,1,33,5,1
870,UK,USD,19,Weekday,Visa,Debit,0,0,28,5,0
2156,CA,GBP,19,Weekday,MasterCard,Credit,1,0,48,6,0
2186,AU,GBP,9,Weekday,Visa,Credit,0,0,43,1,0
4470,US,AUD,17,Weekend,Discover,Debit,1,0,42,11,0
203,UK,CAD,8,Weekday,Visa,Credit,1,0,46,0,0
9781,US,GBP,0,Weekend,Amex,Credit,1,1,49,10,1
8767,AU,GBP,1,Weekend,Amex,Debit,1,1,36,1,1
9139,UK,AUD,1,Weekday,Amex,Credit,1,1,18,4,1
9090,UK,GBP,1,Weekend,Discover,Credit,1,1,52,11,1
7116,Other,USD,0,Weekday,MasterCard,Credit,1,1,65,8,1
2592,CA,AUD,8,Weekday,Visa,Credit,1,0,20,8,0
7086,Other,CAD,1,Weekend,Discover,Credit,0,1,26,7,1
6119,Other,AUD,1,Weekend,Visa,Debit,1,1,46,9,1
2076,Other,USD,12,Weekday,MasterCard,Credit,1,0,44,10,0
4504,US,GBP,13,Weekday,Amex,Credit,1,0,54,1,0
9746,UK,GBP,0,Weekday,Amex,Debit,1,1,36,4,1
5663,UK,USD,0,Weekend,Visa,Credit,1,1,50,12,1
5545,Other,GBP,1,Weekday,Amex,Credit,1,1,42,12,1
9645,Other,AUD,0,Weekend,Visa,Debit,0,1,56,12,1
5921,Other,GBP,1,Weekday,Amex,Credit,0,1,32,10,1
526,UK,CAD,19,Weekday,Discover,Debit,0,0,54,12,0
1821,CA,AUD,17,Weekday,Visa,Debit,0,0,52,1,0
271,Other,AUD,18,Weekend,Discover,Credit,0,0,64,7,0
3648,UK,CAD,14,Weekday,MasterCard,Credit,1,0,24,11,0
8546,Other,CAD,0,Weekday,Discover,Credit,1,1,24,11,1
8189,Other,AUD,1,Weekend,Visa,Debit,1,1,46,7,1
9684,US,USD,23,Weekend,Amex,Credit,1,1,21,3,1
3557,CA,USD,8,Weekday,Discover,Debit,1,0,37,3,0
175,AU,CAD,15,Weekday,Visa,Debit,0,0,53,2,0
2009,UK,CAD,17,Weekday,Amex,Debit,0,0,63,9,0
3092,CA,USD,10,Weekday,MasterCard,Debit,1,0,27,8,0
3648,UK,AUD,9,Weekday,Discover,Credit,1,0,41,2,0
3561,CA,GBP,13,Weekend,Amex,Debit,0,0,66,8,0
7921,Other,USD,23,Weekend,Discover,Credit,1,1,51,7,1
1257,CA,AUD,15,Weekday,Discover,Credit,0,0,38,1,0
7189,AU,GBP,23,Weekday,Visa,Debit,1,1,68,9,1
9340,US,AUD,1,Weekday,Discover,Credit,1,1,69,0,1
4233,Other,AUD,11,Weekend,Discover,Debit,1,0,40,9,0
3359,AU,AUD,10,Weekday,Discover,Credit,1,0,38,2,0
1591,US,AUD,14,Weekday,Amex,Debit,0,0,66,10,0
3470,US,CAD,18,Weekend,Amex,Debit,1,0,40,6,0
5216,Other,USD,23,Weekday,Discover,Credit,1,1,18,5,1
4073,CA,USD,8,Weekday,Amex,Credit,1,0,29,11,0
8868,CA,GBP,1,Weekend,Discover,Credit,1,1,53,8,1
4577,CA,USD,12,Weekday,Amex,Credit,1,0,28,2,0
8152,CA,GBP,0,Weekday,Amex,Credit,1,1,24,4,1
7250,Other,AUD,1,Weekday,Amex,Debit,0,1,65,10,1
9367,Other,AUD,1,Weekend,Discover,Credit,1,1,62,0,1
9487,Other,AUD,23,Weekday,Visa,Debit,1,1,53,9,1
4402,AU,AUD,15,Weekday,Amex,Debit,0,0,48,1,0
141,AU,CAD,13,Weekend,Visa,Credit,0,0,32,10,0
3791,Other,USD,19,Weekend,Amex,Credit,1,0,35,4,0
630,UK,GBP,8,Weekday,Discover,Debit,0,0,51,5,0
1676,US,CAD,14,Weekend,Amex,Debit,1,0,39,2,0
4490,AU,GBP,13,Weekday,Amex,Debit,1,0,20,6,0
4963,UK,GBP,13,Weekend,Discover,Debit,1,0,31,4,0
1980,AU,CAD,16,Weekday,Discover,Credit,1,0,67,6,0
4062,CA,USD,11,Weekend,MasterCard,Credit,1,0,32,12,0
4195,US,AUD,9,Weekend,Discover,Credit,0,0,47,0,0
852,CA,GBP,13,Weekend,MasterCard,Credit,1,0,70,0,0
3936,Other,USD,11,Weekday,Amex,Debit,1,0,30,11,0
3032,UK,CAD,15,Weekend,MasterCard,Credit,1,0,39,11,0
8053,Other,GBP,0,Weekend,Amex,Debit,1,1,60,3,1
5777,US,CAD,1,Weekend,Amex,Debit,1,1,25,12,1
6969,Other,AUD,0,Weekend,Amex,Credit,1,1,40,11,1
8704,Other,AUD,0,Weekend,Visa,Debit,1,1,46,9,1
549,CA,AUD,14,Weekend,Amex,Debit,1,0,63,7,0
715,AU,GBP,11,Weekend,Visa,Debit,0,0,30,7,0
1021,Other,AUD,15,Weekday,Discover,Credit,0,0,29,10,0
5044,US,USD,23,Weekend,MasterCard,Debit,1,1,40,11,1
3293,UK,AUD,13,Weekend,Visa,Debit,1,0,34,8,0
1087,AU,AUD,13,Weekend,Amex,Credit,0,0,68,4,0
8693,UK,USD,0,Weekday,MasterCard,Credit,1,1,22,6,1
1481,Other,GBP,19,Weekend,Amex,Credit,0,0,56,0,0
9270,Other,USD,1,Weekend,Amex,Credit,1,1,30,9,1
2803,CA,CAD,14,Weekday,Visa,Debit,0,0,33,11,0
3735,AU,AUD,13,Weekday,Visa,Debit,0,0,26,2,0
7560,CA,CAD,1,Weekend,Discover,Credit,1,1,50,5,1
7864,US,AUD,23,Weekday,MasterCard,Credit,1,1,59,8,1
9451,Other,GBP,23,Weekday,Visa,Credit,1,1,67,6,1
2923,AU,USD,14,Weekday,Discover,Debit,0,0,66,0,0
6727,CA,AUD,23,Weekend,Visa,Credit,1,1,62,1,1
737,UK,AUD,8,Weekend,MasterCard,Debit,1,0,50,6,0
8786,US,GBP,1,Weekend,Amex,Credit,1,1,24,10,1
2715,Other,GBP,17,Weekday,Visa,Debit,1,0,19,6,0
6815,Other,GBP,23,Weekend,Visa,Debit,1,1,50,7,1
7075,Other,GBP,1,Weekend,Discover,Debit,0,1,20,11,1
6775,CA,CAD,0,Weekday,Visa,Credit,1,1,28,4,1
2877,Other,USD,16,Weekday,Amex,Debit,0,0,39,8,0
5622,AU,CAD,1,Weekend,MasterCard,Credit,1,1,49,3,1
3137,UK,GBP,13,Weekday,Discover,Debit,1,0,41,0,0
548,AU,USD,9,Weekday,Amex,Debit,1,0,21,6,0
2489,US,AUD,10,Weekend,Amex,Credit,1,0,38,5,0
6845,UK,GBP,0,Weekend,Amex,Debit,1,1,67,3,1
1687,CA,USD,12,Weekday,MasterCard,Debit,0,0,65,1,0
1640,AU,AUD,19,Weekday,Visa,Credit,1,0,61,5,0
2003,Other,GBP,8,Weekday,Visa,Debit,1,0,61,3,0
6991,AU,USD,1,Weekend,Amex,Credit,1,1,28,7,1
6526,Other,AUD,1,Weekday,Discover,Debit,1,1,52,8,1
335,AU,USD,16,Weekend,Amex,Credit,0,0,52,6,0
9489,UK,GBP,23,Weekend,Discover,Credit,1,1,39,9,1
2010,CA,AUD,8,Weekday,Discover,Credit,1,0,36,12,0
7605,AU,AUD,1,Weekend,Discover,Credit,1,1,19,1,1
1643,US,USD,10,Weekend,Discover,Debit,0,0,22,1,0
7851,US,GBP,23,Weekend,Visa,Debit,1,1,44,8,1
4084,AU,GBP,14,Weekday,Amex,Debit,1,0,25,8,0
6714,Other,USD,1,Weekday,MasterCard,Credit,1,1,52,0,1
7017,US,CAD,1,Weekend,Visa,Credit,1,1,25,6,1
2489,US,USD,8,Weekend,Visa,Debit,0,0,51,11,0
199,CA,USD,12,Weekend,Visa,Credit,1,0,27,10,0
9475,UK,USD,0,Weekend,MasterCard,Credit,1,1,37,12,1
586,US,GBP,10,Weekday,Visa,Debit,1,0,33,10,0
3337,AU,AUD,18,Weekday,Discover,Debit,1,0,27,6,0
9831,US,AUD,1,Weekday,Discover,Credit,1,1,56,8,1
6331,Other,GBP,1,Weekday,Visa,Credit,0,1,20,5,1
3274,CA,USD,16,Weekend,MasterCard,Credit,0,0,40,1,0
2153,AU,USD,12,Weekend,Amex,Credit,1,0,43,10,0
8725,AU,USD,1,Weekend,Amex,Credit,1,1,28,7,1
5075,Other,AUD,23,Weekend,Discover,Debit,1,1,54,6,1
1574,UK,AUD,13,Weekend,Discover,Debit,0,0,59,6,0
4700,CA,AUD,9,Weekend,Discover,Credit,1,0,41,2,0
9267,UK,USD,0,Weekday,MasterCard,Credit,1,1,22,6,1
6038,Other,AUD,23,Weekday,Visa,Credit,1,1,30,6,1
4271,UK,AUD,18,Weekend,Visa,Credit,0,0,60,9,0
6357,Other,AUD,1,Weekend,Amex,Credit,1,1,30,1,1
8495,CA,USD,1,Weekday,Visa,Credit,1,1,42,5,1
596,US,USD,8,Weekend,MasterCard,Debit,1,0,39,6,0
9046,CA,CAD,1,Weekday,Discover,Credit,1,1,51,4,1
9304,Other,AUD,0,Weekend,Discover,Credit,0,1,24,10,1
8089,Other,AUD,1,Weekend,Visa,Debit,0,1,56,12,1
2429,AU,USD,12,Weekend,Visa,Debit,1,0,56,3,0
3013,AU,CAD,10,Weekend,Discover,Credit,1,0,37,0,0
2856,CA,GBP,16,Weekend,Discover,Credit,1,0,59,5,0
3487,US,AUD,17,Weekday,Amex,Credit,1,0,34,7,0
6524,AU,CAD,23,Weekend,MasterCard,Debit,1,1,70,0,1
4958,UK,AUD,15,Weekday,MasterCard,Credit,1,0,18,3,0
9671,AU,GBP,0,Weekend,Discover,Credit,1,1,68,1,1
3711,UK,CAD,17,Weekday,Discover,Debit,0,0,58,1,0
2349,UK,AUD,12,Weekday,Visa,Credit,0,0,36,3,0
4577,Other,CAD,19,Weekday,Visa,Debit,0,0,68,10,0
7140,AU,USD,23,Weekday,MasterCard,Credit,1,1,37,10,1
9486,UK,AUD,23,Weekday,Visa,Credit,1,1,47,6,1
1319,US,CAD,13,Weekday,Visa,Debit,0,0,66,3,0
1189,UK,AUD,12,Weekend,Discover,Credit,1,0,36,8,0
8711,US,GBP,1,Weekend,Discover,Credit,1,1,67,2,1
7923,AU,AUD,23,Weekend,Amex,Credit,0,1,63,6,1
8017,Other,AUD,1,Weekday,Visa,Credit,1,1,35,4,1
1213,CA,CAD,8,Weekday,MasterCard,Credit,1,0,19,9,0
4374,US,CAD,8,Weekday,Amex,Debit,0,0,62,3,0
5763,US,CAD,23,Weekend,Discover,Credit,1,1,66,0,1
6217,UK,USD,1,Weekday,Amex,Credit,1,1,18,12,1
4581,CA,AUD,8,Weekday,Visa,Credit,1,0,70,11,0
4300,UK,USD,11,Weekday,Discover,Credit,1,0,57,1,0
2444,CA,CAD,18,Weekday,MasterCard,Credit,0,0,28,10,0
9560,Other,CAD,0,Weekday,Amex,Credit,1,1,56,4,1
2168,AU,AUD,11,Weekend,Amex,Debit,1,0,22,5,0
8238,US,GBP,0,Weekend,Amex,Credit,0,1,60,9,1
2398,Other,USD,16,Weekend,MasterCard,Credit,1,0,36,5,0
4456,CA,GBP,14,Weekend,MasterCard,Debit,1,0,42,5,0
6703,Other,AUD,23,Weekday,Discover,Debit,1,1,45,9,1
8409,AU,CAD,1,Weekday,Amex,Credit,1,1,55,7,1
7841,Other,GBP,23,Weekend,Amex,Debit,1,1,64,10,1
4045,US,CAD,13,Weekend,Amex,Debit,0,0,63,11,0
6930,UK,USD,1,Weekend,MasterCard,Debit,1,1,54,5,1
5582,AU,GBP,1,Weekend,MasterCard,Credit,1,1,40,2,1
7773,AU,CAD,0,Weekday,MasterCard,Credit,1,1,36,6,1
3510,UK,USD,16,Weekend,MasterCard,Credit,0,0,34,0,0
4327,Other,AUD,9,Weekend,Amex,Debit,1,0,47,2,0
3902,UK,CAD,17,Weekend,Amex,Credit,1,0,68,2,0
8915,Other,CAD,1,Weekday,MasterCard,Debit,1,1,28,3,1
4131,CA,CAD,14,Weekday,Discover,Debit,1,0,58,0,0
1034,CA,AUD,18,Weekday,Discover,Debit,1,0,41,7,0
8292,US,USD,0,Weekday,Amex,Credit,1,1,68,8,1
4622,AU,USD,12,Weekend,MasterCard,Credit,1,0,59,5,0
1351,Other,GBP,15,Weekday,Discover,Debit,1,0,49,0,0
9662,Other,AUD,0,Weekend,MasterCard,Credit,1,1,68,3,1
5515,CA,GBP,23,Weekday,Amex,Credit,1,1,51,12,1
1681,Other,USD,13,Weekend,Visa,Debit,0,0,67,2,0
8910,AU,AUD,23,Weekday,Amex,Credit,1,1,46,1,1
6363,US,GBP,1,Weekday,Amex,Credit,1,1,46,7,1
3352,US,CAD,11,Weekday,Discover,Credit,0,0,38,12,0
2417,CA,USD,13,Weekday,MasterCard,Credit,1,0,45,2,0
7608,AU,AUD,0,Weekend,Discover,Credit,1,1,67,0,1
2780,AU,GBP,10,Weekday,Visa,Debit,1,0,36,4,0
271,CA,AUD,15,Weekend,Discover,Debit,0,0,30,4,0
1432,UK,GBP,14,Weekday,Visa,Debit,0,0,22,7,0
9160,US,AUD,0,Weekday,Discover,Credit,1,1,47,3,1
1511,UK,GBP,18,Weekend,Discover,Credit,0,0,19,3,0
9851,Other,AUD,0,Weekend,Visa,Debit,1,1,46,9,1
845,CA,AUD,19,Weekend,Visa,Credit,1,0,24,9,0
2484,CA,AUD,16,Weekday,Amex,Credit,1,0,70,9,0
7283,US,GBP,0,Weekend,Discover,Debit,1,1,38,1,1
8667,AU,GBP,1,Weekend,Amex,Debit,1,1,52,4,1
4238,AU,CAD,9,Weekend,MasterCard,Debit,1,0,19,10,0
1565,Other,USD,15,Weekend,Amex,Debit,1,0,45,11,0
4792,UK,AUD,8,Weekday,Discover,Credit,0,0,68,8,0
8457,US,USD,1,Weekend,Visa,Credit,1,1,60,1,1
2121,US,CAD,14,Weekday,Amex,Credit,1,0,64,1,0
6571,Other,USD,1,Weekday,Visa,Debit,1,1,60,12,1
5620,UK,USD,23,Weekend,MasterCard,Credit,1,1,63,9,1
7382,Other,USD,23,Weekday,Visa,Debit,1,1,53,6,1
6151,UK,USD,1,Weekend,Discover,Debit,1,1,68,7,1
1522,UK,AUD,10,Weekday,Visa,Debit,1,0,41,8,0
3515,UK,AUD,12,Weekend,Visa,Credit,1,0,27,1,0
5978,US,AUD,23,Weekday,MasterCard,Credit,1,1,68,5,1
7563,Other,AUD,0,Weekend,Discover,Debit,1,1,58,1,1
4823,UK,AUD,14,Weekend,Amex,Debit,0,0,48,4,0
8089,Other,USD,1,Weekend,Visa,Credit,1,1,37,2,1
1666,CA,USD,19,Weekend,Visa,Credit,1,0,23,10,0
902,UK,USD,9,Weekday,Amex,Credit,0,0,70,9,0
4192,UK,CAD,13,Weekday,MasterCard,Credit,1,0,38,5,0
7584,Other,CAD,1,Weekday,Amex,Debit,1,1,58,10,1
7577,US,GBP,1,Weekend,Amex,Credit,1,1,38,3,1
924,US,USD,18,Weekday,Discover,Credit,1,0,57,3,0
4243,Other,GBP,13,Weekday,Amex,Debit,0,0,20,7,0
2729,UK,AUD,16,Weekend,Visa,Credit,1,0,42,10,0
2708,US,GBP,19,Weekday,MasterCard,Debit,1,0,20,7,0
2874,CA,CAD,10,Weekend,Discover,Credit,0,0,27,1,0
5069,Other,USD,0,Weekend,Visa,Credit,1,1,36,10,1
6059,Other,USD,1,Weekend,Visa,Credit,1,1,36,10,1
4807,Other,USD,19,Weekend,Visa,Credit,0,0,63,0,0
4857,UK,GBP,17,Weekday,Amex,Credit,1,0,34,8,0
8746,Other,GBP,1,Weekday,Discover,Credit,1,1,23,1,1
9156,AU,CAD,0,Weekday,Amex,Debit,1,1,61,5,1
4005,CA,USD,18,Weekend,Amex,Credit,0,0,52,3,0
7154,Other,GBP,0,Weekend,Visa,Credit,1,1,64,1,1
4191,AU,USD,15,Weekday,MasterCard,Debit,0,0,54,12,0
599,US,USD,9,Weekend,Discover,Credit,1,0,18,4,0
9119,Other,AUD,1,Weekend,Amex,Credit,1,1,39,0,1
5131,US,GBP,0,Weekend,Amex,Credit,1,1,24,10,1
9801,AU,GBP,0,Weekday,MasterCard,Debit,1,1,44,2,1
2566,Other,USD,16,Weekend,Amex,Credit,0,0,55,3,0
3164,CA,CAD,19,Weekday,Discover,Credit,0,0,66,0,0
5817,Other,CAD,0,Weekend,MasterCard,Credit,1,1,41,8,1
1397,Other,AUD,9,Weekend,Visa,Credit,1,0,56,6,0
4907,CA,GBP,18,Weekday,MasterCard,Credit,0,0,38,7,0
5371,US,CAD,23,Weekday,Amex,Debit,1,1,21,3,1
1596,US,AUD,9,Weekend,Visa,Debit,1,0,62,11,0
5469,CA,USD,1,Weekend,Amex,Debit,1,1,45,8,1
4888,UK,GBP,9,Weekday,Discover,Credit,1,0,29,8,0
7171,CA,CAD,0,Weekend,Amex,Debit,1,1,26,8,1
977,AU,AUD,18,Weekend,Amex,Credit,1,0,40,9,0
4756,CA,AUD,17,Weekend,Amex,Debit,1,0,53,3,0
4596,CA,AUD,10,Weekend,MasterCard,Credit,0,0,27,2,0
3194,AU,USD,10,Weekday,Amex,Debit,1,0,51,4,0
2926,CA,CAD,10,Weekday,Amex,Debit,0,0,34,6,0
4150,AU,AUD,9,Weekend,Discover,Debit,1,0,47,7,0
2947,Other,USD,17,Weekend,Visa,Credit,1,0,50,2,0
1595,US,CAD,17,Weekend,Amex,Debit,1,0,65,9,0
283,UK,AUD,10,Weekend,Visa,Credit,1,0,35,12,0
4841,AU,USD,18,Weekday,Visa,Debit,0,0,31,6,0
4891,Other,CAD,18,Weekend,Discover,Debit,1,0,61,8,0
7471,AU,AUD,1,Weekend,Amex,Credit,0,1,54,7,1
6433,US,GBP,23,Weekday,Visa,Credit,1,1,41,10,1
3069,AU,GBP,12,Weekend,Discover,Credit,1,0,62,8,0
5867,AU,USD,1,Weekend,Amex,Credit,1,1,26,8,1
7872,UK,USD,1,Weekend,MasterCard,Credit,1,1,34,1,1
8760,CA,AUD,23,Weekend,MasterCard,Credit,1,1,54,8,1
1756,Other,AUD,16,Weekday,MasterCard,Credit,1,0,43,9,0
5562,Other,GBP,0,Weekday,Amex,Credit,0,1,60,4,1
8608,CA,AUD,0,Weekend,Amex,Credit,1,1,41,6,1
1788,AU,AUD,10,Weekend,Amex,Debit,0,0,31,5,0
5279,CA,USD,1,Weekend,Amex,Credit,1,1,67,0,1
3617,Other,GBP,18,Weekend,Visa,Credit,0,0,59,0,0
314,US,AUD,10,Weekend,Visa,Credit,0,0,57,8,0
8397,UK,GBP,23,Weekday,MasterCard,Debit,1,1,49,5,1
9664,CA,AUD,0,Weekend,Amex,Credit,1,1,18,4,1
3124,CA,CAD,16,Weekend,Visa,Debit,0,0,57,7,0
3078,Other,AUD,8,Weekday,Amex,Debit,0,0,64,9,0
6266,US,AUD,0,Weekday,MasterCard,Credit,1,1,51,10,1
2571,Other,CAD,8,Weekday,Amex,Credit,1,0,39,0,0
3456,UK,AUD,15,Weekday,Amex,Credit,1,0,61,1,0
8633,US,AUD,0,Weekend,Discover,Credit,1,1,48,4,1
1520,AU,CAD,11,Weekend,MasterCard,Debit,1,0,64,11,0
1669,UK,GBP,8,Weekday,Discover,Debit,0,0,46,7,0
4256,US,AUD,12,Weekday,Visa,Credit,1,0,46,1,0
3590,US,AUD,12,Weekday,Discover,Credit,0,0,69,10,0
2768,Other,AUD,16,Weekday,Visa,Credit,1,0,44,11,0
9265,US,CAD,23,Weekend,Visa,Debit,1,1,26,6,1
3672,Other,CAD,13,Weekday,MasterCard,Debit,1,0,36,1,0
1527,Other,AUD,19,Weekend,Amex,Debit,1,0,55,4,0
4724,Other,USD,8,Weekend,Visa,Debit,1,0,20,1,0
5485,AU,USD,23,Weekday,Amex,Credit,1,1,55,8,1
961,UK,GBP,15,Weekday,MasterCard,Credit,0,0,43,1,0
936,US,AUD,10,Weekday,Visa,Credit,1,0,41,5,0
139,CA,GBP,11,Weekend,Amex,Credit,1,0,64,9,0
4090,UK,AUD,17,Weekday,MasterCard,Debit,0,0,70,9,0
3971,CA,GBP,13,Weekend,MasterCard,Debit,1,0,46,8,0
4285,Other,AUD,8,Weekday,MasterCard,Debit,0,0,67,2,0
1182,CA,AUD,18,Weekend,Amex,Debit,0,0,27,3,0
8977,Other,AUD,1,Weekday,Discover,Credit,1,1,18,6,1
8426,Other,AUD,0,Weekday,Visa,Credit,1,1,41,5,1
5227,UK,USD,1,Weekend,Discover,Debit,1,1,31,2,1
436,AU,AUD,17,Weekend,Visa,Credit,0,0,46,0,0
7810,Other,USD,1,Weekday,Amex,Credit,1,1,69,11,1
4302,CA,USD,12,Weekday,Visa,Credit,1,0,70,8,0
1067,US,USD,16,Weekend,MasterCard,Debit,0,0,55,6,0
9508,Other,USD,0,Weekday,MasterCard,Credit,1,1,25,2,1
4299,Other,AUD,16,Weekend,Visa,Credit,0,0,64,7,0
5858,US,CAD,23,Weekend,Visa,Debit,1,1,26,6,1
7886,US,CAD,1,Weekday,Amex,Credit,1,1,59,12,1
9554,CA,CAD,1,Weekday,Amex,Credit,1,1,18,9,1
8943,AU,CAD,0,Weekday,Amex,Credit,1,1,37,12,1
8433,CA,GBP,0,Weekday,Visa,Credit,1,1,47,8,1
553,AU,AUD,16,Weekend,MasterCard,Debit,1,0,49,10,0
9600,AU,GBP,1,Weekend,Amex,Credit,1,1,26,8,1
5828,CA,GBP,23,Weekend,Visa,Debit,1,1,23,9,1
4971,CA,GBP,11,Weekend,Amex,Debit,1,0,61,2,0
1503,AU,CAD,13,Weekend,Amex,Credit,0,0,45,8,0
8897,Other,AUD,23,Weekday,MasterCard,Debit,1,1,19,10,1
8214,CA,GBP,23,Weekend,Amex,Debit,1,1,20,6,1
8545,Other,USD,1,Weekday,Amex,Debit,1,1,64,9,1
7446,AU,CAD,0,Weekday,Amex,Debit,1,1,37,5,1
3565,Other,GBP,19,Weekday,Amex,Credit,0,0,50,9,0
3908,US,USD,14,Weekend,Visa,Debit,0,0,42,4,0
5489,Other,USD,23,Weekday,Amex,Debit,1,1,61,5,1
6181,CA,CAD,1,Weekday,Amex,Debit,1,1,22,8,1
5651,Other,AUD,23,Weekend,Amex,Debit,1,1,20,12,1
3847,US,CAD,16,Weekend,Visa,Credit,0,0,46,7,0
261,AU,CAD,17,Weekend,Discover,Credit,1,0,68,3,0
9286,Other,CAD,0,Weekday,Discover,Debit,1,1,37,9,1
4420,AU,GBP,18,Weekend,Amex,Credit,0,0,60,0,0
3813,CA,AUD,17,Weekday,MasterCard,Credit,1,0,40,5,0
3600,Other,CAD,12,Weekend,Visa,Credit,1,0,70,3,0
145,AU,CAD,13,Weekday,Amex,Debit,1,0,47,8,0
1933,UK,USD,15,Weekend,Amex,Credit,1,0,66,3,0
985,US,GBP,11,Weekend,Amex,Credit,0,0,60,0,0
1726,Other,CAD,16,Weekend,MasterCard,Credit,1,0,61,7,0
9319,US,GBP,0,Weekend,Discover,Debit,1,1,38,1,1
8408,CA,GBP,23,Weekend,Amex,Credit,1,1,47,11,1
7514,Other,GBP,23,Weekend,Visa,Debit,1,1,57,10,1
7666,Other,CAD,1,Weekday,Discover,Credit,1,1,57,9,1
1726,US,USD,9,Weekday,MasterCard,Credit,1,0,43,4,0
3641,Other,USD,15,Weekday,MasterCard,Debit,1,0,64,4,0
757,US,AUD,11,Weekday,Amex,Credit,1,0,58,8,0
739,UK,USD,8,Weekend,Visa,Credit,1,0,35,8,0
2491,UK,USD,13,Weekday,Discover,Debit,1,0,36,2,0
4904,Other,USD,15,Weekend,Discover,Credit,0,0,42,1,0
6265,CA,GBP,23,Weekday,Amex,Credit,1,1,51,12,1
9523,Other,CAD,0,Weekend,Visa,Credit,1,1,32,3,1
1235,Other,USD,13,Weekend,MasterCard,Debit,0,0,47,4,0
555,AU,USD,18,Weekday,MasterCard,Credit,1,0,25,2,0
3648,Other,USD,15,Weekend,Visa,Credit,1,0,26,6,0
2833,UK,USD,19,Weekend,MasterCard,Debit,0,0,46,4,0
2591,AU,GBP,13,Weekday,Discover,Credit,0,0,47,1,0
3616,UK,CAD,17,Weekday,Visa,Credit,1,0,18,12,0
6666,US,GBP,1,Weekday,MasterCard,Credit,1,1,39,8,1
6940,Other,AUD,0,Weekday,Visa,Debit,1,1,56,8,1
576,UK,GBP,11,Weekend,Visa,Credit,0,0,45,0,0
4129,UK,USD,10,Weekday,Amex,Debit,0,0,68,12,0
5969,US,GBP,23,Weekday,Discover,Credit,1,1,28,0,1
1774,UK,GBP,17,Weekday,Visa,Debit,1,0,34,9,0
3894,US,CAD,9,Weekday,Discover,Credit,0,0,51,6,0
7199,Other,CAD,0,Weekday,Discover,Credit,1,1,26,7,1
8452,Other,AUD,0,Weekend,Amex,Credit,0,1,65,8,1
5056,UK,USD,23,Weekend,MasterCard,Credit,1,1,35,11,1
2740,US,CAD,17,Weekend,Visa,Credit,0,0,30,3,0
5631,CA,CAD,1,Weekend,MasterCard,Debit,1,1,18,10,1
7098,Other,CAD,0,Weekday,Amex,Credit,1,1,58,6,1
5875,Other,USD,0,Weekday,MasterCard,Credit,1,1,65,8,1
5897,US,GBP,23,Weekday,Visa,Credit,1,1,50,4,1
2312,US,USD,18,Weekday,Visa,Debit,1,0,31,12,0
4935,AU,CAD,19,Weekend,Amex,Debit,0,0,68,12,0
9436,UK,CAD,0,Weekend,Amex,Credit,1,1,26,10,1
3906,Other,CAD,16,Weekend,Amex,Debit,1,0,52,7,0
590,CA,GBP,10,Weekend,Visa,Debit,1,0,40,4,0
2435,UK,USD,18,Weekend,Visa,Debit,0,0,32,7,0
4768,UK,USD,13,Weekend,Visa,Credit,1,0,52,9,0
7700,CA,AUD,0,Weekday,Discover,Credit,1,1,34,12,1
415,Other,GBP,19,Weekend,Discover,Credit,1,0,40,2,0
930,UK,AUD,17,Weekend,MasterCard,Credit,0,0,37,11,0
6487,Other,GBP,23,Weekend,MasterCard,Credit,0,1,54,12,1
1039,US,CAD,12,Weekday,MasterCard,Debit,0,0,54,7,0
8585,Other,AUD,23,Weekend,Amex,Credit,1,1,20,0,1
7358,Other,GBP,0,Weekend,Amex,Credit,1,1,67,8,1
7056,Other,GBP,0,Weekday,Visa,Credit,1,1,19,10,1
3433,Other,USD,19,Weekday,Discover,Credit,1,0,27,7,0
2546,US,AUD,17,Weekend,Visa,Debit,0,0,63,4,0
7723,Other,CAD,0,Weekday,Amex,Credit,1,1,36,1,1
4130,Other,GBP,17,Weekday,Amex,Credit,0,0,48,5,0
815,AU,AUD,12,Weekend,Amex,Credit,0,0,41,10,0
4932,US,AUD,14,Weekend,Amex,Debit,1,0,70,9,0
9597,Other,AUD,23,Weekend,Discover,Credit,0,1,57,0,1
7397,CA,GBP,0,Weekend,MasterCard,Credit,1,1,31,12,1
1003,AU,USD,17,Weekend,MasterCard,Credit,1,0,30,4,0
1494,US,GBP,13,Weekend,Amex,Credit,1,0,28,9,0
741,CA,GBP,16,Weekday,MasterCard,Credit,1,0,22,5,0
7733,UK,GBP,0,Weekday,MasterCard,Debit,1,1,49,5,1
1332,AU,USD,15,Weekend,Discover,Credit,1,0,50,10,0
9529,Other,GBP,23,Weekday,Amex,Debit,1,1,42,12,1
7789,Other,GBP,23,Weekend,Visa,Debit,1,1,50,2,1
6004,UK,GBP,1,Weekend,Discover,Debit,1,1,69,9,1
1177,UK,CAD,17,Weekday,Discover,Debit,0,0,23,4,0
9067,Other,AUD,23,Weekday,Discover,Credit,1,1,67,1,1
3950,UK,CAD,8,Weekday,Discover,Credit,0,0,70,3,0
8672,UK,USD,0,Weekend,Amex,Debit,1,1,58,4,1
1129,AU,CAD,16,Weekend,MasterCard,Debit,0,0,57,7,0
5760,Other,CAD,23,Weekday,Discover,Credit,1,1,57,9,1
9205,Other,USD,0,Weekend,Visa,Credit,1,1,50,1,1
2162,Other,USD,16,Weekend,Visa,Debit,1,0,66,9,0
6546,UK,USD,1,Weekend,Visa,Credit,1,1,55,0,1
3120,AU,CAD,19,Weekend,Amex,Debit,0,0,52,6,0
6043,AU,AUD,1,Weekend,Visa,Debit,1,1,57,7,1
9754,US,GBP,0,Weekend,Amex,Credit,1,1,35,9,1
8081,UK,CAD,1,Weekend,Amex,Credit,1,1,59,5,1
3289,AU,USD,8,Weekend,Discover,Credit,1,0,45,0,0
917,AU,GBP,17,Weekend,Visa,Credit,1,0,46,6,0
570,Other,AUD,11,Weekday,MasterCard,Credit,0,0,48,8,0
1619,US,GBP,11,Weekday,Amex,Debit,1,0,48,9,0
6750,Other,CAD,23,Weekday,Amex,Credit,1,1,68,0,1
1509,AU,USD,11,Weekend,Amex,Credit,1,0,43,12,0
8782,Other,AUD,1,Weekend,Amex,Credit,1,1,20,0,1
8920,Other,CAD,1,Weekend,Visa,Debit,0,1,64,10,1
1098,CA,AUD,13,Weekend,MasterCard,Credit,1,0,26,2,0
3017,UK,GBP,13,Weekday,Visa,Debit,0,0,28,11,0
4510,AU,CAD,9,Weekday,MasterCard,Credit,0,0,63,3,0
9376,US,AUD,23,Weekday,MasterCard,Credit,1,1,68,5,1
1671,CA,AUD,19,Weekday,Amex,Debit,0,0,46,11,0
6585,CA,AUD,23,Weekday,Amex,Credit,1,1,32,9,1
2454,Other,CAD,9,Weekday,Amex,Debit,1,0,49,7,0
5879,UK,USD,1,Weekday,Visa,Debit,1,1,23,12,1
282,UK,USD,19,Weekday,MasterCard,Debit,0,0,66,0,0
4387,AU,GBP,12,Weekday,Discover,Credit,0,0,25,8,0
8697,AU,GBP,0,Weekend,Amex,Credit,1,1,26,8,1
8545,CA,USD,0,Weekend,Visa,Credit,1,1,65,4,1
7560,Other,AUD,1,Weekend,MasterCard,Credit,1,1,23,9,1
7821,US,AUD,1,Weekend,Visa,Credit,1,1,58,8,1
6947,UK,AUD,1,Weekday,Visa,Credit,1,1,47,6,1
3571,AU,GBP,19,Weekend,Discover,Credit,1,0,58,3,0
3074,Other,CAD,10,Weekday,MasterCard,Debit,0,0,56,1,0
2694,CA,AUD,15,Weekend,MasterCard,Credit,0,0,59,1,0
860,AU,CAD,13,Weekday,Visa,Debit,0,0,69,8,0
7765,UK,GBP,0,Weekend,Visa,Debit,1,1,58,12,1
7009,Other,AUD,0,Weekend,Visa,Debit,1,1,55,3,1
8514,UK,AUD,23,Weekday,Amex,Credit,1,1,18,4,1
9936,Other,USD,0,Weekday,Discover,Credit,1,1,60,7,1
2820,CA,CAD,12,Weekday,Visa,Debit,0,0,29,9,0
3908,US,CAD,15,Weekend,Discover,Credit,0,0,42,5,0
869,US,CAD,8,Weekday,Visa,Credit,0,0,32,12,0
1900,CA,USD,10,Weekday,MasterCard,Debit,1,0,68,5,0
9656,Other,USD,1,Weekend,Visa,Credit,1,1,36,10,1
3267,UK,AUD,15,Weekday,MasterCard,Credit,1,0,68,11,0
726,US,AUD,14,Weekday,MasterCard,Debit,0,0,25,9,0
6533,CA,USD,23,Weekday,Amex,Debit,1,1,57,1,1
6043,AU,AUD,23,Weekend,Discover,Credit,1,1,30,12,1
8151,UK,CAD,0,Weekday,Amex,Debit,1,1,52,5,1
4430,Other,CAD,17,Weekday,Discover,Credit,0,0,60,7,0
768,US,CAD,10,Weekday,Amex,Credit,0,0,46,0,0
4007,CA,AUD,12,Weekend,Visa,Credit,0,0,32,7,0
7619,US,CAD,0,Weekend,Amex,Debit,1,1,23,6,1
8738,UK,GBP,23,Weekend,Amex,Debit,1,1,64,7,1
4566,UK,USD,16,Weekend,Amex,Credit,1,0,22,1,0
2706,AU,USD,19,Weekday,MasterCard,Debit,1,0,35,10,0
9811,CA,AUD,0,Weekday,Discover,Credit,1,1,49,2,1
319,US,AUD,8,Weekend,Discover,Debit,0,0,37,0,0
7584,AU,AUD,0,Weekday,Amex,Debit,1,1,52,6,1
9242,UK,USD,0,Weekday,Amex,Credit,1,1,18,12,1
8690,US,AUD,23,Weekday,Discover,Credit,1,1,20,6,1
3177,UK,USD,18,Weekend,Amex,Credit,1,0,32,3,0
2328,CA,AUD,8,Weekend,Amex,Credit,1,0,57,7,0
793,AU,GBP,18,Weekend,Amex,Debit,0,0,44,6,0
1506,AU,CAD,11,Weekday,MasterCard,Debit,1,0,64,7,0
6244,UK,GBP,1,Weekday,MasterCard,Debit,1,1,49,5,1
9777,UK,USD,23,Weekday,Discover,Credit,1,1,69,2,1
4730,AU,USD,11,Weekend,Amex,Debit,1,0,69,8,0
6424,AU,AUD,1,Weekday,Amex,Credit,1,1,40,7,1
9547,US,USD,0,Weekend,Discover,Credit,1,1,46,2,1
1603,AU,CAD,9,Weekend,MasterCard,Credit,0,0,36,11,0
9932,Other,CAD,0,Weekend,MasterCard,Credit,1,1,57,1,1
8919,AU,USD,0,Weekday,Discover,Debit,1,1,46,11,1
6849,Other,GBP,0,Weekday,Visa,Credit,1,1,43,8,1
8495,AU,GBP,1,Weekday,Visa,Credit,1,1,64,5,1
155,US,CAD,19,Weekday,Visa,Debit,0,0,22,12,0
7293,AU,GBP,23,Weekday,MasterCard,Credit,1,1,21,4,1
4983,Other,USD,9,Weekend,Visa,Debit,1,0,49,10,0
334,US,CAD,8,Weekend,Visa,Credit,0,0,34,5,0
5136,UK,CAD,1,Weekend,Amex,Credit,1,1,21,12,1
3980,UK,GBP,12,Weekend,Amex,Credit,0,0,27,5,0
5593,Other,AUD,1,Weekday,Visa,Debit,1,1,70,11,1
3602,Other,USD,15,Weekday,Visa,Credit,0,0,56,12,0
2233,AU,CAD,13,Weekday,MasterCard,Debit,1,0,64,11,0
1700,US,CAD,16,Weekday,MasterCard,Debit,0,0,38,0,0
6935,UK,CAD,23,Weekday,Amex,Debit,1,1,52,5,1
1252,UK,USD,17,Weekday,Amex,Debit,0,0,69,0,0
9588,AU,GBP,23,Weekday,Visa,Credit,1,1,42,8,1
1764,US,AUD,9,Weekend,Amex,Credit,1,0,28,8,0
9459,UK,USD,0,Weekend,MasterCard,Credit,1,1,37,12,1
3210,AU,USD,9,Weekday,Visa,Credit,1,0,23,5,0
7344,Other,USD,1,Weekday,Visa,Debit,1,1,60,12,1
8676,CA,CAD,23,Weekday,Amex,Debit,1,1,22,8,1
6101,Other,USD,1,Weekday,Amex,Debit,1,1,61,5,1
7277,AU,CAD,1,Weekend,MasterCard,Debit,1,1,58,0,1
164,Other,AUD,11,Weekend,Visa,Debit,0,0,25,2,0
7362,Other,AUD,0,Weekend,Visa,Debit,0,1,43,6,1
7570,CA,GBP,1,Weekday,Amex,Credit,1,1,38,4,1
2676,CA,USD,19,Weekday,Discover,Credit,1,0,38,5,0
1385,UK,GBP,18,Weekday,Discover,Debit,1,0,43,8,0
9448,UK,GBP,1,Weekend,Discover,Debit,1,1,69,9,1
112,CA,AUD,13,Weekend,Amex,Credit,1,0,27,12,0
7175,CA,AUD,0,Weekend,Amex,Credit,0,1,38,3,1
2309,Other,GBP,11,Weekend,MasterCard,Debit,0,0,36,5,0
557,US,CAD,8,Weekend,Visa,Debit,0,0,59,12,0
3336,Other,AUD,17,Weekend,Discover,Credit,1,0,29,7,0
3609,AU,USD,15,Weekend,Discover,Debit,1,0,47,2,0
9895,CA,USD,1,Weekday,Visa,Credit,1,1,58,9,1
6593,US,AUD,1,Weekend,Visa,Debit,1,1,52,12,1
2258,CA,AUD,19,Weekday,Discover,Debit,1,0,46,6,0
7172,Other,AUD,0,Weekday,MasterCard,Debit,1,1,19,10,1
4056,UK,AUD,13,Weekend,Visa,Debit,0,0,33,5,0
7196,US,CAD,0,Weekend,Visa,Credit,1,1,65,8,1
8871,Other,AUD,0,Weekend,Amex,Credit,1,1,67,2,1
4667,AU,CAD,18,Weekend,Discover,Credit,0,0,43,3,0
4026,UK,USD,9,Weekend,Amex,Credit,1,0,19,7,0
3064,UK,USD,11,Weekday,Discover,Credit,1,0,58,4,0
3600,AU,GBP,15,Weekend,Discover,Debit,1,0,57,7,0
8059,AU,AUD,1,Weekend,Amex,Debit,1,1,66,10,1
4752,US,AUD,13,Weekday,MasterCard,Debit,0,0,51,1,0
6010,Other,CAD,0,Weekday,Discover,Debit,1,1,27,12,1
869,Other,USD,12,Weekday,Discover,Debit,1,0,49,10,0
1168,US,CAD,18,Weekday,MasterCard,Debit,1,0,34,1,0
8927,Other,CAD,23,Weekend,Amex,Credit,0,1,28,12,1
770,UK,AUD,19,Weekday,Discover,Debit,1,0,28,3,0
9041,Other,USD,1,Weekend,MasterCard,Debit,1,1,66,11,1
4543,UK,CAD,17,Weekend,Visa,Credit,0,0,61,6,0
1106,Other,AUD,13,Weekend,Amex,Credit,1,0,61,6,0
1495,AU,GBP,18,Weekend,Discover,Credit,0,0,59,7,0
1511,AU,USD,14,Weekend,MasterCard,Debit,1,0,22,3,0
4626,UK,USD,19,Weekend,MasterCard,Credit,0,0,30,3,0
1890,UK,AUD,12,Weekend,MasterCard,Debit,1,0,58,9,0
2538,Other,CAD,16,Weekday,MasterCard,Credit,1,0,18,12,0
3010,AU,GBP,10,Weekday,Discover,Debit,0,0,49,1,0
835,US,USD,18,Weekend,Visa,Debit,1,0,41,9,0
8355,Other,GBP,0,Weekday,Amex,Debit,1,1,57,4,1
7708,Other,AUD,23,Weekend,Amex,Credit,1,1,30,1,1
5577,US,CAD,1,Weekend,Amex,Debit,1,1,61,11,1
7144,Other,GBP,1,Weekday,MasterCard,Credit,0,1,54,10,1
8100,US,CAD,23,Weekend,Discover,Credit,1,1,63,1,1
165,US,CAD,13,Weekend,Visa,Credit,1,0,40,6,0
6070,AU,CAD,23,Weekend,Discover,Credit,1,1,49,1,1
6929,UK,GBP,23,Weekend,Amex,Debit,1,1,50,9,1
8979,UK,AUD,0,Weekday,Visa,Credit,1,1,47,6,1
6097,Other,CAD,1,Weekend,MasterCard,Credit,0,1,62,8,1
6410,US,CAD,1,Weekday,Discover,Credit,1,1,24,11,1
8790,Other,CAD,23,Weekday,Amex,Debit,1,1,58,10,1
7397,CA,CAD,23,Weekday,Amex,Credit,1,1,70,6,1
1249,AU,CAD,10,Weekday,Discover,Debit,1,0,28,4,0
9946,US,CAD,0,Weekend,Amex,Debit,1,1,56,10,1
4645,Other,AUD,19,Weekday,Amex,Credit,1,0,53,0,0
9396,UK,CAD,1,Weekend,Visa,Credit,1,1,42,0,1
8954,AU,CAD,23,Weekday,Discover,Debit,1,1,18,8,1
8657,Other,USD,1,Weekday,Discover,Debit,1,1,56,7,1
7094,AU,AUD,23,Weekday,Amex,Credit,1,1,54,3,1
2751,Other,USD,11,Weekend,Amex,Debit,1,0,56,6,0
6469,UK,USD,1,Weekend,Discover,Credit,1,1,29,2,1
7034,UK,CAD,1,Weekend,Discover,Credit,1,1,22,7,1
1884,CA,USD,15,Weekend,MasterCard,Credit,0,0,40,0,0
9538,Other,USD,0,Weekend,MasterCard,Credit,1,1,18,7,1
6651,Other,GBP,0,Weekday,Discover,Credit,0,1,69,7,1
8207,US,CAD,0,Weekend,Visa,Credit,1,1,23,2,1
4823,US,USD,8,Weekend,Amex,Debit,1,0,46,0,0
9203,UK,AUD,23,Weekday,Visa,Credit,1,1,34,10,1
5143,Other,USD,23,Weekday,MasterCard,Credit,1,1,36,9,1
4244,AU,CAD,15,Weekend,Discover,Credit,1,0,65,10,0
639,AU,CAD,13,Weekend,Discover,Credit,1,0,47,8,0
7346,CA,USD,23,Weekday,Amex,Credit,1,1,24,11,1
5358,US,GBP,1,Weekday,Discover,Credit,1,1,28,0,1
2637,Other,USD,13,Weekend,MasterCard,Debit,1,0,30,8,0
277,US,GBP,10,Weekend,Discover,Debit,1,0,26,11,0
2710,UK,USD,19,Weekend,Amex,Debit,0,0,32,10,0
9335,Other,AUD,0,Weekend,Amex,Credit,1,1,67,10,1
7517,UK,GBP,1,Weekend,Amex,Credit,1,1,28,4,1
2262,Other,AUD,8,Weekend,Discover,Credit,0,0,67,9,0
3759,US,CAD,10,Weekend,Visa,Credit,1,0,59,1,0
4867,Other,AUD,13,Weekday,MasterCard,Debit,1,0,49,10,0
2795,CA,GBP,16,Weekend,Discover,Credit,0,0,32,12,0
390,US,AUD,17,Weekend,Amex,Credit,1,0,22,1,0
1125,CA,CAD,18,Weekday,Amex,Debit,1,0,59,10,0
7777,Other,USD,0,Weekday,Discover,Debit,1,1,21,9,1
298,US,USD,15,Weekday,Discover,Debit,1,0,48,11,0
4961,US,GBP,18,Weekday,MasterCard,Credit,1,0,34,8,0
7346,Other,AUD,0,Weekend,Amex,Debit,0,1,56,0,1
4432,US,CAD,14,Weekday,Discover,Debit,1,0,30,4,0
9257,UK,AUD,1,Weekend,Amex,Credit,1,1,68,12,1
6742,AU,CAD,23,Weekday,Discover,Credit,1,1,43,11,1
314,UK,GBP,13,Weekday,Amex,Credit,1,0,28,7,0
4947,UK,USD,16,Weekday,MasterCard,Debit,1,0,33,10,0
8311,CA,CAD,1,Weekday,Visa,Credit,1,1,44,11,1
633,AU,CAD,14,Weekend,Discover,Debit,0,0,45,3,0
9075,Other,CAD,0,Weekday,Visa,Credit,1,1,42,6,1
9233,Other,USD,23,Weekend,Visa,Debit,1,1,65,8,1
2755,US,CAD,16,Weekday,MasterCard,Credit,0,0,57,10,0
7721,AU,GBP,23,Weekend,Amex,Debit,0,1,32,8,1
9318,US,USD,1,Weekend,Amex,Credit,1,1,59,11,1
1245,US,USD,8,Weekend,MasterCard,Debit,1,0,65,12,0
1421,UK,GBP,13,Weekend,MasterCard,Debit,0,0,55,9,0
5677,AU,USD,23,Weekend,Amex,Credit,1,1,26,8,1
2233,Other,CAD,8,Weekday,Amex,Debit,1,0,51,4,0
822,US,GBP,9,Weekday,Visa,Debit,0,0,50,0,0
5518,Other,AUD,1,Weekend,Visa,Credit,1,1,60,5,1
9692,AU,CAD,1,Weekend,Visa,Credit,1,1,57,12,1
6914,Other,AUD,1,Weekend,Amex,Credit,1,1,50,3,1
6090,Other,CAD,23,Weekday,Visa,Debit,1,1,67,4,1
2164,UK,USD,16,Weekday,Discover,Debit,1,0,33,4,0
407,AU,GBP,17,Weekday,Discover,Credit,1,0,53,4,0
8166,US,CAD,0,Weekend,Amex,Credit,1,1,36,6,1
4443,CA,AUD,8,Weekend,MasterCard,Credit,1,0,41,12,0
9061,UK,GBP,23,Weekend,Discover,Credit,1,1,52,11,1
2221,AU,USD,11,Weekend,Amex,Credit,0,0,45,0,0
9712,CA,AUD,23,Weekday,Discover,Credit,1,1,70,2,1
5014,Other,AUD,23,Weekend,MasterCard,Credit,1,1,33,8,1
3195,UK,AUD,8,Weekend,Discover,Debit,1,0,60,4,0
7732,UK,USD,1,Weekday,MasterCard,Credit,1,1,70,12,1
6163,Other,AUD,0,Weekday,Amex,Credit,1,1,33,1,1
9222,Other,CAD,1,Weekday,Discover,Credit,0,1,42,11,1
8366,AU,CAD,1,Weekday,Discover,Debit,1,1,18,8,1
6678,Other,CAD,0,Weekend,Amex,Debit,1,1,69,3,1
3581,AU,CAD,11,Weekday,Amex,Debit,1,0,67,11,0
1730,UK,USD,10,Weekend,Discover,Debit,0,0,46,12,0
5074,Other,USD,1,Weekday,Visa,Debit,1,1,60,12,1
6444,UK,GBP,0,Weekday,Amex,Debit,1,1,36,4,1
8377,Other,GBP,23,Weekend,MasterCard,Credit,0,1,40,9,1
4285,US,GBP,8,Weekend,MasterCard,Debit,0,0,26,5,0
1043,UK,GBP,13,Weekday,Discover,Credit,1,0,37,12,0
9176,CA,USD,23,Weekend,Visa,Credit,1,1,70,4,1
5214,AU,CAD,0,Weekday,Visa,Debit,1,1,48,6,1
1849,AU,AUD,9,Weekend,MasterCard,Debit,0,0,29,10,0
3860,US,CAD,9,Weekend,Visa,Debit,0,0,28,0,0
1636,AU,AUD,8,Weekend,MasterCard,Debit,1,0,46,0,0
2977,US,AUD,8,Weekend,MasterCard,Debit,1,0,38,7,0
9932,Other,USD,1,Weekend,MasterCard,Credit,1,1,18,7,1
9282,Other,CAD,1,Weekday,Amex,Credit,1,1,33,0,1
9434,US,CAD,1,Weekend,MasterCard,Credit,1,1,27,1,1
4331,UK,AUD,18,Weekend,MasterCard,Credit,1,0,54,7,0
5130,US,USD,23,Weekend,Visa,Credit,1,1,24,5,1
1333,UK,AUD,19,Weekend,Discover,Credit,1,0,23,1,0
245,US,GBP,16,Weekend,Discover,Debit,1,0,21,6,0
7382,Other,CAD,1,Weekend,Visa,Credit,1,1,64,12,1
5050,Other,GBP,1,Weekday,Amex,Debit,1,1,43,1,1
2011,UK,GBP,14,Weekday,MasterCard,Debit,1,0,32,7,0
5619,Other,CAD,23,Weekday,Discover,Credit,1,1,29,11,1
604,CA,GBP,14,Weekday,Amex,Credit,0,0,58,8,0
8042,AU,CAD,0,Weekend,Visa,Credit,1,1,61,10,1
3436,UK,CAD,19,Weekday,Discover,Credit,1,0,23,11,0
1476,US,CAD,12,Weekend,MasterCard,Credit,0,0,64,11,0
6487,Other,GBP,23,Weekend,Visa,Credit,1,1,46,8,1
5985,UK,USD,0,Weekend,Amex,Debit,1,1,58,4,1
7677,US,AUD,23,Weekday,MasterCard,Credit,1,1,59,8,1
7262,CA,AUD,1,Weekday,Amex,Debit,1,1,68,5,1
1706,AU,USD,18,Weekday,Amex,Debit,1,0,36,3,0
4901,Other,CAD,10,Weekday,Amex,Credit,1,0,47,8,0
5402,AU,GBP,0,Weekend,Amex,Credit,1,1,26,8,1
3750,AU,AUD,9,Weekday,Visa,Debit,0,0,19,7,0
8655,AU,CAD,23,Weekend,MasterCard,Credit,1,1,49,3,1
8186,Other,AUD,1,Weekend,Discover,Credit,1,1,34,3,1
659,AU,CAD,19,Weekday,Visa,Credit,1,0,64,4,0
5052,UK,USD,0,Weekday,MasterCard,Credit,1,1,66,2,1
2132,AU,GBP,15,Weekday,Amex,Debit,1,0,25,2,0
1085,AU,GBP,13,Weekend,MasterCard,Credit,0,0,69,9,0
4773,UK,CAD,15,Weekend,Visa,Credit,0,0,36,12,0
2567,CA,USD,17,Weekend,Amex,Credit,0,0,56,6,0
5165,Other,CAD,1,Weekend,Discover,Credit,0,1,49,10,1
9608,Other,AUD,1,Weekday,Discover,Debit,1,1,32,12,1
1806,US,CAD,8,Weekend,MasterCard,Debit,0,0,47,12,0
3916,AU,USD,9,Weekday,MasterCard,Credit,1,0,66,3,0
6694,Other,GBP,23,Weekend,Visa,Credit,1,1,19,5,1
8594,Other,AUD,23,Weekend,Amex,Credit,1,1,30,1,1
7004,Other,AUD,1,Weekend,Amex,Credit,1,1,50,3,1
839,UK,USD,14,Weekend,Discover,Credit,1,0,54,6,0
9488,Other,GBP,23,Weekday,MasterCard,Debit,1,1,27,6,1
2581,Other,AUD,15,Weekend,Visa,Debit,0,0,58,8,0
924,Other,USD,8,Weekday,Visa,Credit,1,0,45,8,0
6092,UK,CAD,1,Weekday,Amex,Debit,1,1,65,9,1
7527,UK,AUD,0,Weekend,Discover,Credit,1,1,28,9,1
2386,US,USD,14,Weekend,Amex,Credit,0,0,62,10,0
7512,US,AUD,0,Weekend,MasterCard,Credit,1,1,30,0,1
4969,CA,GBP,19,Weekday,Discover,Credit,1,0,47,9,0
3473,US,AUD,16,Weekday,MasterCard,Debit,1,0,21,8,0
714,US,CAD,16,Weekend,MasterCard,Credit,1,0,25,7,0
8395,US,AUD,23,Weekend,Discover,Credit,1,1,60,6,1
7229,Other,USD,1,Weekday,MasterCard,Credit,1,1,65,8,1
1222,CA,USD,15,Weekend,Visa,Credit,1,0,46,0,0
9627,UK,USD,0,Weekend,Visa,Credit,1,1,66,9,1
2189,AU,USD,19,Weekday,Discover,Credit,0,0,34,7,0
4006,UK,GBP,13,Weekday,MasterCard,Debit,0,0,53,5,0
7530,Other,USD,0,Weekend,Amex,Credit,1,1,30,9,1
1597,US,CAD,8,Weekday,Amex,Debit,1,0,42,9,0
7170,UK,GBP,1,Weekday,Visa,Credit,1,1,18,5,1
7660,AU,GBP,23,Weekend,Amex,Debit,0,1,32,8,1
6585,Other,CAD,0,Weekend,Amex,Debit,1,1,22,10,1
175,CA,USD,10,Weekday,Discover,Credit,1,0,44,10,0
1132,US,USD,12,Weekend,Visa,Credit,1,0,22,6,0
6846,UK,USD,1,Weekday,MasterCard,Credit,1,1,70,12,1
3968,Other,USD,15,Weekend,Amex,Debit,1,0,40,10,0
4896,AU,AUD,9,Weekend,Amex,Credit,0,0,43,10,0
7541,Other,AUD,0,Weekday,Visa,Credit,0,1,42,11,1
4256,US,CAD,10,Weekend,Amex,Debit,1,0,52,7,0
7627,US,USD,1,Weekend,MasterCard,Credit,1,1,57,9,1
6330,Other,USD,1,Weekday,MasterCard,Debit,1,1,35,10,1
5498,CA,GBP,23,Weekend,Amex,Debit,1,1,20,6,1
8613,Other,GBP,0,Weekend,MasterCard,Credit,1,1,54,6,1
5790,Other,CAD,1,Weekend,MasterCard,Debit,1,1,24,0,1
4687,CA,USD,9,Weekend,Amex,Credit,1,0,34,8,0
2410,UK,GBP,18,Weekend,MasterCard,Debit,0,0,36,8,0
2832,Other,USD,10,Weekend,Visa,Debit,1,0,22,4,0
883,UK,AUD,14,Weekend,Amex,Debit,0,0,21,0,0
4133,UK,CAD,12,Weekend,MasterCard,Debit,0,0,27,3,0
4364,UK,USD,10,Weekday,MasterCard,Credit,0,0,49,1,0
1227,CA,GBP,13,Weekday,Discover,Credit,0,0,39,0,0
4181,US,USD,18,Weekday,Discover,Debit,1,0,35,8,0
5108,UK,USD,23,Weekend,MasterCard,Debit,1,1,54,5,1
9651,Other,USD,23,Weekday,Amex,Credit,1,1,52,6,1
634,Other,AUD,17,Weekday,Amex,Debit,0,0,48,1,0
7197,Other,USD,0,Weekend,Discover,Credit,1,1,51,7,1
2543,Other,CAD,17,Weekend,Visa,Debit,0,0,34,12,0
5069,Other,GBP,0,Weekday,Discover,Credit,1,1,70,4,1
433,Other,AUD,12,Weekend,Visa,Debit,0,0,31,11,0
5140,Other,AUD,1,Weekday,Visa,Credit,1,1,63,6,1
3944,Other,GBP,10,Weekend,MasterCard,Debit,1,0,57,0,0
2869,UK,AUD,17,Weekday,MasterCard,Debit,1,0,32,10,0
686,UK,USD,18,Weekend,MasterCard,Debit,1,0,54,10,0
8030,US,AUD,0,Weekend,Discover,Credit,1,1,60,6,1
1765,CA,GBP,17,Weekday,Amex,Debit,1,0,54,6,0
7960,Other,GBP,0,Weekend,Discover,Debit,1,1,63,2,1
6681,US,AUD,1,Weekday,Amex,Debit,1,1,20,2,1
9628,UK,AUD,23,Weekend,Visa,Credit,1,1,38,0,1
9913,US,GBP,23,Weekend,Discover,Credit,1,1,29,10,1
1290,US,AUD,12,Weekday,Discover,Credit,1,0,32,3,0
1589,UK,USD,12,Weekday,Discover,Credit,0,0,62,0,0
1631,AU,CAD,10,Weekday,Discover,Credit,1,0,41,0,0
793,Other,USD,14,Weekend,Visa,Debit,0,0,47,3,0
9910,US,USD,23,Weekend,Amex,Credit,1,1,59,11,1
4456,AU,GBP,17,Weekday,Visa,Credit,0,0,69,9,0
1633,US,CAD,8,Weekend,Visa,Credit,1,0,65,0,0
1488,Other,USD,9,Weekday,Amex,Credit,1,0,32,9,0
9032,Other,GBP,1,Weekend,Amex,Credit,1,1,68,11,1
9837,Other,GBP,1,Weekend,MasterCard,Credit,1,1,43,8,1
9100,Other,CAD,0,Weekend,Amex,Credit,0,1,36,5,1
5065,Other,CAD,23,Weekend,Amex,Credit,0,1,43,0,1
3037,UK,CAD,13,Weekend,Discover,Debit,0,0,46,11,0
7115,AU,CAD,23,Weekday,Discover,Credit,1,1,43,11,1
8813,Other,GBP,1,Weekend,MasterCard,Credit,1,1,43,8,1
7926,Other,CAD,0,Weekend,Amex,Debit,1,1,41,10,1
3217,US,USD,11,Weekday,MasterCard,Debit,1,0,68,3,0
948,UK,CAD,13,Weekday,Discover,Credit,0,0,29,9,0
5556,Other,USD,1,Weekend,Discover,Credit,1,1,51,7,1
7778,Other,CAD,23,Weekday,Visa,Debit,1,1,56,2,1
744,AU,AUD,11,Weekend,Discover,Debit,1,0,58,0,0
7125,CA,USD,23,Weekday,Visa,Credit,1,1,41,10,1
9586,US,CAD,0,Weekend,Discover,Credit,1,1,22,0,1
1038,UK,GBP,11,Weekend,Visa,Debit,1,0,24,7,0
475,UK,CAD,8,Weekday,MasterCard,Credit,1,0,23,8,0
8153,Other,CAD,0,Weekday,Discover,Credit,1,1,24,11,1
3213,AU,GBP,8,Weekend,Visa,Debit,1,0,22,1,0
8494,Other,GBP,0,Weekend,Visa,Debit,1,1,57,10,1
333,AU,CAD,19,Weekday,MasterCard,Credit,0,0,55,7,0
1455,AU,AUD,10,Weekday,MasterCard,Credit,1,0,34,9,0
3556,AU,AUD,11,Weekday,Discover,Debit,0,0,46,12,0
4676,CA,CAD,8,Weekday,MasterCard,Credit,0,0,28,2,0
1423,UK,GBP,17,Weekday,MasterCard,Debit,0,0,57,12,0
5687,Other,USD,0,Weekday,Discover,Credit,1,1,69,4,1
1232,US,AUD,14,Weekday,MasterCard,Credit,1,0,39,11,0
2297,US,AUD,8,Weekday,Visa,Debit,0,0,18,1,0
5234,CA,GBP,1,Weekday,Amex,Credit,1,1,24,4,1
1608,Other,GBP,15,Weekday,MasterCard,Debit,0,0,29,7,0
9673,Other,CAD,1,Weekday,Visa,Debit,0,1,67,11,1
8201,Other,GBP,1,Weekday,Visa,Debit,1,1,70,6,1
474,AU,AUD,8,Weekday,Discover,Credit,1,0,21,1,0
8817,US,USD,1,Weekend,Visa,Credit,1,1,60,1,1
4515,UK,CAD,11,Weekday,Visa,Debit,1,0,23,10,0
8521,CA,USD,1,Weekday,Discover,Credit,1,1,19,6,1
5130,CA,AUD,23,Weekday,Discover,Credit,1,1,70,2,1
2008,US,GBP,8,Weekday,Visa,Debit,0,0,32,10,0
1421,Other,GBP,13,Weekend,MasterCard,Credit,0,0,40,8,0
4983,US,AUD,12,Weekend,Amex,Credit,0,0,41,6,0
746,AU,USD,15,Weekend,Discover,Debit,1,0,70,6,0
561,US,USD,12,Weekday,MasterCard,Credit,1,0,53,1,0
1763,AU,AUD,8,Weekday,Discover,Debit,0,0,68,10,0
4874,AU,CAD,8,Weekday,MasterCard,Credit,1,0,56,5,0
6324,UK,GBP,23,Weekday,MasterCard,Debit,1,1,49,5,1
5115,AU,USD,0,Weekend,Amex,Credit,1,1,52,12,1
2210,UK,AUD,14,Weekday,MasterCard,Debit,1,0,56,10,0
5779,AU,CAD,0,Weekday,Amex,Credit,1,1,22,0,1
387,Other,CAD,14,Weekend,Visa,Credit,0,0,49,10,0
8000,Other,USD,23,Weekday,Amex,Debit,1,1,61,5,1
632,CA,AUD,19,Weekday,Amex,Debit,0,0,28,6,0
2451,UK,CAD,10,Weekday,Discover,Debit,0,0,33,6,0
1132,AU,AUD,9,Weekday,Visa,Debit,1,0,58,1,0
4072,Other,AUD,12,Weekday,MasterCard,Credit,0,0,47,12,0
2943,Other,AUD,17,Weekend,Discover,Credit,1,0,19,0,0
3909,Other,USD,17,Weekend,Discover,Credit,0,0,67,5,0
9926,Other,CAD,1,Weekday,Amex,Credit,0,1,42,6,1
9547,Other,CAD,1,Weekday,Amex,Debit,1,1,69,10,1
3092,AU,AUD,19,Weekday,Discover,Credit,1,0,53,8,0
1995,US,USD,15,Weekend,Visa,Credit,1,0,44,3,0
2890,UK,AUD,13,Weekday,Discover,Credit,0,0,50,0,0
7681,AU,CAD,1,Weekday,MasterCard,Debit,1,1,27,11,1
2210,US,USD,9,Weekday,MasterCard,Debit,0,0,20,8,0
6674,UK,GBP,23,Weekday,Discover,Credit,1,1,37,5,1
6753,CA,GBP,23,Weekend,Discover,Credit,1,1,59,6,1
2548,UK,AUD,11,Weekend,MasterCard,Credit,0,0,31,4,0
2953,AU,AUD,14,Weekend,Amex,Credit,0,0,32,6,0
7388,Other,GBP,0,Weekend,Discover,Credit,1,1,56,6,1
3978,UK,GBP,14,Weekday,MasterCard,Credit,1,0,46,0,0
6736,Other,USD,1,Weekend,Discover,Credit,0,1,30,3,1
7677,Other,AUD,23,Weekend,Amex,Credit,1,1,30,1,1
1375,US,CAD,15,Weekend,Visa,Credit,0,0,45,8,0
1318,CA,GBP,11,Weekend,Visa,Debit,0,0,51,8,0
100,AU,USD,15,Weekend,Amex,Debit,0,0,52,1,0
1787,AU,USD,14,Weekday,Discover,Debit,1,0,24,12,0
8506,US,AUD,0,Weekend,Visa,Debit,1,1,52,12,1
7519,CA,GBP,23,Weekday,MasterCard,Credit,1,1,28,0,1
1178,Other,AUD,13,Weekday,Visa,Credit,0,0,21,10,0
851,US,GBP,18,Weekend,Visa,Credit,1,0,28,11,0
372,UK,CAD,18,Weekday,Amex,Debit,0,0,51,6,0
7517,UK,CAD,0,Weekend,Visa,Credit,1,1,42,0,1
2681,AU,USD,12,Weekend,MasterCard,Credit,1,0,63,11,0
395,CA,GBP,14,Weekday,Discover,Debit,1,0,51,2,0
6346,Other,GBP,0,Weekday,Discover,Credit,0,1,26,12,1
9712,Other,USD,1,Weekday,Discover,Debit,1,1,21,9,1
7845,US,AUD,0,Weekend,Amex,Credit,1,1,54,1,1
1828,UK,CAD,11,Weekend,MasterCard,Debit,1,0,31,11,0
4094,UK,CAD,19,Weekend,Visa,Debit,0,0,49,5,0
5643,Other,CAD,1,Weekday,MasterCard,Credit,1,1,42,10,1
8255,CA,GBP,1,Weekend,Amex,Credit,0,1,46,5,1
9957,US,USD,0,Weekend,MasterCard,Debit,1,1,69,9,1
5593,UK,GBP,0,Weekday,MasterCard,Debit,1,1,49,5,1
7498,UK,USD,0,Weekend,Amex,Debit,1,1,18,4,1
3728,AU,AUD,18,Weekday,MasterCard,Credit,1,0,33,10,0
4224,AU,USD,10,Weekend,Amex,Credit,1,0,23,7,0
7235,Other,GBP,1,Weekend,Visa,Credit,1,1,46,8,1
3019,UK,AUD,11,Weekday,MasterCard,Debit,1,0,39,2,0
2852,CA,AUD,8,Weekday,Discover,Debit,1,0,29,7,0
5097,UK,AUD,1,Weekend,Discover,Debit,1,1,67,11,1
2284,CA,AUD,13,Weekday,MasterCard,Credit,1,0,30,6,0
6328,AU,CAD,23,Weekend,MasterCard,Credit,1,1,68,3,1
3033,CA,CAD,17,Weekday,Visa,Credit,1,0,42,9,0
1634,US,AUD,13,Weekend,MasterCard,Debit,1,0,60,2,0
7445,Other,AUD,1,Weekend,Discover,Debit,1,1,54,6,1
9070,Other,CAD,23,Weekend,MasterCard,Debit,1,1,50,4,1
5706,UK,USD,1,Weekend,MasterCard,Credit,1,1,63,9,1
5000,Other,CAD,23,Weekday,Amex,Debit,0,1,50,4,1
1969,Other,CAD,10,Weekend,Discover,Debit,1,0,18,3,0
6032,Other,CAD,0,Weekday,MasterCard,Credit,1,1,37,10,1
308,AU,CAD,12,Weekend,MasterCard,Credit,0,0,33,12,0
8661,US,AUD,23,Weekend,MasterCard,Credit,1,1,47,5,1
6160,CA,AUD,0,Weekend,Amex,Credit,1,1,18,4,1
3988,CA,GBP,19,Weekday,Visa,Debit,1,0,54,9,0
9366,AU,GBP,0,Weekend,Amex,Debit,0,1,32,8,1
4900,AU,CAD,10,Weekend,MasterCard,Debit,1,0,67,4,0
3616,US,AUD,11,Weekday,MasterCard,Debit,1,0,18,12,0
9360,CA,GBP,0,Weekend,MasterCard,Debit,1,1,54,0,1
2326,CA,GBP,10,Weekend,Discover,Debit,1,0,23,8,0
8060,US,CAD,23,Weekend,MasterCard,Debit,1,1,70,1,1
497,UK,AUD,8,Weekday,MasterCard,Debit,1,0,43,3,0
3766,Other,CAD,12,Weekend,Amex,Credit,0,0,55,1,0
1806,CA,GBP,18,Weekday,Amex,Credit,1,0,27,3,0
2095,Other,CAD,15,Weekend,MasterCard,Credit,0,0,26,11,0
1364,CA,GBP,15,Weekend,Discover,Debit,0,0,55,1,0
8357,Other,CAD,23,Weekend,Visa,Credit,0,1,53,8,1
932,UK,GBP,10,Weekday,Visa,Debit,0,0,30,3,0
2803,Other,AUD,14,Weekday,Visa,Debit,0,0,19,5,0
3747,US,AUD,13,Weekday,Visa,Debit,0,0,56,0,0
3044,UK,GBP,9,Weekday,MasterCard,Debit,0,0,61,12,0
2976,UK,AUD,11,Weekday,MasterCard,Credit,1,0,41,12,0
8995,UK,GBP,1,Weekday,Amex,Debit,1,1,70,8,1
3858,AU,USD,15,Weekend,Amex,Debit,0,0,68,3,0
7668,Other,CAD,1,Weekday,MasterCard,Credit,0,1,56,12,1
8771,AU,CAD,23,Weekend,MasterCard,Debit,1,1,35,12,1
6703,Other,USD,1,Weekday,Discover,Credit,1,1,70,8,1
7183,Other,CAD,23,Weekday,Discover,Debit,1,1,48,3,1
1627,UK,GBP,13,Weekend,Visa,Credit,1,0,48,8,0
9745,Other,GBP,0,Weekend,MasterCard,Credit,1,1,18,2,1
9727,UK,AUD,0,Weekend,Visa,Debit,1,1,64,2,1
4555,Other,AUD,9,Weekend,Discover,Debit,1,0,61,12,0
6353,UK,GBP,1,Weekend,Discover,Credit,1,1,52,11,1
4499,UK,AUD,8,Weekend,Visa,Credit,1,0,57,7,0
7577,CA,CAD,1,Weekday,Amex,Credit,1,1,18,9,1
8811,Other,CAD,23,Weekend,Amex,Credit,1,1,46,3,1
6401,Other,AUD,1,Weekend,Discover,Credit,1,1,62,0,1
5606,US,GBP,0,Weekend,Amex,Credit,1,1,35,8,1
7872,US,GBP,1,Weekend,Amex,Credit,1,1,19,6,1
6384,US,USD,0,Weekday,Amex,Credit,1,1,68,8,1
449,Other,GBP,12,Weekday,Discover,Debit,1,0,65,2,0
142,US,GBP,14,Weekend,MasterCard,Credit,1,0,60,2,0
839,UK,CAD,14,Weekend,Visa,Debit,1,0,19,10,0
894,CA,GBP,12,Weekday,Visa,Debit,0,0,66,3,0
2191,UK,USD,16,Weekday,Amex,Debit,1,0,46,0,0
2038,US,GBP,8,Weekend,Discover,Debit,1,0,47,1,0
4275,US,CAD,18,Weekday,Amex,Debit,1,0,25,1,0
3677,US,CAD,9,Weekday,Discover,Credit,1,0,63,5,0
4225,UK,GBP,12,Weekend,MasterCard,Debit,0,0,22,11,0
2912,Other,USD,19,Weekday,Amex,Credit,1,0,20,2,0
5792,CA,GBP,1,Weekday,Amex,Credit,1,1,22,12,1
3672,AU,CAD,9,Weekday,Visa,Credit,1,0,66,9,0
8075,UK,CAD,23,Weekday,Amex,Credit,1,1,68,1,1
3126,UK,GBP,19,Weekday,MasterCard,Credit,1,0,26,6,0
2005,Other,USD,12,Weekend,Visa,Debit,1,0,47,4,0
7632,Other,CAD,23,Weekend,Discover,Credit,1,1,43,7,1
1246,AU,CAD,17,Weekday,MasterCard,Debit,1,0,26,2,0
8205,Other,USD,23,Weekday,Visa,Credit,1,1,63,6,1
9246,UK,CAD,1,Weekend,Amex,Credit,1,1,55,2,1
3548,US,CAD,12,Weekend,Discover,Credit,1,0,69,10,0
2604,US,USD,13,Weekend,Amex,Credit,0,0,63,9,0
1971,AU,CAD,8,Weekend,Amex,Credit,0,0,40,10,0
6195,Other,GBP,0,Weekend,Amex,Debit,1,1,41,12,1
6515,UK,AUD,23,Weekend,Amex,Credit,1,1,68,12,1
637,Other,AUD,19,Weekday,Discover,Debit,0,0,54,2,0
8215,Other,USD,23,Weekend,MasterCard,Credit,0,1,24,1,1
2103,UK,USD,13,Weekend,Discover,Credit,0,0,31,1,0
3596,UK,CAD,13,Weekday,Discover,Debit,1,0,18,1,0
477,US,CAD,19,Weekend,Visa,Debit,1,0,30,1,0
7471,Other,AUD,0,Weekend,Visa,Debit,0,1,56,12,1
4149,UK,USD,9,Weekday,Discover,Credit,1,0,57,0,0
2645,US,USD,8,Weekday,MasterCard,Credit,0,0,54,6,0
2357,CA,AUD,16,Weekday,Visa,Credit,0,0,63,3,0
6718,Other,USD,23,Weekday,Discover,Credit,1,1,60,7,1
8086,Other,CAD,1,Weekend,Visa,Credit,0,1,30,12,1
1555,UK,CAD,17,Weekday,Amex,Credit,1,0,44,3,0
3875,Other,AUD,11,Weekend,MasterCard,Debit,0,0,66,11,0
3514,CA,CAD,16,Weekday,MasterCard,Debit,0,0,49,2,0
209,Other,CAD,10,Weekend,MasterCard,Credit,1,0,66,4,0
941,AU,AUD,11,Weekend,Visa,Debit,0,0,40,0,0
2792,CA,USD,18,Weekday,Amex,Debit,0,0,59,11,0
3075,Other,CAD,10,Weekday,Visa,Debit,1,0,31,12,0
6961,AU,AUD,0,Weekday,Discover,Debit,1,1,62,12,1
3115,CA,AUD,11,Weekday,MasterCard,Credit,1,0,34,10,0
148,US,USD,10,Weekend,Amex,Credit,1,0,47,3,0
2795,Other,AUD,19,Weekday,Discover,Debit,0,0,70,0,0
3665,CA,USD,11,Weekday,Amex,Credit,1,0,56,7,0
3421,UK,GBP,8,Weekday,MasterCard,Debit,0,0,37,12,0
3975,CA,GBP,12,Weekday,MasterCard,Credit,1,0,32,8,0
3193,CA,CAD,14,Weekend,Discover,Credit,1,0,63,5,0
1863,UK,CAD,17,Weekday,Visa,Debit,0,0,29,0,0
2297,Other,GBP,15,Weekend,Visa,Debit,1,0,21,4,0
3108,UK,USD,14,Weekend,Visa,Credit,1,0,19,12,0
6869,Other,GBP,23,Weekday,Visa,Credit,0,1,20,5,1
8149,UK,GBP,23,Weekday,Amex,Debit,1,1,36,4,1
4998,CA,USD,9,Weekday,Visa,Credit,0,0,37,2,0
644,US,GBP,8,Weekday,MasterCard,Credit,0,0,29,5,0
861,CA,CAD,14,Weekend,Discover,Debit,0,0,29,11,0
9012,UK,USD,0,Weekend,MasterCard,Debit,1,1,54,5,1
5727,Other,CAD,0,Weekend,Visa,Debit,0,1,64,10,1
8308,AU,CAD,1,Weekend,Discover,Credit,1,1,49,1,1
8108,Other,AUD,23,Weekend,MasterCard,Credit,1,1,33,8,1
1277,UK,CAD,18,Weekend,Discover,Debit,1,0,67,12,0
6531,UK,GBP,0,Weekday,Amex,Credit,1,1,59,4,1
6219,Other,AUD,1,Weekday,Visa,Credit,1,1,35,4,1
5315,Other,GBP,1,Weekend,Amex,Debit,1,1,50,2,1
9438,UK,GBP,0,Weekend,Amex,Debit,1,1,64,7,1
2483,US,CAD,13,Weekend,Amex,Credit,1,0,44,3,0
4980,AU,USD,19,Weekday,Visa,Debit,0,0,45,4,0
663,CA,USD,18,Weekend,Visa,Credit,0,0,33,4,0
8287,CA,AUD,23,Weekday,Amex,Debit,1,1,67,6,1
3243,AU,GBP,15,Weekday,Amex,Credit,1,0,51,11,0
171,US,GBP,13,Weekend,MasterCard,Credit,0,0,56,8,0
6192,AU,USD,23,Weekend,Discover,Credit,1,1,35,5,1
4939,AU,GBP,10,Weekday,Amex,Credit,1,0,48,11,0
2923,US,USD,13,Weekend,MasterCard,Credit,1,0,31,10,0
5550,AU,USD,0,Weekend,Visa,Credit,1,1,22,5,1
8362,Other,CAD,23,Weekend,Amex,Debit,1,1,22,10,1
9170,AU,CAD,23,Weekday,Visa,Debit,1,1,59,10,1
9665,UK,CAD,23,Weekend,Visa,Credit,1,1,26,12,1
1002,UK,USD,13,Weekday,Discover,Debit,1,0,67,5,0
3180,CA,USD,14,Weekend,MasterCard,Credit,1,0,61,9,0
6718,US,CAD,23,Weekend,Amex,Credit,1,1,45,7,1
4884,US,CAD,13,Weekday,Amex,Debit,0,0,30,6,0
7335,Other,CAD,0,Weekend,MasterCard,Debit,1,1,50,4,1
3246,AU,GBP,8,Weekday,Discover,Credit,1,0,21,12,0
9047,Other,CAD,0,Weekend,Visa,Debit,1,1,66,2,1
3011,AU,GBP,13,Weekday,Discover,Debit,1,0,67,5,0
9138,UK,AUD,1,Weekend,Discover,Debit,1,1,60,12,1
3506,US,CAD,17,Weekend,Discover,Credit,0,0,22,1,0
1086,AU,CAD,15,Weekday,MasterCard,Debit,1,0,45,5,0
4194,AU,AUD,15,Weekend,Discover,Credit,0,0,58,11,0
378,US,GBP,12,Weekend,MasterCard,Credit,1,0,60,11,0
5830,CA,GBP,1,Weekday,MasterCard,Credit,1,1,28,0,1
7705,Other,AUD,1,Weekend,Visa,Debit,0,1,43,6,1
7070,Other,USD,1,Weekday,Discover,Credit,1,1,38,7,1
2978,UK,GBP,9,Weekend,Amex,Credit,0,0,49,12,0
2079,AU,CAD,14,Weekday,Visa,Debit,0,0,29,6,0
1040,CA,AUD,9,Weekend,Visa,Debit,1,0,39,11,0
9109,Other,AUD,0,Weekday,Amex,Debit,0,1,44,12,1
269,Other,USD,8,Weekday,Discover,Credit,0,0,25,8,0
5581,UK,USD,0,Weekend,Amex,Debit,1,1,58,4,1
7005,CA,USD,23,Weekday,Amex,Debit,1,1,19,5,1
9018,Other,USD,0,Weekend,Amex,Credit,1,1,65,5,1
5189,CA,GBP,23,Weekend,Amex,Credit,1,1,47,11,1
1277,Other,CAD,19,Weekend,Visa,Debit,1,0,54,10,0
7890,Other,CAD,23,Weekday,Amex,Credit,0,1,57,8,1
8732,Other,CAD,23,Weekday,MasterCard,Credit,1,1,42,10,1
6316,Other,CAD,23,Weekend,Visa,Debit,1,1,66,2,1
1943,AU,GBP,18,Weekend,Visa,Credit,0,0,46,4,0
8184,Other,GBP,0,Weekday,MasterCard,Credit,1,1,48,2,1
5121,Other,AUD,1,Weekend,Visa,Debit,0,1,56,12,1
8216,Other,AUD,23,Weekday,Amex,Credit,1,1,36,11,1
740,US,AUD,14,Weekend,MasterCard,Debit,0,0,53,2,0
2062,AU,USD,18,Weekend,Amex,Credit,0,0,41,9,0
7103,US,GBP,1,Weekend,Amex,Credit,0,1,60,9,1
2382,AU,GBP,16,Weekend,Visa,Debit,0,0,30,8,0
7838,CA,USD,0,Weekend,Visa,Credit,1,1,70,4,1
6666,Other,AUD,1,Weekend,Amex,Credit,1,1,45,1,1
1035,Other,GBP,18,Weekend,Discover,Credit,0,0,59,10,0
4961,UK,AUD,16,Weekday,Amex,Debit,1,0,51,5,0
6610,US,CAD,1,Weekend,MasterCard,Credit,1,1,27,1,1
1517,Other,CAD,11,Weekend,MasterCard,Credit,0,0,57,5,0
1828,US,CAD,17,Weekend,Visa,Debit,1,0,47,9,0
126,CA,AUD,11,Weekday,MasterCard,Credit,1,0,65,0,0
2595,US,CAD,17,Weekday,Discover,Credit,0,0,56,7,0
9361,Other,GBP,23,Weekend,Amex,Debit,1,1,54,10,1
2986,US,GBP,17,Weekday,Visa,Debit,1,0,61,10,0
289,CA,GBP,16,Weekend,MasterCard,Debit,0,0,21,10,0
5871,Other,AUD,23,Weekday,Visa,Debit,1,1,56,8,1
1729,Other,GBP,12,Weekend,Amex,Debit,1,0,69,6,0
5886,Other,GBP,0,Weekend,Amex,Debit,0,1,43,5,1
2140,US,USD,10,Weekend,Amex,Credit,0,0,34,2,0
1544,AU,USD,15,Weekday,Discover,Debit,0,0,38,11,0
5075,Other,GBP,0,Weekend,Amex,Credit,1,1,36,4,1
796,CA,USD,9,Weekday,Amex,Credit,1,0,42,5,0
1330,AU,AUD,17,Weekend,Visa,Credit,0,0,27,12,0
4284,AU,GBP,14,Weekend,Visa,Credit,1,0,29,7,0
1807,CA,AUD,14,Weekday,MasterCard,Debit,1,0,63,3,0
2383,UK,USD,19,Weekend,MasterCard,Debit,1,0,40,6,0
8188,Other,GBP,1,Weekday,Visa,Credit,0,1,20,5,1
8201,Other,AUD,0,Weekend,Visa,Debit,1,1,19,7,1
6985,US,AUD,1,Weekend,MasterCard,Credit,1,1,47,5,1
9932,CA,GBP,1,Weekend,MasterCard,Debit,1,1,22,2,1
2195,US,GBP,19,Weekday,Discover,Debit,0,0,46,1,0
7726,CA,USD,23,Weekday,Visa,Credit,1,1,42,5,1
5151,Other,CAD,23,Weekday,Discover,Credit,0,1,42,11,1
2577,UK,CAD,9,Weekend,Visa,Debit,1,0,49,8,0
319,US,AUD,12,Weekend,Discover,Debit,0,0,69,10,0
1514,AU,CAD,17,Weekday,Visa,Credit,1,0,42,6,0
5246,Other,USD,23,Weekend,MasterCard,Credit,1,1,18,7,1
5253,Other,CAD,0,Weekend,MasterCard,Credit,1,1,41,8,1
9859,AU,USD,1,Weekend,MasterCard,Debit,1,1,25,4,1
3403,AU,AUD,13,Weekday,Discover,Credit,0,0,64,5,0
908,Other,CAD,17,Weekend,MasterCard,Debit,1,0,50,6,0
3544,CA,AUD,16,Weekday,MasterCard,Debit,1,0,64,8,0
2850,Other,CAD,15,Weekend,Discover,Credit,1,0,55,1,0
1632,US,USD,15,Weekend,MasterCard,Credit,0,0,58,1,0
6360,CA,AUD,23,Weekend,Amex,Debit,1,1,45,5,1
2235,Other,USD,11,Weekday,Discover,Credit,0,0,34,6,0
6390,Other,CAD,1,Weekday,Amex,Credit,1,1,68,0,1
1312,CA,USD,19,Weekend,MasterCard,Credit,1,0,35,12,0
9569,Other,USD,1,Weekend,MasterCard,Debit,1,1,66,11,1
4835,Other,AUD,17,Weekday,MasterCard,Credit,0,0,21,4,0
7874,Other,GBP,1,Weekend,Amex,Credit,1,1,36,0,1
497,UK,AUD,8,Weekday,MasterCard,Debit,0,0,36,5,0
6243,Other,USD,1,Weekday,Amex,Credit,0,1,59,6,1
6508,UK,USD,0,Weekend,Visa,Credit,1,1,66,9,1
2630,CA,CAD,19,Weekday,MasterCard,Credit,1,0,44,4,0
1487,US,AUD,18,Weekend,Visa,Debit,0,0,60,7,0
1046,CA,AUD,12,Weekday,Visa,Debit,1,0,31,2,0
5563,UK,USD,1,Weekday,Amex,Credit,1,1,34,10,1
1341,US,GBP,8,Weekend,Visa,Debit,0,0,41,1,0
129,Other,CAD,14,Weekend,Amex,Debit,1,0,39,1,0
2208,Other,AUD,12,Weekend,Amex,Debit,1,0,18,7,0
6564,Other,CAD,1,Weekend,MasterCard,Credit,1,1,57,1,1
7730,US,AUD,1,Weekend,Discover,Credit,1,1,60,6,1
2276,CA,CAD,16,Weekday,MasterCard,Debit,1,0,49,3,0
7052,Other,CAD,23,Weekday,Amex,Debit,1,1,34,0,1
1357,Other,GBP,14,Weekend,Visa,Credit,1,0,30,4,0
3871,Other,USD,15,Weekday,Discover,Debit,1,0,68,6,0
7899,CA,AUD,23,Weekend,MasterCard,Credit,1,1,23,6,1
5087,US,USD,0,Weekend,Visa,Credit,1,1,65,5,1
1737,CA,USD,9,Weekend,Discover,Debit,1,0,48,4,0
1475,US,GBP,18,Weekend,Amex,Credit,1,0,44,11,0
4644,UK,AUD,15,Weekday,Visa,Credit,0,0,66,0,0
4998,AU,GBP,8,Weekend,Discover,Debit,1,0,67,1,0
6636,Other,GBP,0,Weekend,Amex,Credit,1,1,34,4,1
3753,CA,CAD,10,Weekend,MasterCard,Debit,1,0,25,10,0
536,AU,USD,13,Weekday,MasterCard,Debit,0,0,65,7,0
5557,AU,CAD,0,Weekend,Amex,Credit,1,1,35,9,1
5955,Other,AUD,23,Weekend,MasterCard,Credit,0,1,24,0,1
7171,Other,CAD,23,Weekend,Amex,Credit,0,1,43,0,1
9003,Other,CAD,1,Weekend,Amex,Credit,1,1,51,3,1
5079,AU,CAD,1,Weekend,Visa,Debit,1,1,24,3,1
7455,AU,CAD,0,Weekday,Visa,Debit,1,1,59,10,1
9205,AU,AUD,23,Weekday,Discover,Debit,1,1,62,12,1
2340,US,CAD,13,Weekend,Discover,Debit,0,0,27,9,0
3161,US,AUD,9,Weekday,MasterCard,Debit,1,0,21,4,0
2039,US,GBP,12,Weekday,Visa,Debit,1,0,44,9,0
9587,UK,CAD,0,Weekend,MasterCard,Debit,1,1,65,5,1
3478,AU,CAD,14,Weekend,Amex,Credit,0,0,34,12,0
8714,US,USD,23,Weekend,Discover,Debit,1,1,40,6,1
2311,UK,GBP,16,Weekend,MasterCard,Credit,0,0,26,7,0
945,Other,AUD,17,Weekday,Discover,Debit,0,0,41,0,0
2124,US,GBP,19,Weekend,Amex,Debit,1,0,36,10,0
7402,Other,GBP,0,Weekend,MasterCard,Debit,1,1,49,4,1
6751,Other,USD,1,Weekday,Amex,Credit,0,1,63,0,1
6160,Other,AUD,1,Weekend,Amex,Debit,1,1,24,9,1
9693,CA,AUD,1,Weekday,Amex,Credit,1,1,22,6,1
1618,CA,USD,12,Weekend,Discover,Debit,1,0,45,8,0
1190,CA,USD,19,Weekend,Visa,Debit,0,0,36,7,0
3772,US,USD,16,Weekday,Visa,Debit,1,0,60,10,0
6996,CA,GBP,1,Weekend,Amex,Credit,1,1,33,3,1
7919,UK,USD,1,Weekend,Discover,Credit,1,1,52,12,1
831,UK,USD,9,Weekday,Amex,Debit,1,0,40,1,0
6580,US,CAD,0,Weekend,Discover,Credit,1,1,49,9,1
3590,AU,AUD,15,Weekday,MasterCard,Credit,1,0,49,7,0
1988,Other,USD,16,Weekday,Amex,Debit,1,0,53,3,0
3520,US,GBP,13,Weekend,Amex,Debit,0,0,51,5,0
2024,AU,GBP,19,Weekday,Discover,Credit,1,0,40,1,0
5033,Other,CAD,23,Weekday,Amex,Credit,1,1,33,0,1
1420,UK,AUD,10,Weekday,Visa,Credit,0,0,38,9,0
592,Other,USD,17,Weekend,Discover,Debit,1,0,60,7,0
1961,AU,USD,13,Weekday,MasterCard,Debit,1,0,24,0,0
961,Other,AUD,18,Weekday,MasterCard,Debit,1,0,63,4,0
1709,CA,AUD,16,Weekday,Amex,Credit,0,0,40,10,0
6163,UK,GBP,0,Weekend,Amex,Debit,1,1,50,9,1
1067,US,USD,13,Weekday,Discover,Credit,0,0,34,6,0
5288,Other,USD,0,Weekday,MasterCard,Credit,1,1,63,12,1
2363,UK,CAD,18,Weekday,Visa,Credit,1,0,53,4,0
7303,Other,USD,23,Weekend,Amex,Debit,1,1,20,5,1
703,CA,GBP,12,Weekday,Amex,Debit,0,0,67,10,0
9331,Other,CAD,0,Weekday,MasterCard,Credit,1,1,33,9,1
8413,Other,CAD,0,Weekday,Visa,Credit,1,1,61,2,1
3575,US,CAD,15,Weekday,MasterCard,Credit,0,0,19,9,0
1649,UK,AUD,10,Weekend,Amex,Debit,0,0,32,0,0
2692,AU,AUD,19,Weekend,Visa,Debit,1,0,51,7,0
2254,CA,GBP,14,Weekend,Amex,Debit,1,0,70,6,0
3860,CA,CAD,17,Weekend,Amex,Credit,1,0,60,6,0
2723,UK,USD,15,Weekend,Amex,Credit,1,0,48,2,0
3934,AU,GBP,17,Weekend,Amex,Credit,1,0,54,3,0
6281,Other,CAD,23,Weekday,MasterCard,Credit,0,1,64,12,1
4069,Other,GBP,16,Weekend,Visa,Credit,0,0,53,8,0
7669,Other,CAD,0,Weekend,Amex,Credit,1,1,27,5,1
5446,Other,CAD,0,Weekday,Amex,Credit,1,1,33,0,1
2760,UK,CAD,12,Weekday,MasterCard,Debit,0,0,55,8,0
3557,CA,GBP,15,Weekday,Discover,Debit,1,0,68,6,0
4092,UK,CAD,11,Weekday,Amex,Debit,0,0,68,11,0
1078,UK,GBP,11,Weekend,Discover,Debit,1,0,33,1,0
7581,UK,CAD,23,Weekday,Amex,Debit,1,1,19,6,1
6733,US,AUD,1,Weekend,MasterCard,Credit,1,1,30,0,1
802,US,AUD,12,Weekday,Visa,Credit,1,0,47,2,0
799,US,CAD,14,Weekend,MasterCard,Credit,0,0,20,10,0
2963,US,CAD,14,Weekday,Visa,Debit,0,0,59,8,0
2994,Other,GBP,9,Weekday,Visa,Credit,1,0,32,8,0
6941,AU,USD,23,Weekday,Discover,Debit,1,1,46,11,1
2415,Other,USD,10,Weekend,Discover,Credit,0,0,37,4,0
8101,AU,CAD,23,Weekday,Visa,Debit,1,1,48,6,1
5632,Other,CAD,1,Weekday,Visa,Debit,1,1,56,2,1
8130,UK,USD,23,Weekday,MasterCard,Credit,1,1,70,12,1
6425,US,AUD,0,Weekend,Discover,Credit,1,1,60,6,1
863,US,GBP,9,Weekday,Visa,Credit,0,0,48,11,0
752,UK,GBP,10,Weekday,Discover,Debit,0,0,44,5,0
9225,UK,GBP,1,Weekend,Amex,Credit,1,1,67,5,1
4253,Other,USD,11,Weekday,Visa,Debit,0,0,68,3,0
1199,CA,AUD,8,Weekday,MasterCard,Debit,1,0,46,10,0
1577,US,AUD,14,Weekday,MasterCard,Credit,0,0,70,7,0
9545,AU,CAD,23,Weekend,Visa,Credit,1,1,29,7,1
4206,UK,USD,15,Weekday,Discover,Debit,1,0,32,2,0
8713,UK,USD,23,Weekend,Amex,Debit,1,1,58,4,1
624,CA,CAD,12,Weekday,Discover,Debit,1,0,30,10,0
4336,Other,CAD,8,Weekend,Discover,Debit,0,0,49,1,0
4384,UK,GBP,12,Weekend,Visa,Credit,1,0,44,10,0
8658,AU,CAD,1,Weekend,MasterCard,Credit,1,1,49,3,1
5579,US,AUD,0,Weekend,MasterCard,Debit,1,1,63,11,1
7825,UK,USD,1,Weekday,MasterCard,Credit,1,1,22,11,1
1235,AU,CAD,17,Weekend,Amex,Credit,0,0,56,9,0
9508,AU,USD,23,Weekend,Visa,Credit,1,1,68,7,1
8444,Other,AUD,1,Weekend,Amex,Credit,1,1,38,0,1
1999,CA,USD,19,Weekday,Discover,Debit,1,0,29,12,0
9992,Other,AUD,23,Weekend,MasterCard,Credit,1,1,33,8,1
9349,UK,CAD,23,Weekday,Amex,Credit,1,1,43,4,1
1341,UK,USD,17,Weekend,Discover,Debit,0,0,59,1,0
7390,Other,GBP,23,Weekday,Visa,Debit,1,1,70,6,1
9910,UK,CAD,23,Weekday,Amex,Credit,1,1,43,4,1
8706,AU,GBP,23,Weekend,Discover,Credit,1,1,26,2,1
6617,CA,CAD,23,Weekday,Visa,Credit,1,1,28,4,1
4350,UK,GBP,12,Weekday,MasterCard,Credit,1,0,31,9,0
6548,AU,AUD,0,Weekday,MasterCard,Credit,1,1,49,8,1
7479,US,CAD,1,Weekend,Visa,Credit,1,1,67,7,1
5946,Other,CAD,1,Weekday,Discover,Credit,1,1,26,7,1
399,AU,CAD,19,Weekend,Visa,Credit,1,0,37,11,0
1160,CA,AUD,13,Weekday,Discover,Credit,1,0,46,0,0
4083,UK,CAD,14,Weekend,Amex,Credit,0,0,61,6,0
4843,US,GBP,15,Weekday,MasterCard,Debit,0,0,55,3,0
2264,US,AUD,17,Weekend,Amex,Credit,1,0,58,5,0
454,AU,USD,12,Weekend,Discover,Credit,0,0,36,2,0
7964,CA,GBP,23,Weekday,Amex,Credit,1,1,38,4,1
1578,UK,AUD,13,Weekend,Amex,Credit,1,0,40,12,0
4680,AU,AUD,8,Weekday,Discover,Debit,1,0,48,6,0
8265,US,CAD,1,Weekday,Discover,Credit,1,1,24,11,1
4711,AU,CAD,11,Weekend,MasterCard,Credit,0,0,62,5,0
611,CA,CAD,11,Weekend,MasterCard,Credit,0,0,55,11,0
4934,AU,AUD,14,Weekday,Visa,Debit,0,0,43,9,0
8640,US,USD,1,Weekend,Visa,Credit,1,1,53,7,1
6327,AU,USD,1,Weekend,Visa,Debit,1,1,69,5,1
9919,Other,GBP,23,Weekend,Amex,Debit,1,1,20,3,1
3524,Other,AUD,15,Weekend,Visa,Credit,1,0,23,8,0
3919,AU,USD,9,Weekday,Visa,Credit,1,0,44,12,0
1590,US,CAD,15,Weekend,Amex,Debit,0,0,62,9,0
2482,AU,AUD,14,Weekday,MasterCard,Debit,1,0,59,12,0
4966,AU,AUD,9,Weekend,Visa,Debit,1,0,27,5,0
4770,UK,CAD,13,Weekday,Amex,Debit,1,0,36,5,0
7478,US,USD,1,Weekend,MasterCard,Credit,1,1,32,7,1
535,UK,AUD,17,Weekday,Visa,Credit,0,0,29,10,0
1712,US,GBP,19,Weekend,Visa,Debit,1,0,57,6,0
1816,AU,USD,8,Weekday,Discover,Debit,0,0,23,12,0
1336,UK,CAD,10,Weekend,Visa,Debit,0,0,52,2,0
2894,UK,AUD,18,Weekday,Amex,Credit,1,0,28,12,0
9393,Other,CAD,23,Weekday,Visa,Debit,0,1,67,11,1
7767,Other,CAD,1,Weekday,Visa,Debit,1,1,56,2,1
9561,AU,AUD,0,Weekend,Visa,Debit,1,1,56,7,1
2058,Other,CAD,16,Weekday,Amex,Debit,1,0,70,11,0
4563,Other,AUD,14,Weekend,Discover,Debit,1,0,57,4,0
3045,UK,CAD,15,Weekday,Amex,Credit,0,0,43,3,0
4058,AU,CAD,8,Weekday,Visa,Debit,1,0,43,8,0
5241,Other,GBP,1,Weekend,Visa,Credit,1,1,18,0,1
670,Other,AUD,10,Weekend,Discover,Debit,0,0,57,4,0
4299,US,CAD,9,Weekday,Discover,Credit,1,0,51,11,0
2141,UK,USD,18,Weekend,Amex,Credit,1,0,19,9,0
2689,AU,GBP,15,Weekend,Visa,Debit,0,0,41,8,0
590,Other,AUD,9,Weekday,MasterCard,Debit,0,0,58,7,0
626,UK,AUD,18,Weekday,Visa,Debit,1,0,19,3,0
3971,UK,USD,11,Weekday,MasterCard,Credit,1,0,50,1,0
6415,Other,USD,1,Weekend,Visa,Credit,1,1,50,1,1
7334,AU,CAD,0,Weekday,Visa,Credit,1,1,60,6,1
9563,UK,AUD,1,Weekend,Amex,Debit,1,1,50,4,1
5242,Other,CAD,23,Weekend,MasterCard,Credit,1,1,57,1,1
9958,Other,AUD,0,Weekday,Discover,Credit,1,1,59,11,1
797,UK,AUD,15,Weekend,Discover,Credit,0,0,68,12,0
4994,UK,CAD,9,Weekend,MasterCard,Credit,0,0,25,3,0
5968,Other,CAD,0,Weekend,Amex,Credit,1,1,27,0,1
7730,Other,AUD,23,Weekend,Amex,Credit,1,1,67,2,1
171,CA,GBP,13,Weekend,MasterCard,Debit,0,0,39,4,0
5714,Other,GBP,23,Weekday,Amex,Debit,1,1,41,11,1
5597,Other,GBP,23,Weekend,Visa,Credit,1,1,18,0,1
9032,Other,CAD,1,Weekend,Amex,Credit,1,1,57,8,1
7336,CA,AUD,0,Weekday,Visa,Credit,1,1,23,11,1
3381,AU,AUD,9,Weekend,Visa,Credit,1,0,32,6,0
8049,Other,AUD,23,Weekend,Amex,Credit,1,1,20,0,1
8355,CA,GBP,1,Weekday,Visa,Credit,1,1,18,11,1
2705,CA,AUD,8,Weekend,Amex,Debit,0,0,38,6,0
5672,Other,CAD,23,Weekday,Amex,Debit,1,1,69,10,1
9060,Other,GBP,1,Weekend,Amex,Credit,1,1,45,4,1
9482,Other,USD,0,Weekday,Visa,Credit,1,1,57,0,1
7710,UK,CAD,23,Weekend,Amex,Credit,0,1,24,5,1
3976,UK,AUD,9,Weekday,Visa,Debit,1,0,33,11,0
312,UK,GBP,19,Weekend,Amex,Credit,1,0,47,8,0
3779,UK,AUD,11,Weekday,Amex,Debit,0,0,29,10,0
6305,Other,CAD,0,Weekend,Amex,Credit,0,1,23,1,1
8201,US,CAD,0,Weekend,Visa,Credit,1,1,67,7,1
3574,Other,USD,19,Weekday,Amex,Credit,1,0,32,0,0
830,Other,CAD,19,Weekday,Amex,Credit,0,0,40,7,0
7228,CA,GBP,0,Weekday,Visa,Credit,1,1,47,8,1
1426,AU,AUD,10,Weekday,Amex,Credit,1,0,38,4,0
1148,US,USD,13,Weekend,Visa,Debit,0,0,18,5,0
1727,Other,AUD,16,Weekend,Amex,Debit,1,0,30,6,0
615,AU,GBP,8,Weekday,Visa,Debit,0,0,41,5,0
4017,AU,USD,18,Weekday,Visa,Credit,0,0,57,2,0
4617,UK,AUD,9,Weekend,MasterCard,Debit,1,0,67,10,0
3338,CA,AUD,11,Weekday,Discover,Debit,1,0,55,7,0
5380,Other,USD,1,Weekday,MasterCard,Credit,1,1,45,3,1
5850,Other,USD,1,Weekend,Amex,Debit,1,1,62,7,1
7628,Other,CAD,1,Weekend,Discover,Debit,0,1,49,0,1
8320,Other,AUD,0,Weekend,Visa,Debit,1,1,46,9,1
2211,Other,USD,17,Weekend,Amex,Debit,1,0,44,2,0
4418,AU,AUD,19,Weekend,Discover,Credit,1,0,43,5,0
2648,US,GBP,18,Weekday,Visa,Credit,1,0,32,12,0
4101,US,CAD,10,Weekday,Discover,Credit,1,0,59,5,0
3161,Other,AUD,16,Weekend,Discover,Credit,1,0,47,1,0
5541,AU,AUD,1,Weekend,Visa,Debit,1,1,28,12,1
7451,UK,USD,1,Weekend,Amex,Credit,1,1,63,1,1
3811,Other,GBP,15,Weekend,MasterCard,Credit,1,0,37,7,0
9573,Other,AUD,0,Weekend,Amex,Credit,1,1,20,0,1
9383,US,AUD,23,Weekday,Amex,Credit,0,1,59,4,1
3735,CA,CAD,13,Weekday,MasterCard,Debit,0,0,31,11,0
1462,CA,USD,12,Weekday,MasterCard,Credit,1,0,30,6,0
9076,UK,AUD,1,Weekend,Discover,Credit,1,1,28,9,1
8744,US,CAD,23,Weekend,Visa,Debit,1,1,26,6,1
7227,US,USD,23,Weekend,Discover,Credit,1,1,55,0,1
3034,US,CAD,8,Weekday,Discover,Debit,0,0,41,10,0
9129,Other,GBP,0,Weekday,Amex,Credit,1,1,42,12,1
7027,US,GBP,1,Weekend,Amex,Credit,1,1,24,10,1
9633,AU,USD,0,Weekend,MasterCard,Debit,1,1,40,10,1
6565,Other,CAD,23,Weekend,Amex,Credit,1,1,27,5,1
4336,CA,GBP,15,Weekend,Amex,Debit,0,0,68,0,0
394,CA,USD,8,Weekend,Amex,Debit,1,0,24,10,0
6593,US,AUD,0,Weekend,Amex,Credit,1,1,54,1,1
4342,US,CAD,13,Weekend,MasterCard,Credit,1,0,56,10,0
9967,Other,CAD,1,Weekend,Visa,Debit,1,1,66,2,1
3653,AU,AUD,12,Weekday,Discover,Debit,1,0,57,10,0
5391,UK,USD,23,Weekend,MasterCard,Credit,1,1,63,9,1
8213,AU,GBP,23,Weekend,Amex,Debit,1,1,45,9,1
9857,AU,AUD,0,Weekend,Discover,Debit,1,1,67,12,1
5070,US,GBP,1,Weekend,Discover,Credit,1,1,67,2,1
8387,CA,GBP,23,Weekend,MasterCard,Debit,1,1,48,3,1
2125,CA,GBP,10,Weekend,Visa,Credit,1,0,52,10,0
4207,US,CAD,19,Weekend,Visa,Debit,1,0,61,12,0
7609,Other,USD,1,Weekday,Amex,Debit,1,1,61,5,1
5639,Other,GBP,1,Weekday,Visa,Credit,1,1,39,2,1
4835,Other,USD,17,Weekend,MasterCard,Debit,0,0,48,1,0
7606,Other,AUD,1,Weekend,Amex,Debit,1,1,56,9,1
3891,UK,GBP,19,Weekday,Amex,Credit,0,0,68,1,0
7190,CA,USD,23,Weekday,Discover,Credit,1,1,19,6,1
6348,CA,GBP,1,Weekend,Amex,Credit,1,1,47,11,1
3796,UK,CAD,15,Weekday,MasterCard,Credit,0,0,18,9,0
5719,UK,AUD,23,Weekday,Discover,Debit,1,1,34,2,1
1609,UK,CAD,19,Weekday,MasterCard,Credit,0,0,63,4,0
9764,CA,AUD,1,Weekday,Amex,Debit,1,1,37,6,1
320,AU,USD,13,Weekend,Discover,Credit,0,0,57,3,0
2371,CA,AUD,15,Weekend,Visa,Credit,1,0,69,12,0
7809,US,CAD,23,Weekend,Amex,Debit,1,1,25,12,1
8852,US,AUD,23,Weekend,Discover,Credit,1,1,60,6,1
9315,Other,AUD,23,Weekend,Amex,Credit,1,1,40,11,1
1209,UK,AUD,19,Weekday,Visa,Debit,0,0,35,2,0
9475,CA,AUD,23,Weekday,Discover,Credit,1,1,28,3,1
1860,Other,AUD,12,Weekend,Amex,Credit,0,0,23,10,0
6818,CA,CAD,0,Weekday,Visa,Credit,1,1,28,4,1
5049,Other,AUD,0,Weekend,Amex,Credit,1,1,41,9,1
5231,UK,CAD,0,Weekend,Visa,Credit,1,1,42,0,1
5016,AU,CAD,1,Weekday,Amex,Credit,0,1,47,9,1
3286,UK,USD,17,Weekend,Visa,Debit,1,0,18,9,0
5293,Other,AUD,0,Weekend,Discover,Debit,1,1,33,5,1
7922,Other,GBP,0,Weekend,Discover,Debit,1,1,63,2,1
5326,AU,CAD,0,Weekend,MasterCard,Debit,1,1,35,12,1
8963,UK,USD,1,Weekend,Visa,Credit,1,1,49,4,1
4964,UK,CAD,19,Weekend,Visa,Debit,1,0,21,11,0
5750,UK,CAD,23,Weekend,Amex,Debit,1,1,52,1,1
3196,AU,CAD,9,Weekday,MasterCard,Debit,0,0,29,5,0
5738,AU,USD,1,Weekend,MasterCard,Debit,1,1,46,5,1
3219,CA,CAD,13,Weekday,MasterCard,Debit,0,0,25,0,0
8219,UK,AUD,0,Weekend,Discover,Credit,1,1,54,4,1
8525,UK,AUD,0,Weekday,Discover,Credit,1,1,33,4,1
6323,Other,AUD,0,Weekday,MasterCard,Debit,1,1,27,6,1
6713,AU,USD,0,Weekday,Amex,Credit,1,1,23,5,1
8626,CA,AUD,23,Weekend,MasterCard,Credit,1,1,23,6,1
8215,CA,CAD,23,Weekend,Visa,Credit,1,1,24,1,1
6779,AU,GBP,1,Weekend,Amex,Debit,1,1,33,0,1
3486,UK,USD,17,Weekday,Discover,Debit,1,0,27,2,0
5297,Other,GBP,23,Weekend,Amex,Credit,1,1,36,0,1
9251,Other,CAD,23,Weekday,Visa,Credit,0,1,32,2,1
4717,UK,GBP,13,Weekend,MasterCard,Debit,0,0,22,0,0
8899,CA,AUD,1,Weekend,Visa,Debit,1,1,30,12,1
7014,Other,USD,23,Weekend,MasterCard,Credit,0,1,24,1,1
2121,Other,GBP,13,Weekend,Amex,Credit,1,0,60,9,0
8543,Other,AUD,23,Weekend,MasterCard,Debit,0,1,31,6,1
6768,AU,AUD,0,Weekend,Discover,Credit,1,1,19,1,1
6377,Other,USD,23,Weekday,Discover,Debit,1,1,56,7,1
283,AU,GBP,19,Weekend,Amex,Credit,1,0,20,6,0
478,US,GBP,8,Weekend,Amex,Credit,1,0,34,1,0
577,AU,GBP,14,Weekend,Amex,Credit,1,0,44,10,0
7638,UK,CAD,0,Weekday,Amex,Credit,0,1,45,6,1
5998,AU,GBP,1,Weekend,Amex,Debit,1,1,24,2,1
6904,Other,AUD,1,Weekend,MasterCard,Credit,1,1,23,9,1
6198,Other,AUD,0,Weekday,Visa,Debit,1,1,56,8,1
2723,US,CAD,13,Weekday,Visa,Credit,1,0,48,11,0
8272,AU,USD,1,Weekend,Amex,Credit,1,1,26,8,1
9224,Other,USD,0,Weekday,MasterCard,Debit,1,1,35,10,1
1131,Other,USD,9,Weekend,MasterCard,Credit,0,0,43,9,0
2737,CA,CAD,15,Weekday,MasterCard,Credit,0,0,37,11,0
9308,US,GBP,23,Weekday,Visa,Credit,1,1,47,11,1
255,CA,GBP,15,Weekend,Visa,Credit,1,0,52,8,0
7575,Other,AUD,23,Weekend,Discover,Debit,1,1,33,5,1
3261,UK,AUD,10,Weekday,MasterCard,Debit,0,0,38,6,0
2406,US,GBP,10,Weekend,Discover,Debit,0,0,60,6,0
5540,US,USD,0,Weekend,Discover,Credit,1,1,63,2,1
2104,CA,CAD,14,Weekday,Amex,Credit,1,0,28,1,0
9705,AU,CAD,1,Weekday,Amex,Credit,1,1,65,11,1
2064,Other,USD,15,Weekday,MasterCard,Credit,1,0,55,1,0
5415,Other,GBP,0,Weekend,Amex,Credit,1,1,45,4,1
7831,CA,AUD,1,Weekend,MasterCard,Credit,1,1,23,6,1
7453,AU,CAD,0,Weekday,Amex,Credit,1,1,19,8,1
7868,UK,CAD,0,Weekday,Amex,Credit,1,1,68,1,1
1154,AU,AUD,19,Weekday,MasterCard,Debit,1,0,59,4,0
7475,CA,USD,23,Weekend,MasterCard,Debit,1,1,64,5,1
2310,Other,USD,10,Weekday,MasterCard,Credit,0,0,45,1,0
1207,CA,USD,13,Weekend,Amex,Credit,1,0,65,0,0
2971,US,AUD,11,Weekday,Discover,Credit,0,0,25,7,0
4324,US,GBP,11,Weekday,Discover,Debit,1,0,20,8,0
1312,UK,USD,12,Weekend,Discover,Credit,0,0,36,12,0
6820,CA,AUD,1,Weekend,Visa,Debit,1,1,30,12,1
9107,AU,GBP,23,Weekday,Visa,Credit,1,1,42,8,1
6623,Other,AUD,23,Weekday,Visa,Credit,1,1,45,11,1
248,UK,AUD,8,Weekday,MasterCard,Credit,1,0,68,3,0
4187,CA,USD,13,Weekend,MasterCard,Debit,1,0,46,4,0
6063,US,GBP,1,Weekday,Amex,Credit,1,1,37,12,1
4702,US,CAD,19,Weekend,Amex,Credit,1,0,52,4,0
1001,UK,USD,8,Weekend,Discover,Debit,0,0,68,2,0
2354,CA,AUD,13,Weekday,MasterCard,Debit,0,0,18,12,0
1715,AU,GBP,12,Weekend,Discover,Debit,1,0,59,1,0
8389,UK,USD,23,Weekend,Discover,Credit,1,1,29,2,1
6776,Other,CAD,1,Weekday,MasterCard,Debit,1,1,47,12,1
6753,Other,GBP,0,Weekend,Amex,Credit,1,1,36,0,1
7577,Other,AUD,1,Weekday,Amex,Credit,1,1,30,4,1
211,US,CAD,18,Weekday,MasterCard,Credit,1,0,60,8,0
5029,US,AUD,0,Weekday,Amex,Credit,1,1,22,8,1
6354,Other,USD,1,Weekday,Discover,Credit,1,1,45,0,1
2612,US,USD,10,Weekday,Visa,Credit,1,0,51,10,0
2425,Other,AUD,15,Weekday,Visa,Debit,0,0,50,8,0
6615,Other,USD,1,Weekend,Discover,Credit,0,1,30,3,1
3334,CA,CAD,14,Weekday,Discover,Credit,1,0,32,9,0
5962,Other,CAD,1,Weekday,Visa,Credit,0,1,54,6,1
9906,AU,GBP,23,Weekend,Amex,Debit,1,1,66,6,1
5282,CA,USD,0,Weekday,Amex,Credit,1,1,24,11,1
9291,CA,USD,0,Weekday,Amex,Debit,1,1,19,5,1
4478,CA,CAD,9,Weekend,Visa,Debit,0,0,37,9,0
3608,US,USD,10,Weekend,Visa,Credit,0,0,62,10,0
4433,US,CAD,12,Weekend,Discover,Debit,1,0,20,12,0
3852,US,USD,8,Weekday,Amex,Debit,1,0,21,4,0
5940,Other,GBP,0,Weekend,Amex,Debit,1,1,37,1,1
6349,Other,USD,0,Weekend,Amex,Debit,1,1,62,7,1
4987,Other,USD,16,Weekend,MasterCard,Credit,0,0,35,7,0
657,Other,GBP,17,Weekday,Visa,Debit,1,0,47,12,0
3087,US,CAD,9,Weekend,Visa,Debit,1,0,58,9,0
5468,AU,CAD,1,Weekday,Amex,Credit,1,1,22,0,1
6040,Other,GBP,0,Weekday,Visa,Debit,1,1,70,6,1
9577,Other,USD,1,Weekend,Amex,Debit,1,1,67,6,1
7905,AU,CAD,0,Weekend,Discover,Debit,1,1,55,9,1
5619,AU,USD,1,Weekend,Amex,Credit,1,1,65,2,1
3242,UK,CAD,13,Weekend,Visa,Debit,0,0,19,5,0
4332,CA,GBP,14,Weekday,Visa,Credit,1,0,21,4,0
5544,Other,CAD,0,Weekday,Discover,Debit,1,1,27,12,1
7155,Other,GBP,1,Weekend,Visa,Credit,0,1,66,2,1
271,Other,AUD,12,Weekend,Discover,Credit,1,0,55,1,0
9090,UK,GBP,0,Weekend,Amex,Debit,1,1,64,7,1
5842,CA,USD,0,Weekend,MasterCard,Debit,1,1,64,5,1
5952,AU,USD,0,Weekend,Visa,Credit,1,1,36,12,1
9687,Other,AUD,0,Weekend,MasterCard,Credit,0,1,24,0,1
630,UK,CAD,8,Weekend,Amex,Credit,0,0,26,5,0
9063,US,CAD,23,Weekend,Amex,Debit,1,1,23,9,1
8502,UK,USD,23,Weekday,MasterCard,Credit,1,1,70,12,1
8536,AU,GBP,1,Weekend,Visa,Credit,1,1,52,9,1
516,UK,USD,18,Weekday,MasterCard,Debit,0,0,48,1,0
7530,UK,CAD,23,Weekend,Visa,Debit,1,1,58,10,1
9738,Other,USD,23,Weekday,Amex,Credit,0,1,46,2,1
6647,US,CAD,0,Weekend,MasterCard,Debit,1,1,70,1,1
8444,AU,USD,1,Weekend,Amex,Credit,1,1,46,1,1
3508,AU,CAD,16,Weekday,Amex,Debit,0,0,23,10,0
3323,UK,USD,16,Weekday,MasterCard,Debit,0,0,21,7,0
9579,Other,AUD,23,Weekend,Amex,Credit,1,1,30,1,1
3259,CA,AUD,17,Weekend,Discover,Credit,0,0,36,6,0
1628,US,AUD,19,Weekday,Discover,Credit,0,0,33,6,0
1584,AU,USD,17,Weekend,Discover,Debit,1,0,45,7,0
5971,AU,GBP,1,Weekend,Amex,Credit,1,1,26,8,1
1692,UK,GBP,10,Weekday,MasterCard,Debit,1,0,23,0,0
1239,US,GBP,18,Weekend,Visa,Credit,0,0,67,12,0
6356,US,CAD,1,Weekday,Amex,Credit,1,1,23,9,1
3136,UK,AUD,13,Weekday,Amex,Credit,1,0,64,2,0
8973,Other,AUD,0,Weekend,Amex,Credit,0,1,49,11,1
5964,Other,AUD,0,Weekday,Visa,Credit,1,1,45,11,1
4394,US,GBP,15,Weekday,MasterCard,Debit,1,0,67,6,0
8180,CA,AUD,0,Weekday,MasterCard,Credit,1,1,49,8,1
2065,UK,AUD,8,Weekday,Amex,Debit,1,0,50,9,0
7689,UK,USD,0,Weekend,MasterCard,Credit,1,1,46,4,1
954,Other,CAD,12,Weekday,Visa,Debit,1,0,51,2,0
9190,Other,CAD,1,Weekend,Amex,Debit,1,1,69,3,1
4883,UK,CAD,13,Weekday,Visa,Debit,0,0,40,6,0
7534,AU,USD,23,Weekday,Amex,Credit,1,1,55,8,1
4965,AU,CAD,10,Weekend,Visa,Debit,0,0,47,12,0
9447,AU,AUD,23,Weekend,Amex,Credit,1,1,53,1,1
3173,US,GBP,13,Weekend,Discover,Credit,1,0,41,11,0
582,UK,CAD,18,Weekend,Visa,Debit,0,0,29,11,0
8355,CA,USD,23,Weekday,Amex,Debit,1,1,28,12,1
2138,AU,CAD,12,Weekend,MasterCard,Credit,1,0,18,8,0
7174,UK,AUD,0,Weekend,Discover,Credit,1,1,67,1,1
6159,Other,GBP,1,Weekend,Visa,Credit,1,1,64,1,1
8404,AU,CAD,1,Weekend,Discover,Credit,1,1,37,4,1
3217,CA,CAD,15,Weekday,Visa,Debit,0,0,25,2,0
244,AU,AUD,18,Weekend,MasterCard,Debit,1,0,50,10,0
6197,CA,GBP,23,Weekday,Visa,Credit,1,1,18,11,1
5213,Other,CAD,23,Weekday,Amex,Credit,1,1,68,0,1
3543,UK,USD,9,Weekday,MasterCard,Debit,1,0,49,0,0
7404,AU,USD,0,Weekend,Amex,Debit,1,1,41,6,1
6525,US,CAD,0,Weekend,Visa,Credit,1,1,34,7,1
4851,UK,GBP,18,Weekend,Visa,Credit,1,0,37,7,0
5718,Other,AUD,0,Weekend,Amex,Debit,0,1,44,1,1
8148,Other,AUD,0,Weekday,Visa,Credit,1,1,63,6,1
9813,CA,CAD,23,Weekend,Visa,Credit,1,1,24,1,1
5679,Other,CAD,23,Weekday,Discover,Debit,1,1,48,3,1
213,UK,CAD,12,Weekend,MasterCard,Credit,1,0,29,5,0
5704,Other,GBP,1,Weekend,Amex,Credit,1,1,70,7,1
3101,UK,AUD,19,Weekend,Amex,Debit,1,0,27,11,0
1146,AU,AUD,14,Weekday,Amex,Credit,0,0,41,4,0
8849,CA,AUD,23,Weekday,Amex,Credit,1,1,42,6,1
5318,CA,GBP,0,Weekend,MasterCard,Credit,1,1,59,5,1
2760,AU,USD,11,Weekday,Amex,Credit,1,0,35,7,0
8620,UK,AUD,23,Weekend,Discover,Credit,1,1,62,5,1
8062,UK,AUD,23,Weekday,Discover,Debit,1,1,34,2,1
8571,Other,GBP,1,Weekday,Amex,Credit,1,1,49,12,1
5184,US,CAD,0,Weekend,Amex,Credit,1,1,46,6,1
7418,Other,GBP,0,Weekday,Discover,Debit,1,1,46,9,1
5069,US,USD,0,Weekend,Amex,Credit,1,1,55,3,1
4960,CA,GBP,19,Weekday,Visa,Debit,1,0,62,1,0
5949,CA,USD,23,Weekday,Discover,Credit,1,1,19,6,1
5066,Other,AUD,1,Weekday,Amex,Credit,0,1,61,3,1
5426,AU,CAD,1,Weekday,Visa,Debit,1,1,55,5,1
7583,AU,CAD,1,Weekday,Discover,Credit,1,1,47,4,1
826,AU,CAD,19,Weekend,Amex,Debit,1,0,22,11,0
6854,Other,USD,0,Weekday,Discover,Credit,1,1,45,0,1
5747,AU,GBP,1,Weekend,Amex,Debit,1,1,31,2,1
7235,Other,AUD,1,Weekday,MasterCard,Debit,1,1,60,10,1
462,Other,GBP,19,Weekday,Visa,Debit,1,0,70,1,0
8263,Other,AUD,23,Weekend,MasterCard,Debit,1,1,22,11,1
1464,UK,USD,14,Weekend,Discover,Credit,0,0,59,10,0
9687,AU,AUD,23,Weekend,MasterCard,Credit,1,1,54,2,1
7509,Other,USD,0,Weekday,MasterCard,Credit,1,1,36,9,1
6754,UK,GBP,23,Weekday,Discover,Credit,1,1,37,5,1
499,Other,GBP,17,Weekday,Discover,Debit,1,0,68,9,0
2854,Other,CAD,16,Weekend,MasterCard,Debit,1,0,34,6,0
6887,CA,USD,1,Weekend,Amex,Credit,1,1,67,0,1
8183,Other,USD,23,Weekend,MasterCard,Credit,1,1,20,12,1
3313,US,GBP,10,Weekday,MasterCard,Credit,0,0,48,6,0
4430,Other,USD,19,Weekday,Visa,Debit,0,0,63,6,0
7255,Other,AUD,23,Weekend,Discover,Credit,1,1,62,0,1
4992,US,CAD,15,Weekend,Visa,Debit,1,0,65,11,0
5104,US,AUD,0,Weekend,Discover,Credit,1,1,48,4,1
8674,AU,USD,0,Weekend,Discover,Credit,1,1,59,4,1
2601,US,USD,16,Weekend,Amex,Credit,1,0,48,11,0
7758,CA,AUD,0,Weekday,Amex,Credit,1,1,32,9,1
853,CA,GBP,17,Weekday,Discover,Credit,1,0,70,4,0
3243,AU,USD,19,Weekend,Visa,Credit,1,0,36,5,0
320,Other,USD,8,Weekend,Amex,Debit,1,0,45,2,0
816,US,GBP,18,Weekend,MasterCard,Credit,0,0,35,0,0
5740,US,GBP,1,Weekend,Amex,Debit,1,1,61,9,1
9562,Other,USD,1,Weekend,MasterCard,Credit,1,1,20,12,1
5831,Other,CAD,1,Weekend,Amex,Debit,1,1,69,3,1
8117,Other,USD,0,Weekday,Amex,Credit,0,1,59,6,1
5863,CA,USD,1,Weekend,Visa,Credit,1,1,70,4,1
6631,Other,CAD,23,Weekday,MasterCard,Debit,1,1,28,3,1
3922,AU,USD,9,Weekday,MasterCard,Debit,0,0,18,9,0
8910,Other,CAD,23,Weekend,Visa,Credit,1,1,68,0,1
1080,Other,AUD,9,Weekday,Discover,Debit,1,0,40,1,0
491,AU,USD,13,Weekday,Amex,Debit,1,0,26,2,0
651,AU,USD,16,Weekday,MasterCard,Debit,0,0,28,11,0
6902,Other,GBP,1,Weekend,Visa,Debit,1,1,19,1,1
2306,AU,AUD,14,Weekend,Visa,Debit,0,0,42,1,0
9341,UK,CAD,23,Weekend,Visa,Credit,1,1,42,0,1
5909,Other,CAD,23,Weekday,Amex,Credit,0,1,57,8,1
9989,Other,AUD,0,Weekend,Amex,Credit,1,1,41,9,1
2276,Other,USD,14,Weekday,Discover,Debit,1,0,65,0,0
2704,US,AUD,16,Weekend,MasterCard,Credit,1,0,31,11,0
9971,UK,AUD,23,Weekend,Discover,Debit,1,1,67,11,1
5751,UK,USD,23,Weekend,MasterCard,Debit,1,1,54,5,1
3472,Other,CAD,12,Weekday,Amex,Credit,0,0,49,9,0
7774,AU,GBP,23,Weekend,Visa,Debit,1,1,69,12,1
9053,Other,CAD,1,Weekday,Amex,Credit,1,1,57,4,1
7693,UK,CAD,1,Weekend,Visa,Credit,1,1,26,12,1
1222,CA,CAD,17,Weekend,Discover,Debit,0,0,59,9,0
6128,AU,AUD,1,Weekend,Amex,Credit,1,1,53,1,1
9777,US,AUD,0,Weekend,Discover,Credit,1,1,60,6,1
4723,US,GBP,11,Weekend,Visa,Credit,1,0,27,12,0
1767,Other,GBP,16,Weekend,Discover,Debit,0,0,53,4,0
738,Other,USD,17,Weekend,MasterCard,Credit,0,0,67,3,0
3134,CA,GBP,15,Weekday,MasterCard,Credit,0,0,51,7,0
6908,Other,USD,23,Weekday,Discover,Credit,1,1,45,11,1
4431,AU,GBP,16,Weekday,Discover,Debit,1,0,43,0,0
4364,AU,AUD,16,Weekday,Amex,Credit,1,0,33,12,0
8041,AU,USD,1,Weekend,Amex,Credit,1,1,26,8,1
6828,US,GBP,1,Weekend,Discover,Credit,1,1,46,8,1
3735,UK,GBP,14,Weekend,Discover,Debit,1,0,57,6,0
2474,CA,CAD,18,Weekday,MasterCard,Debit,1,0,58,3,0
1512,US,AUD,8,Weekday,Discover,Credit,1,0,44,11,0
6337,Other,AUD,1,Weekday,MasterCard,Credit,0,1,65,12,1
5200,Other,USD,0,Weekend,MasterCard,Credit,1,1,18,7,1
2160,UK,AUD,17,Weekday,Visa,Credit,1,0,61,4,0
2117,Other,CAD,9,Weekend,Visa,Credit,1,0,26,9,0
4618,US,AUD,11,Weekend,MasterCard,Debit,0,0,30,1,0
5852,Other,CAD,23,Weekend,Visa,Debit,1,1,66,2,1
8257,UK,CAD,23,Weekend,Discover,Credit,1,1,22,7,1
1514,UK,GBP,18,Weekday,Amex,Debit,1,0,45,5,0
7455,CA,AUD,23,Weekend,Discover,Credit,1,1,48,9,1
1350,AU,AUD,8,Weekday,Amex,Debit,1,0,58,8,0
9756,Other,AUD,0,Weekday,Amex,Credit,1,1,70,5,1
7218,US,CAD,0,Weekend,Amex,Debit,0,1,64,2,1
5398,Other,AUD,23,Weekend,MasterCard,Debit,0,1,31,6,1
9388,Other,USD,23,Weekend,Amex,Debit,1,1,62,7,1
5026,UK,USD,23,Weekday,MasterCard,Credit,1,1,22,11,1
2834,AU,USD,15,Weekday,Amex,Debit,1,0,27,0,0
3821,US,CAD,11,Weekday,Visa,Credit,1,0,46,4,0
808,US,USD,15,Weekday,MasterCard,Debit,1,0,47,8,0
9816,CA,CAD,1,Weekend,Amex,Credit,0,1,23,11,1
9735,Other,CAD,0,Weekday,Visa,Debit,1,1,70,1,1
7243,CA,GBP,23,Weekend,Amex,Credit,0,1,46,5,1
8231,Other,USD,23,Weekday,Amex,Credit,0,1,46,2,1
4098,CA,USD,10,Weekend,Discover,Credit,0,0,27,0,0
9939,Other,GBP,23,Weekday,MasterCard,Credit,1,1,34,8,1
1195,AU,GBP,18,Weekend,Visa,Debit,1,0,50,3,0
8998,AU,AUD,0,Weekend,Amex,Credit,1,1,42,6,1
6690,AU,GBP,23,Weekday,Visa,Credit,1,1,64,5,1
7134,AU,USD,1,Weekday,Discover,Debit,1,1,46,11,1
7870,Other,AUD,1,Weekend,Discover,Debit,1,1,33,5,1
2809,Other,USD,19,Weekend,MasterCard,Debit,0,0,49,3,0
2847,Other,GBP,11,Weekend,Amex,Credit,0,0,55,2,0
4844,CA,CAD,13,Weekend,MasterCard,Credit,0,0,39,6,0
6247,UK,CAD,23,Weekend,MasterCard,Credit,1,1,51,7,1
1503,UK,USD,15,Weekend,Amex,Credit,1,0,60,1,0
759,CA,GBP,16,Weekend,Visa,Debit,0,0,69,7,0
4407,Other,AUD,13,Weekend,Visa,Credit,0,0,51,1,0
4077,US,AUD,13,Weekday,MasterCard,Debit,1,0,35,11,0
2494,CA,USD,15,Weekday,Visa,Credit,0,0,66,6,0
6476,AU,CAD,23,Weekend,MasterCard,Debit,1,1,58,0,1
5484,AU,GBP,1,Weekend,Visa,Credit,1,1,18,12,1
9460,US,GBP,23,Weekend,Discover,Credit,1,1,29,10,1
2518,CA,USD,12,Weekday,Amex,Debit,1,0,52,10,0
7372,UK,CAD,1,Weekday,Amex,Credit,1,1,43,4,1
564,UK,USD,10,Weekend,MasterCard,Credit,1,0,23,2,0
7955,AU,AUD,1,Weekday,Discover,Credit,1,1,26,9,1
2055,US,CAD,18,Weekday,Amex,Credit,0,0,63,10,0
1223,CA,GBP,19,Weekday,Amex,Credit,0,0,65,1,0
7946,CA,GBP,1,Weekend,Visa,Credit,0,1,38,8,1
1859,Other,CAD,8,Weekend,Discover,Debit,1,0,53,3,0
6647,Other,AUD,0,Weekend,Amex,Credit,1,1,41,8,1
5409,US,CAD,0,Weekend,Amex,Debit,1,1,25,12,1
6563,AU,GBP,1,Weekend,Amex,Credit,1,1,43,11,1
7233,Other,GBP,23,Weekend,Amex,Credit,1,1,67,8,1
4580,CA,AUD,18,Weekday,MasterCard,Credit,1,0,58,5,0
9701,Other,AUD,23,Weekday,Discover,Debit,1,1,32,12,1
342,US,USD,14,Weekday,Visa,Debit,1,0,44,10,0
8150,US,USD,0,Weekend,Visa,Credit,1,1,24,5,1
6876,AU,USD,23,Weekend,Amex,Credit,1,1,30,8,1
2522,AU,USD,18,Weekday,Amex,Debit,1,0,63,6,0
9081,AU,GBP,0,Weekday,MasterCard,Debit,1,1,44,2,1
666,Other,GBP,13,Weekday,Amex,Credit,0,0,47,10,0
7443,Other,GBP,23,Weekend,Visa,Credit,1,1,25,3,1
6563,AU,AUD,0,Weekend,Discover,Credit,1,1,19,1,1
2549,AU,USD,13,Weekday,MasterCard,Credit,1,0,55,3,0
647,CA,GBP,13,Weekend,Discover,Debit,1,0,29,1,0
241,US,AUD,10,Weekend,MasterCard,Credit,1,0,36,6,0
369,CA,CAD,10,Weekend,Discover,Debit,1,0,64,10,0
6001,US,AUD,23,Weekday,Amex,Credit,1,1,22,8,1
137,US,AUD,15,Weekend,MasterCard,Debit,0,0,61,8,0
1988,Other,AUD,15,Weekday,MasterCard,Debit,0,0,45,10,0
2865,UK,CAD,11,Weekend,MasterCard,Credit,1,0,30,12,0
2805,AU,AUD,10,Weekday,MasterCard,Debit,1,0,32,11,0
5222,CA,CAD,23,Weekday,Visa,Credit,1,1,28,4,1
2503,AU,GBP,15,Weekday,Visa,Debit,1,0,48,8,0
1818,UK,CAD,19,Weekend,Discover,Credit,0,0,56,9,0
3737,CA,USD,8,Weekend,Discover,Credit,0,0,56,8,0
2112,Other,USD,8,Weekday,Discover,Debit,0,0,45,5,0
5980,CA,CAD,0,Weekend,MasterCard,Debit,1,1,18,10,1
3237,CA,AUD,14,Weekday,Discover,Debit,0,0,39,5,0
8444,AU,AUD,1,Weekday,Amex,Credit,1,1,46,1,1
3016,CA,AUD,19,Weekend,MasterCard,Credit,1,0,41,1,0
4911,US,AUD,14,Weekday,MasterCard,Debit,1,0,38,5,0
5621,US,USD,1,Weekend,Visa,Credit,1,1,53,7,1
3429,UK,AUD,10,Weekend,Visa,Credit,0,0,41,9,0
6452,CA,GBP,0,Weekday,Amex,Debit,1,1,58,1,1
1926,US,AUD,15,Weekend,Discover,Credit,1,0,49,3,0
4823,AU,AUD,14,Weekday,Discover,Debit,1,0,60,11,0
8866,Other,GBP,1,Weekend,Amex,Debit,1,1,60,0,1
5232,UK,AUD,1,Weekend,Discover,Credit,1,1,67,1,1
4794,UK,AUD,9,Weekend,MasterCard,Credit,1,0,29,11,0
5603,AU,AUD,1,Weekday,Visa,Credit,1,1,66,5,1
2622,UK,AUD,13,Weekday,Visa,Debit,1,0,26,1,0
8515,CA,CAD,23,Weekend,Discover,Debit,1,1,51,4,1
9701,Other,CAD,23,Weekday,MasterCard,Credit,1,1,37,10,1
1181,Other,USD,9,Weekend,Discover,Debit,1,0,65,8,0
2852,UK,AUD,12,Weekend,Discover,Debit,1,0,28,10,0
6663,Other,CAD,23,Weekend,Discover,Debit,1,1,18,12,1
5741,US,AUD,0,Weekend,Amex,Debit,1,1,57,12,1
816,US,USD,9,Weekend,Discover,Debit,0,0,35,2,0
8997,Other,CAD,0,Weekend,Amex,Debit,1,1,18,4,1
1365,Other,GBP,9,Weekday,Discover,Debit,0,0,25,0,0
339,CA,AUD,17,Weekday,Amex,Credit,0,0,45,7,0
2965,UK,CAD,19,Weekend,MasterCard,Debit,0,0,67,9,0
7067,Other,AUD,23,Weekday,Visa,Credit,1,1,45,11,1
5980,Other,USD,1,Weekend,Discover,Credit,1,1,18,8,1
8451,UK,USD,1,Weekday,MasterCard,Credit,1,1,22,11,1
3872,CA,AUD,9,Weekday,MasterCard,Credit,1,0,27,6,0
3917,AU,AUD,14,Weekday,Visa,Debit,0,0,37,0,0
7189,Other,CAD,23,Weekday,Amex,Credit,0,1,42,6,1
7542,Other,USD,23,Weekday,Visa,Debit,1,1,60,12,1
5697,Other,AUD,0,Weekend,Amex,Credit,0,1,49,11,1
3882,Other,USD,13,Weekend,Amex,Debit,0,0,38,2,0
6359,US,AUD,23,Weekend,Amex,Credit,1,1,22,1,1
5703,Other,CAD,1,Weekday,Amex,Credit,1,1,58,6,1
1423,CA,GBP,8,Weekend,Visa,Credit,0,0,29,4,0
1542,CA,USD,11,Weekday,MasterCard,Credit,0,0,50,3,0
879,US,USD,11,Weekday,MasterCard,Credit,0,0,56,9,0
7231,US,USD,0,Weekend,Amex,Credit,1,1,59,11,1
4457,UK,CAD,17,Weekday,Discover,Debit,1,0,70,6,0
1849,UK,USD,14,Weekday,Discover,Debit,1,0,54,12,0
2378,Other,CAD,14,Weekday,MasterCard,Debit,0,0,54,0,0
992,Other,CAD,15,Weekday,MasterCard,Credit,1,0,31,7,0
9798,Other,AUD,1,Weekend,MasterCard,Credit,1,1,68,3,1
5747,US,AUD,0,Weekend,Discover,Credit,1,1,47,3,1
2406,US,CAD,13,Weekday,Visa,Credit,1,0,43,3,0
9641,Other,AUD,23,Weekday,Amex,Credit,1,1,36,11,1
7760,US,USD,23,Weekend,Discover,Credit,1,1,55,0,1
633,AU,CAD,10,Weekday,Visa,Credit,0,0,47,4,0
2619,Other,GBP,19,Weekday,Visa,Debit,1,0,33,11,0
2501,UK,AUD,16,Weekend,Amex,Debit,0,0,58,0,0
1748,Other,CAD,11,Weekend,Visa,Debit,1,0,48,9,0
7884,Other,CAD,23,Weekday,Amex,Credit,1,1,35,2,1
452,AU,USD,15,Weekday,Discover,Credit,1,0,33,1,0
5196,CA,GBP,1,Weekend,Discover,Credit,1,1,53,8,1
2058,Other,CAD,8,Weekend,Visa,Credit,1,0,33,7,0
5078,Other,CAD,0,Weekend,Amex,Credit,1,1,27,0,1
8226,Other,GBP,23,Weekend,Amex,Debit,1,1,60,3,1
7644,AU,USD,0,Weekday,MasterCard,Credit,1,1,37,10,1
2742,US,CAD,16,Weekday,Amex,Debit,0,0,27,2,0
9326,Other,AUD,23,Weekend,Amex,Debit,1,1,62,5,1
157,AU,CAD,13,Weekday,Visa,Debit,0,0,47,3,0
5910,CA,AUD,1,Weekday,Discover,Credit,1,1,70,2,1
4980,CA,USD,14,Weekday,Visa,Credit,1,0,63,10,0
1522,UK,AUD,9,Weekend,Amex,Credit,0,0,59,8,0
7753,Other,USD,23,Weekday,Visa,Credit,1,1,24,4,1
6860,AU,USD,23,Weekday,Amex,Credit,1,1,55,6,1
4524,US,USD,16,Weekday,MasterCard,Credit,0,0,36,3,0
2601,Other,CAD,16,Weekend,Amex,Credit,0,0,59,10,0
459,UK,GBP,14,Weekend,MasterCard,Credit,1,0,58,9,0
5968,Other,AUD,1,Weekend,Discover,Credit,1,1,62,0,1
8280,UK,USD,23,Weekend,MasterCard,Credit,1,1,34,1,1
723,US,GBP,11,Weekday,Discover,Credit,0,0,20,0,0
8136,US,CAD,1,Weekend,Amex,Credit,1,1,45,7,1
5521,Other,AUD,0,Weekday,MasterCard,Debit,1,1,31,2,1
455,UK,GBP,9,Weekend,MasterCard,Credit,0,0,66,8,0
7764,AU,USD,1,Weekend,Amex,Credit,1,1,70,0,1
128,CA,USD,16,Weekday,MasterCard,Credit,0,0,70,8,0
2194,AU,USD,19,Weekend,Visa,Credit,1,0,22,11,0
1513,AU,GBP,8,Weekday,Amex,Credit,0,0,47,5,0
4794,UK,GBP,16,Weekend,MasterCard,Credit,1,0,52,10,0
3068,CA,USD,8,Weekend,MasterCard,Debit,0,0,46,10,0
359,UK,CAD,8,Weekend,Discover,Credit,1,0,35,2,0
5468,AU,AUD,1,Weekend,Discover,Credit,1,1,30,12,1
1485,UK,CAD,14,Weekday,MasterCard,Credit,0,0,33,9,0
3183,Other,GBP,15,Weekend,Visa,Debit,1,0,59,4,0
8953,CA,CAD,1,Weekend,Discover,Debit,1,1,51,4,1
7636,Other,CAD,1,Weekday,Amex,Credit,1,1,57,4,1
8928,AU,GBP,0,Weekday,Discover,Credit,1,1,67,7,1
4832,US,GBP,8,Weekend,MasterCard,Debit,0,0,18,6,0
4460,CA,CAD,19,Weekday,Visa,Debit,1,0,37,1,0
9485,Other,GBP,0,Weekend,Amex,Debit,1,1,60,0,1
3262,Other,CAD,17,Weekend,Visa,Credit,0,0,48,12,0
4177,CA,GBP,19,Weekday,Amex,Debit,0,0,57,7,0
8535,UK,USD,23,Weekend,Discover,Debit,1,1,68,7,1
8648,UK,CAD,0,Weekend,Amex,Credit,1,1,62,8,1
7850,CA,AUD,1,Weekend,MasterCard,Credit,1,1,54,8,1
7932,Other,GBP,0,Weekend,Visa,Debit,1,1,57,10,1
6084,Other,AUD,23,Weekend,Amex,Debit,1,1,56,9,1
7356,US,AUD,0,Weekend,Discover,Credit,1,1,51,8,1
3438,Other,USD,15,Weekend,Discover,Credit,1,0,39,0,0
5143,US,AUD,0,Weekend,Visa,Debit,1,1,52,12,1
9865,UK,AUD,23,Weekend,Discover,Debit,1,1,67,11,1
9164,AU,AUD,23,Weekend,Amex,Credit,1,1,53,1,1
402,CA,AUD,17,Weekend,MasterCard,Debit,1,0,33,2,0
1458,Other,AUD,15,Weekday,Visa,Credit,1,0,23,12,0
2744,US,USD,8,Weekend,Amex,Credit,1,0,27,12,0
6894,Other,CAD,0,Weekend,Visa,Debit,1,1,66,2,1
5982,UK,AUD,0,Weekday,Visa,Credit,1,1,47,6,1
6097,AU,GBP,1,Weekday,Amex,Credit,1,1,45,10,1
3791,CA,GBP,9,Weekday,MasterCard,Debit,1,0,18,12,0
5384,Other,GBP,23,Weekday,Visa,Credit,0,1,48,10,1
3096,US,CAD,17,Weekend,MasterCard,Credit,0,0,21,10,0
7088,Other,USD,23,Weekend,MasterCard,Debit,1,1,36,0,1
8490,Other,CAD,1,Weekday,Amex,Credit,0,1,42,6,1
4123,Other,AUD,18,Weekend,MasterCard,Credit,1,0,45,1,0
117,Other,CAD,8,Weekday,Amex,Debit,0,0,62,5,0
105,Other,CAD,10,Weekday,Visa,Credit,1,0,65,7,0
9516,CA,GBP,0,Weekend,Discover,Credit,1,1,59,6,1
9050,Other,USD,0,Weekend,Amex,Debit,1,1,25,0,1
7204,CA,CAD,23,Weekend,Discover,Credit,1,1,47,4,1
8459,CA,USD,0,Weekday,MasterCard,Credit,1,1,55,6,1
8798,Other,GBP,23,Weekday,Visa,Credit,0,1,48,10,1
5537,Other,CAD,23,Weekend,MasterCard,Debit,1,1,61,4,1
6186,AU,CAD,0,Weekend,Visa,Debit,1,1,24,3,1
2592,CA,AUD,14,Weekday,Discover,Credit,1,0,58,1,0
6473,Other,AUD,1,Weekend,MasterCard,Credit,0,1,27,8,1
6303,UK,CAD,0,Weekday,Amex,Credit,0,1,45,6,1
4474,AU,GBP,11,Weekend,Visa,Debit,0,0,54,10,0
1648,UK,CAD,10,Weekend,Visa,Debit,1,0,38,6,0
4488,US,USD,17,Weekend,Amex,Debit,1,0,23,1,0
4367,CA,USD,19,Weekday,Discover,Credit,1,0,32,7,0
6537,UK,GBP,23,Weekend,Discover,Debit,1,1,69,9,1
7614,Other,CAD,0,Weekday,Visa,Credit,1,1,50,12,1
923,CA,USD,12,Weekday,Discover,Credit,0,0,45,11,0
3347,AU,USD,17,Weekend,MasterCard,Debit,1,0,48,1,0
3432,AU,USD,16,Weekday,MasterCard,Credit,0,0,66,10,0
9196,Other,GBP,23,Weekday,MasterCard,Debit,1,1,27,6,1
9656,Other,USD,1,Weekday,Amex,Credit,0,1,46,2,1
4366,AU,AUD,19,Weekday,Discover,Debit,1,0,61,8,0
2336,CA,GBP,11,Weekday,MasterCard,Credit,0,0,36,11,0
3152,CA,AUD,12,Weekday,Discover,Credit,0,0,43,8,0
5678,UK,USD,0,Weekend,Visa,Credit,1,1,49,4,1
6253,UK,CAD,0,Weekday,Amex,Debit,1,1,65,9,1
4231,CA,USD,18,Weekend,Discover,Credit,1,0,36,1,0
3305,CA,CAD,13,Weekend,Visa,Debit,1,0,34,8,0
2408,UK,AUD,8,Weekday,Amex,Credit,1,0,36,0,0
7472,AU,USD,0,Weekend,Amex,Debit,1,1,22,7,1
5762,CA,CAD,23,Weekend,MasterCard,Credit,1,1,53,5,1
1840,AU,AUD,14,Weekday,Visa,Credit,0,0,43,12,0
5634,Other,CAD,0,Weekend,Amex,Credit,0,1,23,1,1
9645,UK,USD,23,Weekday,Amex,Credit,1,1,34,10,1
3326,Other,CAD,18,Weekend,Discover,Debit,1,0,65,7,0
5204,AU,USD,1,Weekend,MasterCard,Credit,1,1,37,2,1
8973,UK,AUD,0,Weekday,Amex,Credit,1,1,57,9,1
1102,US,GBP,13,Weekend,Discover,Debit,1,0,29,4,0
8420,UK,CAD,23,Weekday,Amex,Credit,1,1,36,6,1
152,AU,GBP,10,Weekend,Visa,Debit,0,0,33,5,0
9742,Other,CAD,0,Weekend,Amex,Credit,1,1,27,5,1
4880,UK,USD,10,Weekday,Amex,Credit,0,0,39,9,0
1472,US,AUD,11,Weekend,Discover,Credit,1,0,37,4,0
1084,CA,AUD,14,Weekend,Amex,Credit,1,0,41,1,0
1717,US,GBP,12,Weekday,Discover,Credit,1,0,49,11,0
2372,Other,USD,17,Weekend,Visa,Debit,0,0,29,11,0
5140,US,AUD,0,Weekend,Amex,Credit,1,1,42,10,1
7494,US,CAD,0,Weekday,Amex,Credit,1,1,25,12,1
574,US,AUD,10,Weekday,MasterCard,Credit,1,0,18,8,0
3794,CA,GBP,19,Weekday,Amex,Debit,0,0,42,1,0
2573,UK,GBP,17,Weekday,Visa,Credit,0,0,25,6,0
9937,AU,CAD,0,Weekday,MasterCard,Credit,1,1,36,6,1
6846,CA,AUD,23,Weekday,Discover,Credit,1,1,28,3,1
9441,US,AUD,1,Weekend,Discover,Credit,1,1,56,10,1
3593,UK,USD,18,Weekday,Discover,Credit,1,0,47,3,0
9998,Other,GBP,23,Weekend,Amex,Credit,1,1,70,7,1
3189,CA,USD,18,Weekday,Visa,Credit,1,0,40,5,0
6393,Other,CAD,23,Weekend,Discover,Credit,0,1,49,10,1
7059,Other,USD,1,Weekday,Discover,Debit,1,1,56,7,1
6594,AU,CAD,23,Weekend,MasterCard,Credit,1,1,68,3,1
4142,Other,GBP,11,Weekend,Amex,Debit,0,0,48,6,0
739,Other,USD,18,Weekday,Visa,Debit,1,0,54,8,0
2112,US,GBP,11,Weekday,Discover,Debit,1,0,22,10,0
9055,UK,CAD,23,Weekend,Amex,Credit,1,1,26,10,1
7743,AU,AUD,1,Weekend,MasterCard,Credit,1,1,54,2,1
8309,AU,GBP,0,Weekend,Discover,Debit,1,1,57,2,1
6833,UK,GBP,1,Weekend,Discover,Credit,1,1,52,11,1
9367,AU,GBP,0,Weekday,MasterCard,Credit,1,1,67,9,1
6367,US,GBP,23,Weekend,Amex,Credit,1,1,24,10,1
1430,CA,GBP,10,Weekend,MasterCard,Debit,0,0,46,4,0
6947,AU,AUD,0,Weekday,Visa,Credit,1,1,47,2,1
5258,Other,USD,0,Weekend,Visa,Debit,1,1,37,11,1
3879,CA,AUD,11,Weekday,MasterCard,Credit,1,0,37,5,0
134,AU,USD,11,Weekend,Amex,Debit,0,0,26,10,0
167,US,GBP,8,Weekday,Discover,Debit,1,0,52,7,0
6738,AU,GBP,1,Weekday,Visa,Credit,1,1,42,8,1
1448,UK,USD,13,Weekday,MasterCard,Debit,1,0,33,8,0
7930,UK,AUD,23,Weekend,Discover,Credit,1,1,64,10,1
9746,Other,USD,23,Weekend,Amex,Credit,1,1,65,5,1
5390,Other,CAD,0,Weekday,Amex,Credit,1,1,34,0,1
2653,US,GBP,13,Weekend,MasterCard,Debit,0,0,29,11,0
7727,Other,USD,23,Weekend,Amex,Debit,1,1,67,6,1
4840,UK,USD,14,Weekend,MasterCard,Debit,0,0,20,7,0
3145,Other,CAD,17,Weekend,Visa,Credit,1,0,53,0,0
2290,AU,USD,19,Weekend,Visa,Debit,1,0,18,1,0
938,UK,AUD,16,Weekend,Visa,Credit,1,0,54,4,0
305,US,GBP,18,Weekend,Amex,Credit,1,0,34,11,0
3898,AU,GBP,12,Weekend,Discover,Debit,0,0,55,10,0
5789,Other,CAD,0,Weekend,Amex,Credit,1,1,69,7,1
5247,US,USD,0,Weekend,Amex,Credit,1,1,55,3,1
4489,Other,USD,8,Weekday,Discover,Credit,1,0,26,3,0
4534,AU,USD,13,Weekend,Amex,Credit,1,0,26,10,0
7622,UK,GBP,23,Weekend,Visa,Debit,1,1,58,12,1
2990,UK,CAD,8,Weekend,Visa,Debit,0,0,25,8,0
7714,UK,GBP,0,Weekend,Visa,Debit,1,1,58,12,1
4435,AU,GBP,10,Weekday,Visa,Debit,0,0,48,0,0
2953,CA,CAD,11,Weekday,Amex,Credit,1,0,45,1,0
5161,UK,USD,23,Weekend,Visa,Credit,1,1,50,12,1
858,CA,CAD,9,Weekday,Discover,Credit,0,0,33,3,0
4813,US,AUD,9,Weekday,Discover,Debit,0,0,44,11,0
9135,Other,GBP,1,Weekend,Amex,Credit,1,1,70,7,1
8947,Other,CAD,1,Weekday,MasterCard,Debit,1,1,26,6,1
7561,Other,CAD,0,Weekday,MasterCard,Credit,0,1,56,12,1
3798,CA,CAD,17,Weekday,Visa,Credit,0,0,42,6,0
9493,CA,GBP,1,Weekday,Amex,Credit,1,1,38,4,1
8794,US,CAD,1,Weekend,Discover,Credit,1,1,63,1,1
5028,CA,USD,0,Weekend,MasterCard,Debit,1,1,41,12,1
6693,CA,AUD,23,Weekend,Amex,Credit,0,1,38,3,1
5939,Other,AUD,0,Weekend,Discover,Credit,0,1,24,10,1
1066,UK,USD,14,Weekday,Discover,Credit,0,0,22,1,0
7219,US,GBP,23,Weekend,Amex,Credit,1,1,35,9,1
5417,Other,AUD,1,Weekend,MasterCard,Debit,1,1,42,1,1
8950,CA,GBP,0,Weekend,Amex,Credit,1,1,19,12,1
535,UK,CAD,19,Weekday,Discover,Credit,1,0,54,10,0
4438,CA,USD,16,Weekend,Visa,Debit,1,0,25,6,0
4362,CA,USD,8,Weekday,Visa,Credit,0,0,28,5,0
309,UK,CAD,14,Weekend,Discover,Debit,0,0,44,4,0
1148,CA,CAD,12,Weekend,Amex,Debit,0,0,70,4,0
4211,CA,AUD,14,Weekend,Visa,Debit,0,0,36,11,0
9578,Other,CAD,0,Weekday,Visa,Credit,1,1,50,12,1
2314,CA,AUD,12,Weekend,Discover,Credit,1,0,23,5,0
9147,US,GBP,1,Weekend,Amex,Credit,1,1,24,10,1
6380,US,GBP,0,Weekend,Discover,Credit,1,1,46,8,1
3890,Other,GBP,18,Weekday,MasterCard,Credit,1,0,53,11,0
7454,AU,USD,23,Weekend,MasterCard,Debit,1,1,40,10,1
7979,UK,CAD,1,Weekday,Amex,Debit,1,1,19,0,1
2198,Other,GBP,13,Weekday,MasterCard,Debit,1,0,67,8,0
8432,Other,GBP,23,Weekend,MasterCard,Credit,1,1,54,6,1
2803,Other,CAD,18,Weekday,MasterCard,Credit,0,0,36,10,0
7392,US,CAD,23,Weekend,MasterCard,Debit,1,1,69,11,1
2565,AU,AUD,19,Weekend,Amex,Debit,0,0,27,0,0
5430,Other,USD,23,Weekday,MasterCard,Credit,1,1,45,3,1
5233,UK,AUD,1,Weekend,Discover,Credit,1,1,28,9,1
1783,AU,CAD,16,Weekday,MasterCard,Debit,1,0,39,12,0
3943,AU,CAD,17,Weekday,MasterCard,Debit,1,0,34,9,0
7929,CA,AUD,23,Weekday,Visa,Credit,1,1,23,11,1
8658,UK,CAD,23,Weekend,Amex,Credit,1,1,26,10,1
3681,UK,AUD,13,Weekday,MasterCard,Debit,1,0,65,11,0
6085,CA,GBP,0,Weekend,Amex,Credit,1,1,33,3,1
5051,AU,AUD,0,Weekday,Amex,Credit,1,1,54,3,1
9878,Other,AUD,23,Weekend,Amex,Credit,0,1,49,11,1
6052,Other,AUD,1,Weekend,Amex,Credit,0,1,61,10,1
7765,Other,GBP,0,Weekend,Amex,Credit,0,1,70,1,1
9480,US,GBP,23,Weekend,Amex,Credit,1,1,68,12,1
2764,AU,AUD,14,Weekday,Amex,Debit,0,0,49,0,0
8046,Other,CAD,23,Weekday,Discover,Debit,1,1,48,3,1
251,AU,CAD,16,Weekday,Amex,Debit,1,0,54,6,0
1919,UK,GBP,13,Weekday,Discover,Credit,1,0,33,10,0
3883,CA,USD,17,Weekend,Visa,Credit,0,0,18,8,0
4703,UK,USD,18,Weekday,MasterCard,Credit,1,0,29,2,0
2880,Other,CAD,18,Weekend,Amex,Credit,1,0,64,3,0
9979,UK,GBP,1,Weekend,Amex,Debit,1,1,51,1,1
8262,UK,CAD,23,Weekday,Amex,Credit,1,1,43,4,1
9986,US,GBP,1,Weekend,Discover,Credit,1,1,29,10,1
9069,Other,AUD,23,Weekday,Discover,Debit,1,1,45,9,1
608,CA,CAD,10,Weekend,Amex,Debit,0,0,20,10,0
9593,Other,GBP,1,Weekday,Amex,Credit,1,1,49,12,1
5311,US,GBP,23,Weekday,Discover,Credit,1,1,44,12,1
7851,UK,AUD,1,Weekday,Amex,Credit,1,1,18,4,1
9659,CA,GBP,1,Weekday,Amex,Credit,1,1,38,4,1
9655,Other,AUD,0,Weekend,Amex,Credit,0,1,65,8,1
8703,CA,USD,0,Weekend,Visa,Credit,1,1,70,4,1
2676,AU,GBP,15,Weekday,Discover,Credit,0,0,28,3,0
2350,UK,CAD,14,Weekend,MasterCard,Credit,0,0,27,1,0
886,UK,GBP,18,Weekend,Amex,Credit,0,0,49,0,0
2912,US,AUD,9,Weekend,Amex,Debit,0,0,54,2,0
4328,CA,USD,10,Weekend,Amex,Debit,1,0,56,11,0
608,CA,CAD,9,Weekend,Amex,Debit,0,0,40,5,0
4023,US,GBP,15,Weekend,Discover,Debit,0,0,66,4,0
8618,US,CAD,23,Weekend,Amex,Debit,1,1,23,6,1
4058,CA,GBP,17,Weekday,MasterCard,Credit,1,0,19,4,0
2642,AU,AUD,10,Weekend,MasterCard,Debit,0,0,26,2,0
5018,AU,USD,23,Weekend,Discover,Credit,1,1,35,5,1
6979,Other,CAD,1,Weekday,Amex,Credit,0,1,57,8,1
5117,Other,AUD,0,Weekend,Amex,Debit,1,1,25,3,1
6304,Other,GBP,0,Weekday,MasterCard,Debit,1,1,19,1,1
5934,Other,AUD,0,Weekend,Visa,Debit,0,1,56,12,1
9761,Other,CAD,0,Weekend,MasterCard,Credit,1,1,41,8,1
9699,Other,CAD,23,Weekday,MasterCard,Debit,1,1,28,3,1
8817,Other,CAD,23,Weekend,Discover,Credit,1,1,69,3,1
9564,Other,CAD,1,Weekday,Amex,Credit,0,1,42,6,1
7491,US,CAD,1,Weekend,Discover,Credit,1,1,22,0,1
2803,Other,GBP,9,Weekend,Discover,Debit,1,0,33,1,0
2918,UK,AUD,19,Weekend,Visa,Debit,1,0,63,3,0
429,US,AUD,11,Weekday,Discover,Credit,1,0,50,6,0
4474,UK,CAD,19,Weekday,Amex,Debit,0,0,50,2,0
642,CA,AUD,19,Weekend,Amex,Debit,0,0,56,1,0
5311,Other,CAD,0,Weekend,Visa,Debit,0,1,27,0,1
8795,AU,CAD,23,Weekday,Amex,Credit,1,1,37,12,1
8598,US,USD,0,Weekend,Discover,Credit,1,1,63,2,1
6503,Other,USD,23,Weekday,Visa,Credit,1,1,24,4,1
1913,AU,USD,19,Weekday,Visa,Debit,0,0,27,0,0
9984,Other,CAD,23,Weekend,Amex,Debit,1,1,44,7,1
4242,UK,USD,11,Weekday,MasterCard,Debit,1,0,42,0,0
9755,AU,USD,0,Weekend,Amex,Debit,1,1,41,6,1
5992,AU,CAD,0,Weekday,Amex,Debit,1,1,37,5,1
4413,Other,USD,14,Weekday,Visa,Debit,0,0,40,0,0
3378,UK,USD,8,Weekday,MasterCard,Credit,0,0,25,7,0
4139,US,CAD,15,Weekday,Visa,Credit,1,0,34,7,0
158,UK,CAD,10,Weekend,Visa,Credit,1,0,19,12,0
1645,CA,CAD,16,Weekend,Visa,Credit,1,0,41,8,0
3134,CA,AUD,16,Weekend,Discover,Debit,0,0,41,4,0
9401,Other,CAD,1,Weekday,Discover,Credit,0,1,28,8,1
2613,AU,GBP,12,Weekday,Amex,Credit,0,0,47,9,0
8013,UK,GBP,1,Weekend,MasterCard,Debit,1,1,70,6,1
4549,UK,USD,9,Weekend,Discover,Debit,1,0,46,10,0
8704,Other,USD,0,Weekday,MasterCard,Credit,1,1,25,2,1
3130,UK,GBP,12,Weekend,Amex,Credit,1,0,23,8,0
9684,UK,AUD,1,Weekday,Discover,Credit,1,1,44,8,1
4673,AU,GBP,9,Weekday,Discover,Debit,1,0,55,7,0
8963,AU,GBP,1,Weekday,Visa,Credit,1,1,64,5,1
7957,UK,AUD,23,Weekend,Discover,Credit,1,1,64,10,1
7908,CA,AUD,0,Weekend,Amex,Debit,1,1,41,7,1
3421,UK,USD,17,Weekday,Visa,Credit,1,0,48,0,0
7305,CA,AUD,23,Weekday,Amex,Debit,1,1,67,6,1
6748,Other,CAD,23,Weekend,Discover,Debit,1,1,49,9,1
9071,US,USD,1,Weekend,Discover,Credit,1,1,23,10,1
3911,CA,USD,15,Weekend,MasterCard,Credit,0,0,36,12,0
5502,US,AUD,23,Weekday,MasterCard,Credit,1,1,68,5,1
2061,Other,CAD,18,Weekend,Amex,Credit,0,0,19,9,0
7841,Other,CAD,1,Weekday,Visa,Credit,0,1,54,6,1
1298,US,AUD,13,Weekday,Amex,Debit,0,0,42,6,0
7489,UK,AUD,23,Weekend,Visa,Credit,1,1,48,3,1
4554,AU,USD,13,Weekend,Discover,Credit,0,0,48,10,0
7952,US,USD,0,Weekend,Discover,Credit,1,1,55,0,1
305,CA,AUD,9,Weekend,Visa,Debit,1,0,27,9,0
9196,AU,GBP,1,Weekend,MasterCard,Credit,1,1,40,2,1
1857,UK,USD,11,Weekend,MasterCard,Debit,0,0,68,11,0
2405,Other,CAD,16,Weekend,Amex,Debit,1,0,51,4,0
5607,Other,CAD,23,Weekday,Amex,Credit,1,1,58,6,1
6565,Other,GBP,23,Weekend,Amex,Credit,1,1,48,7,1
4631,US,USD,19,Weekend,Visa,Debit,0,0,43,3,0
6888,US,CAD,0,Weekend,Amex,Debit,1,1,23,9,1
8733,Other,AUD,23,Weekday,Visa,Credit,1,1,41,5,1
8038,AU,CAD,23,Weekend,MasterCard,Credit,1,1,49,3,1
1432,CA,AUD,17,Weekend,Visa,Debit,1,0,42,2,0
1682,US,CAD,12,Weekend,Discover,Credit,1,0,48,5,0
452,US,USD,14,Weekday,Amex,Debit,0,0,54,2,0
7608,AU,GBP,23,Weekend,MasterCard,Credit,1,1,52,1,1
7254,US,USD,0,Weekend,MasterCard,Debit,1,1,69,9,1
2465,UK,GBP,14,Weekday,Visa,Debit,1,0,45,12,0
1645,AU,AUD,8,Weekend,Visa,Debit,1,0,25,4,0
3662,US,CAD,12,Weekend,Visa,Credit,1,0,33,7,0
9729,CA,AUD,0,Weekday,Amex,Debit,1,1,67,5,1
9416,US,USD,0,Weekend,Discover,Credit,1,1,46,2,1
4999,US,GBP,13,Weekend,Discover,Debit,1,0,24,7,0
5086,AU,AUD,0,Weekday,Amex,Credit,1,1,46,1,1
5195,CA,CAD,23,Weekday,Amex,Debit,1,1,22,8,1
102,US,USD,17,Weekend,MasterCard,Debit,0,0,21,12,0
4172,Other,USD,19,Weekend,Amex,Debit,1,0,62,6,0
3841,Other,GBP,19,Weekend,Discover,Debit,0,0,47,11,0
2802,CA,USD,14,Weekend,Discover,Debit,1,0,34,12,0
1490,Other,USD,9,Weekend,MasterCard,Debit,0,0,32,9,0
9674,US,CAD,23,Weekend,Visa,Debit,1,1,65,3,1
1025,Other,GBP,16,Weekend,Amex,Credit,0,0,49,8,0
397,Other,CAD,8,Weekday,Visa,Credit,1,0,63,1,0
9368,CA,GBP,23,Weekday,Visa,Credit,1,1,18,11,1
7482,Other,USD,0,Weekday,Discover,Debit,1,1,60,10,1
5371,Other,USD,1,Weekday,MasterCard,Credit,1,1,65,8,1
515,US,USD,15,Weekday,Amex,Credit,1,0,64,0,0
5764,Other,AUD,23,Weekday,Visa,Debit,1,1,70,11,1
5889,CA,CAD,23,Weekend,Amex,Credit,1,1,19,7,1
534,UK,AUD,14,Weekend,MasterCard,Credit,0,0,32,6,0
3120,US,CAD,10,Weekend,MasterCard,Debit,1,0,33,1,0
433,CA,USD,10,Weekend,Discover,Debit,1,0,59,7,0
7189,US,CAD,23,Weekend,Discover,Credit,1,1,66,0,1
8105,Other,GBP,23,Weekend,Amex,Credit,0,1,35,11,1
992,UK,GBP,18,Weekend,Visa,Credit,1,0,27,0,0
9550,UK,CAD,23,Weekend,MasterCard,Debit,1,1,70,9,1
1215,UK,USD,10,Weekday,Discover,Credit,0,0,18,11,0
6646,Other,CAD,23,Weekday,Amex,Credit,0,1,42,6,1
552,UK,GBP,18,Weekend,MasterCard,Credit,0,0,35,9,0
7483,US,CAD,23,Weekday,Discover,Credit,1,1,25,8,1
6538,US,USD,23,Weekend,Discover,Credit,1,1,23,2,1
3179,Other,GBP,14,Weekday,Visa,Debit,1,0,59,1,0
2323,CA,GBP,8,Weekday,Visa,Credit,0,0,58,4,0
3220,CA,CAD,16,Weekend,MasterCard,Credit,1,0,37,12,0
8928,AU,USD,0,Weekday,Discover,Credit,1,1,28,1,1
4579,US,USD,14,Weekday,MasterCard,Credit,1,0,27,12,0
5446,AU,CAD,23,Weekday,Visa,Debit,1,1,55,5,1
3150,UK,AUD,14,Weekday,Visa,Debit,0,0,27,11,0
1527,AU,AUD,13,Weekend,Discover,Credit,0,0,33,11,0
2727,US,CAD,13,Weekday,MasterCard,Credit,1,0,31,3,0
5035,CA,USD,1,Weekend,Amex,Debit,1,1,45,8,1
2211,UK,USD,16,Weekend,Discover,Debit,1,0,41,7,0
7559,CA,GBP,23,Weekend,Amex,Debit,1,1,20,6,1
7515,Other,GBP,1,Weekend,Amex,Credit,1,1,70,7,1
1851,Other,GBP,18,Weekday,Amex,Credit,0,0,54,12,0
4278,CA,AUD,11,Weekday,Amex,Credit,1,0,65,12,0
7896,UK,GBP,0,Weekday,Discover,Credit,1,1,37,5,1
8925,Other,USD,0,Weekday,Amex,Credit,1,1,40,10,1
179,UK,GBP,19,Weekend,Amex,Debit,0,0,51,11,0
734,US,CAD,13,Weekend,Amex,Credit,1,0,69,2,0
3168,AU,AUD,17,Weekday,Amex,Debit,0,0,28,0,0
3532,AU,USD,14,Weekday,Discover,Debit,0,0,59,1,0
5651,Other,CAD,0,Weekday,Amex,Credit,1,1,33,0,1
4217,CA,CAD,18,Weekend,MasterCard,Credit,1,0,41,7,0
3255,US,USD,19,Weekend,Discover,Credit,1,0,29,8,0
2895,US,CAD,16,Weekend,MasterCard,Credit,0,0,31,8,0
4689,Other,CAD,16,Weekday,Discover,Credit,0,0,30,11,0
6132,Other,CAD,1,Weekday,Amex,Debit,1,1,69,10,1
1012,UK,AUD,16,Weekday,MasterCard,Debit,1,0,65,2,0
3366,US,AUD,15,Weekend,Amex,Debit,0,0,54,9,0
2626,US,USD,9,Weekday,Discover,Debit,0,0,48,8,0
2040,CA,GBP,14,Weekday,Visa,Debit,1,0,37,12,0
9965,AU,GBP,23,Weekend,MasterCard,Credit,1,1,52,1,1
5325,AU,GBP,0,Weekday,Visa,Credit,1,1,42,8,1
8693,CA,GBP,0,Weekend,Visa,Credit,0,1,38,8,1
351,Other,USD,16,Weekend,Discover,Credit,1,0,51,12,0
398,UK,GBP,16,Weekday,Visa,Debit,1,0,69,6,0
6966,Other,USD,1,Weekend,Amex,Debit,1,1,62,7,1
4924,AU,AUD,10,Weekday,Discover,Credit,0,0,22,11,0
7959,US,CAD,23,Weekend,Discover,Credit,1,1,49,9,1
8185,AU,USD,23,Weekend,Amex,Credit,1,1,26,8,1
2410,CA,USD,19,Weekend,Amex,Debit,1,0,18,2,0
374,UK,GBP,12,Weekend,Discover,Credit,0,0,49,0,0
6424,CA,USD,1,Weekend,MasterCard,Credit,1,1,46,2,1
5329,CA,AUD,1,Weekday,MasterCard,Debit,1,1,46,5,1
5357,AU,CAD,0,Weekend,Discover,Debit,1,1,55,9,1
2577,UK,USD,9,Weekend,Visa,Credit,1,0,57,0,0
7067,Other,CAD,23,Weekend,Amex,Credit,0,1,36,5,1
8983,Other,AUD,1,Weekend,Amex,Debit,1,1,38,11,1
8399,CA,USD,0,Weekend,Amex,Debit,1,1,45,8,1
6566,Other,AUD,23,Weekday,MasterCard,Credit,0,1,65,12,1
5818,Other,USD,1,Weekday,Discover,Debit,1,1,21,9,1
4041,CA,CAD,18,Weekday,Visa,Debit,1,0,59,2,0
2095,Other,USD,8,Weekday,Visa,Debit,1,0,69,6,0
4687,AU,USD,18,Weekday,Discover,Credit,1,0,28,9,0
4644,UK,CAD,10,Weekend,Discover,Debit,1,0,44,8,0
3015,UK,GBP,14,Weekday,Visa,Debit,0,0,29,0,0
9640,UK,GBP,1,Weekday,Amex,Debit,1,1,36,4,1
7344,Other,GBP,23,Weekday,MasterCard,Debit,0,1,70,2,1
6521,US,GBP,23,Weekday,MasterCard,Credit,1,1,39,8,1
3949,Other,AUD,12,Weekend,MasterCard,Debit,0,0,19,2,0
4016,UK,GBP,18,Weekday,Amex,Credit,1,0,28,11,0
1731,UK,GBP,12,Weekday,Amex,Debit,0,0,41,1,0
7842,AU,GBP,23,Weekday,MasterCard,Credit,1,1,21,4,1
1518,AU,AUD,18,Weekday,Visa,Debit,1,0,67,8,0
2150,US,GBP,13,Weekday,Discover,Credit,1,0,41,8,0
4477,CA,AUD,12,Weekday,Discover,Credit,0,0,49,11,0
1479,UK,AUD,14,Weekday,Visa,Debit,1,0,21,9,0
368,Other,CAD,11,Weekday,MasterCard,Debit,1,0,50,8,0
4410,AU,GBP,10,Weekday,Discover,Credit,0,0,64,10,0
6700,Other,AUD,23,Weekend,Visa,Debit,1,1,46,7,1
6520,Other,CAD,23,Weekend,Amex,Debit,1,1,69,3,1
9372,Other,GBP,0,Weekday,Amex,Credit,0,1,60,4,1
7203,UK,GBP,0,Weekday,Visa,Credit,1,1,58,11,1
6510,UK,USD,23,Weekday,MasterCard,Credit,1,1,70,12,1
3329,AU,GBP,16,Weekend,Amex,Debit,0,0,56,10,0
4023,UK,GBP,12,Weekday,Amex,Debit,0,0,47,8,0
3506,UK,CAD,12,Weekend,Discover,Debit,0,0,42,11,0
754,UK,CAD,13,Weekday,Discover,Credit,1,0,27,7,0
3290,CA,AUD,16,Weekday,MasterCard,Debit,1,0,59,2,0
4339,UK,AUD,9,Weekday,Amex,Debit,1,0,69,5,0
2258,US,AUD,18,Weekday,MasterCard,Debit,1,0,44,2,0
3433,US,USD,15,Weekend,Visa,Credit,1,0,59,12,0
8594,US,GBP,0,Weekend,Visa,Credit,1,1,21,2,1
4205,CA,AUD,9,Weekend,Visa,Credit,0,0,54,3,0
5498,Other,AUD,0,Weekend,Discover,Credit,1,1,62,0,1
5355,Other,CAD,23,Weekend,Discover,Credit,1,1,43,7,1
1345,UK,GBP,9,Weekday,MasterCard,Credit,1,0,63,8,0
6812,UK,CAD,1,Weekend,Visa,Credit,1,1,42,0,1
4003,AU,CAD,16,Weekend,Amex,Debit,1,0,35,7,0
2859,AU,CAD,18,Weekday,Discover,Debit,1,0,37,3,0
5085,Other,AUD,0,Weekend,Discover,Debit,0,1,31,1,1
548,UK,USD,12,Weekend,Amex,Credit,1,0,69,3,0
8715,Other,GBP,0,Weekday,Visa,Credit,1,1,67,6,1
5521,Other,AUD,1,Weekend,Visa,Debit,1,1,19,7,1
4350,CA,USD,13,Weekend,Visa,Credit,1,0,27,6,0
5329,UK,GBP,0,Weekend,Discover,Debit,1,1,69,9,1
3550,UK,GBP,19,Weekend,Discover,Debit,0,0,52,7,0
7415,AU,CAD,1,Weekend,MasterCard,Credit,1,1,68,3,1
4407,Other,GBP,17,Weekday,Amex,Debit,0,0,29,5,0
8090,Other,GBP,1,Weekend,Visa,Credit,1,1,25,3,1
8202,Other,USD,0,Weekday,MasterCard,Credit,1,1,65,8,1
2390,UK,USD,13,Weekday,Visa,Credit,0,0,29,6,0
5522,Other,USD,0,Weekend,Discover,Credit,0,1,30,3,1
6902,US,GBP,0,Weekend,Amex,Credit,1,1,24,10,1
6958,AU,USD,23,Weekend,MasterCard,Debit,1,1,51,4,1
3291,US,AUD,9,Weekday,Visa,Debit,1,0,34,4,0
2774,Other,CAD,12,Weekday,Visa,Credit,0,0,46,3,0
9271,UK,USD,1,Weekend,Discover,Debit,1,1,68,7,1
7496,CA,GBP,1,Weekend,MasterCard,Credit,1,1,31,12,1
914,AU,USD,10,Weekday,Amex,Debit,0,0,22,7,0
389,Other,AUD,14,Weekend,Discover,Credit,1,0,60,11,0
2908,UK,USD,9,Weekend,Amex,Credit,0,0,34,4,0
3123,CA,USD,8,Weekday,Visa,Debit,1,0,23,12,0
3559,US,GBP,13,Weekday,Amex,Credit,0,0,53,9,0
380,Other,AUD,11,Weekday,Amex,Credit,1,0,36,9,0
8195,US,CAD,1,Weekend,Discover,Credit,1,1,63,1,1
7152,UK,AUD,1,Weekday,Discover,Credit,1,1,44,8,1
1795,UK,GBP,15,Weekday,Discover,Credit,1,0,33,10,0
8653,Other,GBP,23,Weekday,Discover,Debit,1,1,65,5,1
7176,Other,CAD,1,Weekend,Amex,Debit,1,1,69,3,1
9118,AU,AUD,1,Weekday,Amex,Credit,1,1,40,7,1
7000,Other,USD,23,Weekday,Discover,Debit,1,1,60,10,1
2500,Other,CAD,19,Weekend,Discover,Credit,1,0,48,7,0
9132,AU,AUD,23,Weekend,Visa,Credit,1,1,68,3,1
1099,US,CAD,15,Weekend,Visa,Credit,0,0,32,8,0
643,UK,USD,10,Weekday,MasterCard,Debit,1,0,18,3,0
4081,UK,AUD,13,Weekend,Amex,Credit,0,0,38,8,0
9499,US,CAD,0,Weekday,Discover,Credit,1,1,24,11,1
5188,US,USD,1,Weekend,Visa,Credit,1,1,24,5,1
9396,Other,CAD,0,Weekend,MasterCard,Debit,1,1,50,4,1
4883,US,GBP,14,Weekend,Discover,Debit,1,0,50,0,0
6216,CA,AUD,0,Weekday,MasterCard,Debit,1,1,46,5,1
1215,AU,GBP,16,Weekend,Visa,Debit,1,0,56,12,0
5436,Other,AUD,1,Weekday,MasterCard,Debit,0,1,59,10,1
6488,Other,CAD,1,Weekday,MasterCard,Credit,0,1,64,12,1
9254,CA,GBP,0,Weekend,Visa,Credit,1,1,31,11,1
1368,UK,GBP,15,Weekend,MasterCard,Debit,0,0,35,0,0
703,UK,GBP,17,Weekday,Visa,Debit,0,0,62,11,0
5576,US,AUD,23,Weekend,Amex,Credit,1,1,54,1,1
1093,AU,USD,14,Weekend,Discover,Credit,0,0,67,9,0
6443,CA,AUD,0,Weekday,Visa,Credit,1,1,23,11,1
3746,AU,USD,18,Weekend,Discover,Credit,0,0,63,5,0
888,AU,CAD,15,Weekend,Discover,Credit,1,0,63,9,0
4709,UK,CAD,12,Weekend,Discover,Credit,1,0,62,10,0
7690,US,GBP,1,Weekend,Amex,Credit,1,1,68,12,1
9128,US,USD,0,Weekend,Visa,Credit,1,1,36,7,1
756,UK,CAD,11,Weekend,Visa,Debit,0,0,59,10,0
2266,US,AUD,10,Weekend,Amex,Debit,0,0,61,3,0
3957,AU,GBP,9,Weekend,Amex,Credit,0,0,61,5,0
6246,US,CAD,0,Weekday,Amex,Credit,1,1,19,12,1
263,AU,CAD,16,Weekday,Discover,Credit,1,0,29,11,0
8643,CA,AUD,0,Weekend,Amex,Credit,0,1,65,7,1
4605,AU,AUD,19,Weekend,Discover,Credit,1,0,44,9,0
9780,US,AUD,0,Weekday,MasterCard,Credit,1,1,51,10,1
5764,Other,CAD,23,Weekday,Amex,Debit,1,1,58,10,1
1046,UK,USD,10,Weekend,Visa,Credit,0,0,54,11,0
2003,AU,GBP,17,Weekday,Amex,Debit,1,0,56,12,0
7590,AU,CAD,1,Weekday,Discover,Debit,1,1,18,8,1
402,Other,CAD,17,Weekend,Amex,Debit,1,0,33,0,0
9676,Other,GBP,23,Weekend,Visa,Credit,0,1,29,8,1
1803,US,AUD,13,Weekday,Discover,Debit,0,0,35,5,0
2927,CA,USD,16,Weekday,Amex,Debit,1,0,65,9,0
5037,Other,CAD,23,Weekend,Amex,Credit,1,1,27,5,1
6342,Other,GBP,1,Weekday,Discover,Credit,0,1,26,12,1
3261,Other,CAD,13,Weekday,Amex,Debit,1,0,20,9,0
1263,CA,AUD,18,Weekday,MasterCard,Credit,1,0,65,11,0
7503,Other,CAD,1,Weekday,Visa,Debit,1,1,70,1,1
5553,Other,CAD,23,Weekend,MasterCard,Debit,1,1,61,4,1
4747,US,USD,12,Weekend,Visa,Debit,0,0,27,1,0
3752,AU,CAD,9,Weekend,Discover,Credit,0,0,38,3,0
427,Other,CAD,13,Weekend,MasterCard,Debit,0,0,65,10,0
4239,Other,GBP,10,Weekday,MasterCard,Debit,0,0,69,3,0
7654,Other,CAD,23,Weekend,Discover,Credit,0,1,40,2,1
5193,AU,GBP,0,Weekend,Amex,Credit,1,1,26,8,1
8100,Other,GBP,1,Weekend,MasterCard,Debit,1,1,19,12,1
9925,US,GBP,23,Weekend,Amex,Debit,1,1,61,9,1
6850,UK,AUD,1,Weekend,MasterCard,Credit,1,1,47,9,1
2307,AU,USD,11,Weekend,Discover,Debit,0,0,51,8,0
3823,Other,CAD,15,Weekend,MasterCard,Credit,1,0,26,9,0
6931,Other,USD,0,Weekday,Amex,Debit,1,1,47,10,1
1502,UK,GBP,19,Weekday,Visa,Credit,0,0,30,6,0
8428,AU,USD,23,Weekend,Visa,Credit,1,1,31,4,1
8901,US,CAD,23,Weekend,Amex,Credit,0,1,27,2,1
5855,US,AUD,0,Weekday,Discover,Credit,1,1,36,7,1
3856,UK,CAD,8,Weekday,MasterCard,Debit,0,0,56,2,0
3176,US,AUD,15,Weekday,Amex,Credit,1,0,25,0,0
1288,CA,USD,10,Weekday,Discover,Credit,0,0,55,11,0
2485,CA,CAD,8,Weekday,MasterCard,Credit,0,0,44,2,0
1985,Other,GBP,17,Weekend,MasterCard,Debit,0,0,52,6,0
4186,Other,USD,14,Weekday,MasterCard,Debit,1,0,46,7,0
6032,CA,GBP,23,Weekday,MasterCard,Credit,1,1,28,0,1
9080,US,USD,1,Weekend,Visa,Credit,1,1,60,1,1
8668,US,AUD,0,Weekend,Discover,Credit,1,1,54,5,1
8890,AU,GBP,23,Weekend,Discover,Credit,1,1,68,1,1
1229,Other,USD,12,Weekday,Visa,Credit,0,0,34,2,0
9822,Other,AUD,0,Weekday,Visa,Debit,0,1,49,8,1
6249,AU,AUD,23,Weekend,Visa,Debit,1,1,56,7,1
2879,Other,AUD,11,Weekend,Discover,Debit,1,0,38,2,0
1241,US,AUD,16,Weekday,Amex,Credit,1,0,31,0,0
7110,AU,AUD,23,Weekend,Amex,Debit,1,1,66,2,1
7163,AU,CAD,23,Weekend,Discover,Debit,1,1,55,1,1
3642,AU,USD,9,Weekend,Visa,Debit,1,0,70,2,0
871,US,AUD,17,Weekend,Amex,Debit,1,0,37,2,0
2141,CA,GBP,11,Weekday,Visa,Debit,1,0,64,12,0
7712,CA,AUD,0,Weekday,Discover,Credit,1,1,28,3,1
1741,AU,GBP,9,Weekend,Amex,Debit,0,0,67,1,0
1577,AU,AUD,17,Weekday,Discover,Debit,0,0,38,2,0
256,Other,GBP,13,Weekend,Discover,Debit,1,0,30,10,0
8566,AU,CAD,1,Weekend,MasterCard,Debit,1,1,62,11,1
9547,Other,AUD,0,Weekend,Amex,Debit,0,1,56,0,1
4984,Other,AUD,15,Weekend,Discover,Debit,1,0,59,1,0
7911,AU,CAD,0,Weekend,Visa,Debit,1,1,24,3,1
1236,UK,USD,17,Weekday,MasterCard,Credit,0,0,25,1,0
4584,UK,USD,8,Weekend,MasterCard,Credit,0,0,18,8,0
7991,US,AUD,0,Weekday,MasterCard,Credit,1,1,59,8,1
6071,US,GBP,0,Weekend,Amex,Debit,1,1,58,7,1
2641,AU,GBP,8,Weekend,Visa,Debit,0,0,37,11,0
4574,Other,AUD,15,Weekend,MasterCard,Debit,0,0,22,1,0
6111,AU,USD,1,Weekend,Visa,Debit,1,1,69,5,1
7199,Other,CAD,1,Weekend,Amex,Credit,1,1,44,5,1
5457,US,CAD,1,Weekday,Amex,Debit,1,1,30,9,1
1530,US,CAD,18,Weekday,Discover,Debit,0,0,70,5,0
1852,Other,GBP,19,Weekend,MasterCard,Credit,1,0,44,6,0
8107,AU,GBP,23,Weekend,Amex,Debit,1,1,24,2,1
7291,Other,USD,23,Weekend,Discover,Credit,0,1,30,3,1
2155,Other,USD,12,Weekend,Visa,Debit,1,0,37,11,0
9819,Other,USD,23,Weekend,MasterCard,Debit,1,1,36,0,1
9084,Other,CAD,23,Weekday,Visa,Debit,1,1,26,6,1
891,CA,GBP,14,Weekday,Discover,Debit,1,0,41,5,0
7057,US,CAD,1,Weekend,Visa,Credit,1,1,25,6,1
6557,Other,GBP,0,Weekday,Amex,Credit,1,1,49,12,1
7092,Other,AUD,1,Weekday,Visa,Credit,1,1,30,6,1
3922,CA,CAD,18,Weekday,Discover,Credit,1,0,33,9,0
5259,US,GBP,23,Weekday,Visa,Credit,1,1,41,10,1
4006,UK,USD,17,Weekend,Visa,Credit,1,0,57,0,0
4636,Other,GBP,12,Weekend,MasterCard,Credit,1,0,55,6,0
674,CA,USD,16,Weekend,Discover,Debit,1,0,55,9,0
3319,Other,GBP,9,Weekend,Visa,Debit,0,0,18,0,0
7351,AU,AUD,0,Weekend,MasterCard,Credit,1,1,32,10,1
8252,CA,AUD,0,Weekday,Discover,Credit,1,1,28,3,1
7624,CA,CAD,0,Weekend,Discover,Credit,1,1,47,4,1
7292,Other,CAD,23,Weekend,MasterCard,Debit,1,1,50,4,1
4009,US,USD,10,Weekend,MasterCard,Credit,0,0,59,8,0
1165,US,USD,8,Weekday,Amex,Credit,1,0,27,0,0
5635,AU,GBP,0,Weekend,Amex,Debit,1,1,24,2,1
1146,AU,GBP,11,Weekday,Visa,Credit,0,0,67,10,0
9989,Other,CAD,1,Weekend,Amex,Debit,1,1,18,4,1
1213,UK,GBP,19,Weekday,Amex,Debit,1,0,56,12,0
7250,Other,GBP,0,Weekend,Amex,Debit,1,1,50,2,1
6399,CA,GBP,0,Weekday,Visa,Credit,1,1,47,8,1
1709,CA,USD,13,Weekend,Discover,Credit,1,0,20,7,0
8498,CA,CAD,0,Weekday,Visa,Credit,1,1,23,11,1
3075,US,CAD,8,Weekday,Discover,Credit,0,0,50,6,0
8444,Other,CAD,23,Weekend,Amex,Debit,1,1,22,10,1
6538,Other,GBP,1,Weekend,Visa,Credit,1,1,18,0,1
4222,CA,AUD,9,Weekday,Discover,Credit,0,0,66,7,0
119,AU,AUD,17,Weekday,MasterCard,Debit,1,0,26,4,0
1446,CA,CAD,12,Weekend,Visa,Debit,1,0,57,6,0
3185,AU,AUD,16,Weekend,Amex,Credit,0,0,35,3,0
4001,Other,USD,15,Weekday,Amex,Credit,1,0,19,10,0
3912,AU,CAD,17,Weekend,Visa,Debit,1,0,54,5,0
9054,US,AUD,0,Weekend,Discover,Credit,1,1,60,6,1
4954,Other,CAD,11,Weekend,MasterCard,Debit,1,0,34,6,0
5997,Other,AUD,23,Weekend,Amex,Credit,0,1,49,11,1
1243,AU,GBP,11,Weekday,Amex,Debit,0,0,52,0,0
719,AU,AUD,17,Weekday,MasterCard,Credit,0,0,26,6,0
9488,CA,GBP,1,Weekend,Amex,Credit,1,1,47,11,1
2790,CA,AUD,18,Weekday,Discover,Debit,1,0,66,6,0
6025,CA,GBP,1,Weekend,MasterCard,Debit,1,1,22,2,1
3157,UK,GBP,15,Weekend,Discover,Credit,1,0,54,2,0
7060,CA,AUD,23,Weekday,Amex,Credit,1,1,61,11,1
9160,Other,CAD,0,Weekday,Amex,Credit,1,1,36,1,1
4819,AU,AUD,12,Weekday,MasterCard,Debit,0,0,49,10,0
1193,CA,CAD,18,Weekday,Visa,Credit,1,0,23,9,0
7370,Other,USD,23,Weekday,Discover,Debit,1,1,56,7,1
1373,AU,GBP,14,Weekend,Amex,Debit,1,0,31,1,0
1857,UK,GBP,17,Weekend,Discover,Debit,1,0,52,6,0
7778,Other,CAD,23,Weekday,Discover,Debit,1,1,48,3,1
2058,Other,AUD,8,Weekday,Amex,Credit,1,0,62,1,0
4212,US,CAD,13,Weekend,Visa,Credit,1,0,32,1,0
4142,AU,USD,14,Weekday,Amex,Debit,1,0,36,7,0
3517,UK,AUD,19,Weekday,MasterCard,Credit,1,0,69,0,0
5099,AU,GBP,1,Weekday,Amex,Debit,1,1,69,3,1
4821,US,USD,8,Weekend,Visa,Debit,1,0,69,6,0
2466,CA,GBP,16,Weekend,Amex,Debit,1,0,34,12,0
3414,UK,USD,14,Weekday,Visa,Debit,0,0,57,8,0
3933,US,CAD,8,Weekend,Amex,Credit,1,0,18,6,0
7113,AU,CAD,23,Weekend,MasterCard,Credit,1,1,27,5,1
6169,Other,GBP,1,Weekday,Discover,Credit,1,1,69,12,1
7775,US,GBP,23,Weekend,Amex,Credit,1,1,35,9,1
9250,AU,GBP,0,Weekday,Amex,Credit,1,1,45,10,1
2987,AU,CAD,13,Weekend,Visa,Credit,1,0,70,8,0
771,AU,AUD,14,Weekday,MasterCard,Credit,1,0,27,0,0
1735,US,USD,13,Weekend,Discover,Credit,0,0,42,1,0
8866,AU,AUD,1,Weekend,Visa,Credit,0,1,65,7,1
2696,UK,GBP,8,Weekday,Amex,Debit,1,0,39,7,0
5614,US,CAD,0,Weekday,Amex,Credit,1,1,59,12,1
2881,US,AUD,16,Weekend,Amex,Credit,1,0,40,1,0
3391,UK,AUD,14,Weekday,Visa,Credit,1,0,21,9,0
7293,US,CAD,1,Weekday,Discover,Debit,1,1,41,6,1
9215,AU,USD,0,Weekend,Amex,Credit,1,1,28,7,1
7672,AU,CAD,23,Weekday,MasterCard,Debit,1,1,27,11,1
9011,Other,USD,23,Weekday,Amex,Credit,1,1,37,2,1
7031,AU,CAD,0,Weekday,Amex,Credit,1,1,55,7,1
5639,Other,AUD,1,Weekday,Visa,Debit,1,1,56,8,1
1826,UK,CAD,9,Weekday,Visa,Debit,1,0,21,3,0
123,UK,CAD,13,Weekend,Discover,Debit,1,0,42,4,0
6750,Other,AUD,0,Weekday,Visa,Debit,0,1,49,8,1
1468,CA,CAD,15,Weekday,MasterCard,Credit,0,0,41,1,0
478,Other,CAD,12,Weekday,Amex,Debit,0,0,43,3,0
9435,AU,CAD,23,Weekend,Amex,Credit,1,1,69,7,1
9173,CA,CAD,23,Weekend,Discover,Debit,1,1,51,4,1
1692,AU,GBP,9,Weekday,Discover,Credit,0,0,43,1,0
311,AU,USD,15,Weekday,MasterCard,Credit,0,0,57,6,0
4933,Other,USD,19,Weekend,Discover,Credit,1,0,57,11,0
8253,AU,CAD,23,Weekday,Amex,Debit,1,1,61,5,1
5413,AU,GBP,0,Weekend,Amex,Debit,0,1,32,8,1
3247,UK,AUD,12,Weekend,MasterCard,Debit,1,0,42,10,0
7925,Other,GBP,1,Weekend,Amex,Credit,0,1,35,11,1
8354,Other,GBP,1,Weekday,Amex,Debit,1,1,57,4,1
1848,Other,AUD,8,Weekend,MasterCard,Debit,0,0,54,2,0
1052,Other,GBP,8,Weekday,MasterCard,Credit,1,0,66,12,0
7322,US,GBP,0,Weekend,Amex,Credit,1,1,35,8,1
693,CA,AUD,12,Weekend,MasterCard,Credit,0,0,47,4,0
3718,UK,GBP,18,Weekend,Visa,Debit,0,0,65,8,0
8888,Other,AUD,0,Weekend,Amex,Credit,1,1,41,8,1
5138,Other,AUD,23,Weekday,Amex,Credit,0,1,61,3,1
6824,CA,CAD,1,Weekday,Amex,Credit,1,1,18,9,1
6979,UK,CAD,0,Weekend,Visa,Credit,1,1,26,12,1
7620,CA,CAD,0,Weekend,MasterCard,Debit,1,1,67,11,1
7521,AU,AUD,0,Weekend,Amex,Credit,0,1,63,6,1
4252,CA,CAD,11,Weekend,Amex,Credit,1,0,22,4,0
2669,US,CAD,8,Weekend,Visa,Debit,0,0,66,3,0
2917,UK,CAD,16,Weekday,Visa,Debit,1,0,57,9,0
8329,AU,CAD,23,Weekday,MasterCard,Credit,1,1,36,6,1
3229,CA,CAD,10,Weekend,Amex,Credit,1,0,32,0,0
624,US,AUD,13,Weekday,Discover,Debit,1,0,55,8,0
6260,UK,GBP,23,Weekend,Amex,Debit,1,1,64,7,1
2237,CA,AUD,14,Weekday,MasterCard,Credit,1,0,67,1,0
1969,Other,GBP,18,Weekend,Amex,Credit,0,0,26,0,0
8420,US,AUD,0,Weekend,Discover,Credit,1,1,48,4,1
9236,US,AUD,1,Weekday,Discover,Credit,1,1,36,7,1
8971,Other,AUD,23,Weekend,Amex,Debit,0,1,47,9,1
380,CA,CAD,19,Weekend,Amex,Debit,0,0,34,11,0
2026,UK,CAD,19,Weekday,Discover,Debit,1,0,68,8,0
7814,AU,CAD,1,Weekday,Amex,Credit,1,1,55,7,1
682,Other,CAD,16,Weekday,Amex,Debit,0,0,44,12,0
4623,US,AUD,19,Weekday,MasterCard,Credit,1,0,55,9,0
5803,US,CAD,1,Weekend,MasterCard,Debit,1,1,69,11,1
761,US,GBP,11,Weekday,Discover,Credit,1,0,46,1,0
9566,CA,AUD,23,Weekend,Discover,Debit,1,1,57,2,1
1627,CA,AUD,15,Weekday,Discover,Credit,0,0,20,10,0
9777,UK,AUD,1,Weekday,Visa,Credit,1,1,34,10,1
8033,UK,CAD,23,Weekend,Discover,Credit,1,1,22,7,1
2729,Other,GBP,19,Weekday,Visa,Credit,0,0,31,5,0
8662,AU,AUD,23,Weekend,Visa,Credit,1,1,68,3,1
7104,Other,CAD,23,Weekday,MasterCard,Credit,0,1,64,12,1
4297,US,USD,12,Weekend,MasterCard,Debit,1,0,25,5,0
825,CA,AUD,16,Weekend,MasterCard,Credit,1,0,29,8,0
4424,AU,AUD,11,Weekday,Discover,Credit,0,0,31,11,0
4542,AU,GBP,9,Weekend,Discover,Debit,0,0,55,9,0
8615,AU,CAD,23,Weekend,Discover,Debit,1,1,55,1,1
4702,US,USD,10,Weekend,Discover,Debit,1,0,60,2,0
7185,Other,GBP,23,Weekday,Discover,Credit,0,1,69,7,1
5571,UK,USD,0,Weekday,MasterCard,Credit,1,1,66,2,1
2164,Other,GBP,12,Weekend,Amex,Debit,1,0,53,8,0
9010,CA,CAD,23,Weekend,Discover,Credit,1,1,24,7,1
9493,AU,USD,1,Weekend,Amex,Debit,1,1,24,2,1
2134,Other,GBP,14,Weekend,MasterCard,Credit,1,0,58,12,0
4297,CA,GBP,11,Weekend,Discover,Credit,1,0,48,0,0
4042,US,AUD,15,Weekday,Amex,Credit,0,0,51,10,0
3416,Other,AUD,8,Weekend,Visa,Credit,1,0,26,5,0
5420,AU,GBP,1,Weekday,MasterCard,Credit,1,1,21,4,1
8521,CA,USD,1,Weekend,Amex,Credit,1,1,63,8,1
1405,AU,AUD,8,Weekday,Amex,Credit,1,0,24,12,0
2434,UK,USD,14,Weekend,Discover,Debit,1,0,23,2,0
6623,US,CAD,1,Weekend,Visa,Credit,1,1,25,6,1
3405,US,USD,19,Weekday,Visa,Credit,0,0,40,0,0
1908,AU,USD,18,Weekday,Discover,Credit,1,0,67,9,0
9168,Other,USD,0,Weekend,Visa,Debit,1,1,37,11,1
4374,UK,AUD,8,Weekday,MasterCard,Credit,1,0,50,2,0
1742,CA,GBP,9,Weekend,MasterCard,Credit,1,0,49,12,0
6568,AU,GBP,1,Weekend,Amex,Debit,1,1,24,2,1
2110,Other,AUD,15,Weekend,Amex,Credit,1,0,43,12,0
2271,AU,GBP,19,Weekday,Discover,Credit,0,0,47,0,0
5230,CA,AUD,0,Weekday,MasterCard,Debit,1,1,46,5,1
2386,CA,USD,19,Weekend,Amex,Debit,0,0,55,8,0
8131,CA,GBP,0,Weekday,Visa,Credit,1,1,18,11,1
2022,Other,CAD,8,Weekend,Visa,Debit,0,0,43,1,0
1880,UK,CAD,8,Weekend,MasterCard,Debit,1,0,68,6,0
9564,US,AUD,1,Weekend,Discover,Debit,1,1,23,12,1
2929,CA,GBP,9,Weekend,MasterCard,Debit,1,0,58,9,0
6967,CA,AUD,1,Weekend,Discover,Credit,1,1,26,9,1
6790,Other,CAD,23,Weekday,Discover,Credit,1,1,24,11,1
5169,UK,CAD,0,Weekend,Discover,Credit,1,1,22,7,1
6859,AU,CAD,23,Weekend,Amex,Credit,1,1,35,9,1
826,US,USD,12,Weekend,Discover,Debit,1,0,18,10,0
4379,Other,AUD,15,Weekday,MasterCard,Credit,1,0,28,9,0
9374,Other,GBP,23,Weekday,Visa,Debit,0,1,22,3,1
7908,CA,USD,0,Weekend,MasterCard,Credit,1,1,68,1,1
9831,CA,USD,23,Weekday,Amex,Credit,1,1,59,5,1
910,AU,AUD,16,Weekday,MasterCard,Credit,0,0,45,10,0
5552,Other,USD,0,Weekday,Amex,Credit,0,1,46,2,1
6096,AU,USD,23,Weekend,MasterCard,Credit,1,1,37,2,1
398,UK,CAD,8,Weekend,Discover,Debit,0,0,43,7,0
4068,CA,USD,10,Weekend,Amex,Debit,1,0,26,4,0
9959,UK,USD,0,Weekday,MasterCard,Credit,1,1,70,12,1
8501,US,CAD,0,Weekend,Discover,Credit,1,1,63,1,1
9134,UK,CAD,1,Weekend,MasterCard,Debit,1,1,70,9,1
2664,US,CAD,15,Weekday,Amex,Debit,1,0,33,3,0
8188,Other,GBP,1,Weekday,Amex,Credit,1,1,65,6,1
3926,CA,USD,14,Weekday,Visa,Debit,1,0,30,0,0
9714,Other,CAD,23,Weekend,Amex,Credit,1,1,27,0,1
5849,Other,AUD,0,Weekend,Amex,Credit,1,1,41,8,1
2048,UK,USD,14,Weekend,Amex,Debit,0,0,62,2,0
4717,US,USD,15,Weekday,Discover,Credit,0,0,45,2,0
802,Other,USD,8,Weekday,Amex,Debit,0,0,43,3,0
3097,AU,AUD,17,Weekday,Amex,Debit,1,0,34,5,0
4015,UK,CAD,17,Weekday,Amex,Credit,0,0,45,9,0
7980,CA,GBP,1,Weekday,Amex,Credit,1,1,24,4,1
1993,Other,CAD,13,Weekday,Discover,Debit,0,0,66,12,0
8322,CA,AUD,0,Weekend,Discover,Debit,1,1,57,2,1
3331,US,CAD,14,Weekday,MasterCard,Debit,1,0,48,3,0
5177,AU,CAD,0,Weekday,Discover,Credit,1,1,40,12,1
9088,Other,USD,1,Weekend,Discover,Credit,1,1,53,10,1
3940,CA,AUD,11,Weekday,Amex,Debit,0,0,24,10,0
796,UK,AUD,9,Weekday,Amex,Credit,0,0,21,10,0
295,UK,CAD,11,Weekend,Visa,Debit,1,0,35,6,0
4101,AU,AUD,9,Weekend,Discover,Credit,1,0,39,0,0
7028,Other,CAD,0,Weekday,Amex,Credit,1,1,56,4,1
3525,US,AUD,8,Weekday,Visa,Credit,0,0,67,12,0
336,US,GBP,19,Weekday,Amex,Credit,0,0,39,12,0
6101,Other,CAD,1,Weekend,Amex,Credit,1,1,51,3,1
8622,AU,USD,23,Weekend,MasterCard,Debit,1,1,51,4,1
1578,US,USD,10,Weekend,Visa,Debit,0,0,37,11,0
3474,CA,AUD,19,Weekday,Visa,Debit,0,0,67,11,0
7689,CA,CAD,1,Weekend,Amex,Credit,0,1,23,11,1
6677,CA,CAD,0,Weekend,MasterCard,Debit,1,1,18,10,1
682,US,GBP,11,Weekend,Amex,Credit,0,0,39,10,0
7177,Other,CAD,23,Weekday,Visa,Credit,1,1,61,2,1
7936,Other,CAD,0,Weekday,Discover,Credit,1,1,26,7,1
6072,Other,AUD,1,Weekday,Amex,Credit,1,1,36,11,1
8907,AU,USD,0,Weekend,Discover,Debit,1,1,70,8,1
4987,AU,USD,8,Weekday,Discover,Credit,1,0,33,5,0
2524,Other,CAD,14,Weekday,Visa,Credit,1,0,55,9,0
4325,AU,AUD,12,Weekend,Amex,Credit,1,0,21,2,0
8014,UK,USD,23,Weekday,Amex,Debit,1,1,30,9,1
8572,US,GBP,0,Weekday,Discover,Credit,1,1,28,0,1
6196,Other,AUD,0,Weekend,MasterCard,Credit,1,1,59,9,1
9257,US,CAD,1,Weekend,Amex,Debit,1,1,61,11,1
6761,AU,AUD,1,Weekend,Visa,Debit,1,1,28,12,1
4640,Other,AUD,18,Weekend,Discover,Debit,0,0,60,9,0
3081,UK,CAD,17,Weekday,Visa,Credit,1,0,21,8,0
1232,Other,CAD,14,Weekday,MasterCard,Debit,0,0,47,3,0
1225,UK,GBP,15,Weekend,Amex,Credit,1,0,25,4,0
1013,Other,USD,16,Weekday,MasterCard,Credit,0,0,58,5,0
9892,AU,AUD,23,Weekend,Amex,Credit,1,1,53,1,1
1767,Other,USD,17,Weekday,Visa,Debit,1,0,61,9,0
2234,UK,GBP,14,Weekday,Amex,Debit,1,0,18,6,0
8898,UK,USD,0,Weekend,MasterCard,Credit,1,1,46,4,1
7356,US,CAD,1,Weekend,Visa,Credit,1,1,19,2,1
788,UK,GBP,8,Weekday,MasterCard,Debit,0,0,19,12,0
8023,US,USD,0,Weekend,MasterCard,Credit,1,1,32,7,1
4472,CA,USD,17,Weekday,Visa,Debit,0,0,34,3,0
1352,CA,AUD,9,Weekend,Discover,Debit,0,0,63,6,0
3657,AU,AUD,15,Weekend,Visa,Debit,1,0,19,8,0
5817,Other,USD,1,Weekday,Amex,Credit,0,1,47,9,1
1160,US,CAD,11,Weekend,Discover,Debit,0,0,46,9,0
8166,AU,GBP,0,Weekend,Discover,Credit,1,1,18,8,1
8537,Other,AUD,23,Weekday,MasterCard,Credit,1,1,35,12,1
1365,CA,AUD,14,Weekend,Visa,Credit,0,0,35,7,0
3867,CA,USD,17,Weekend,MasterCard,Credit,1,0,66,6,0
2755,CA,AUD,17,Weekday,Visa,Credit,0,0,67,3,0
1586,US,USD,10,Weekday,MasterCard,Credit,1,0,63,3,0
2034,CA,GBP,10,Weekend,Amex,Debit,0,0,35,8,0
3964,CA,GBP,16,Weekday,Amex,Debit,1,0,66,10,0
5013,Other,CAD,0,Weekend,Discover,Credit,1,1,41,10,1
5918,US,AUD,0,Weekend,MasterCard,Credit,1,1,65,1,1
5436,US,AUD,23,Weekend,Amex,Credit,1,1,31,10,1
1150,CA,USD,13,Weekend,MasterCard,Credit,1,0,40,12,0
6174,Other,AUD,0,Weekday,Amex,Debit,1,1,31,2,1
7325,AU,GBP,0,Weekend,Visa,Debit,1,1,69,12,1
8533,US,AUD,23,Weekend,MasterCard,Credit,1,1,30,0,1
2052,UK,GBP,13,Weekend,Amex,Debit,1,0,30,12,0
8195,CA,AUD,0,Weekend,MasterCard,Debit,1,1,39,10,1
7776,AU,CAD,0,Weekday,Visa,Credit,1,1,60,6,1
7728,Other,GBP,0,Weekday,Discover,Debit,1,1,65,5,1
2926,US,CAD,8,Weekend,Amex,Debit,1,0,67,11,0
8732,Other,AUD,1,Weekend,Discover,Credit,0,1,33,6,1
4396,CA,USD,14,Weekend,Amex,Credit,1,0,51,3,0
4080,AU,GBP,18,Weekday,Discover,Debit,0,0,26,1,0
8428,US,CAD,0,Weekday,Discover,Credit,1,1,65,6,1
3486,UK,USD,17,Weekday,Discover,Debit,0,0,44,2,0
6355,Other,AUD,23,Weekend,MasterCard,Credit,1,1,33,8,1
6207,Other,USD,1,Weekday,Amex,Credit,0,1,46,2,1
1146,CA,GBP,16,Weekend,MasterCard,Debit,0,0,47,11,0
2588,Other,CAD,8,Weekend,Amex,Credit,0,0,18,3,0
8458,US,GBP,23,Weekday,Visa,Credit,1,1,47,11,1
8454,UK,USD,0,Weekday,Discover,Credit,1,1,69,2,1
8930,Other,AUD,1,Weekday,Visa,Credit,1,1,45,11,1
3885,UK,CAD,8,Weekday,MasterCard,Credit,0,0,68,10,0
307,CA,USD,17,Weekend,Amex,Debit,0,0,35,1,0
7357,US,USD,0,Weekend,Visa,Credit,1,1,24,5,1
2442,US,GBP,11,Weekday,Discover,Debit,0,0,57,5,0
8225,AU,GBP,0,Weekend,Discover,Credit,1,1,26,2,1
6987,UK,GBP,0,Weekday,Discover,Credit,1,1,37,5,1
9686,Other,USD,23,Weekday,Discover,Credit,1,1,45,0,1
1964,US,CAD,17,Weekday,Discover,Debit,1,0,22,8,0
8844,Other,USD,23,Weekday,Discover,Credit,1,1,45,0,1
5192,US,GBP,0,Weekend,Discover,Credit,1,1,67,2,1
6762,UK,AUD,0,Weekend,Discover,Debit,1,1,67,11,1
7994,Other,USD,0,Weekend,Visa,Credit,1,1,36,10,1
3644,AU,GBP,17,Weekend,Amex,Credit,1,0,32,2,0
4726,Other,USD,8,Weekday,Visa,Credit,0,0,18,12,0
810,CA,USD,19,Weekday,MasterCard,Debit,1,0,51,1,0
1320,CA,USD,14,Weekend,MasterCard,Credit,0,0,69,7,0
7189,US,GBP,1,Weekend,Amex,Credit,1,1,68,12,1
2151,US,USD,10,Weekday,Discover,Debit,1,0,51,0,0
421,Other,CAD,9,Weekend,Visa,Debit,0,0,58,9,0
3029,AU,USD,14,Weekend,MasterCard,Credit,1,0,64,7,0
295,US,CAD,16,Weekend,Visa,Credit,1,0,32,6,0
1003,AU,GBP,9,Weekday,Amex,Credit,0,0,55,2,0
2262,UK,CAD,14,Weekend,Visa,Debit,1,0,27,1,0
8688,Other,USD,0,Weekend,Amex,Debit,1,1,25,0,1
6885,US,AUD,1,Weekend,Amex,Credit,1,1,54,1,1
7092,US,AUD,1,Weekend,MasterCard,Credit,1,1,47,5,1
3220,CA,AUD,16,Weekend,Visa,Debit,1,0,41,11,0
1417,AU,AUD,16,Weekend,MasterCard,Debit,1,0,22,6,0
5684,AU,CAD,1,Weekend,MasterCard,Credit,1,1,18,9,1
9307,Other,AUD,23,Weekday,Discover,Credit,1,1,63,0,1
1235,UK,USD,9,Weekend,Amex,Debit,1,0,40,9,0
7152,Other,CAD,1,Weekday,Visa,Debit,1,1,63,6,1
8564,CA,USD,1,Weekday,Visa,Credit,1,1,41,10,1
1319,UK,CAD,12,Weekend,Discover,Debit,1,0,70,7,0
3775,AU,AUD,18,Weekday,Amex,Debit,1,0,35,5,0
2627,Other,CAD,9,Weekend,MasterCard,Debit,1,0,25,5,0
8681,AU,GBP,23,Weekday,Discover,Debit,1,1,27,9,1
5892,UK,USD,23,Weekend,Discover,Credit,1,1,52,12,1
6580,CA,USD,23,Weekday,Discover,Credit,1,1,59,3,1
305,US,CAD,19,Weekday,MasterCard,Credit,0,0,53,6,0
2523,Other,USD,19,Weekday,Amex,Credit,0,0,59,8,0
6682,US,CAD,23,Weekend,Visa,Credit,1,1,65,8,1
5443,Other,USD,0,Weekend,Discover,Credit,1,1,18,8,1
4198,AU,AUD,12,Weekend,Visa,Credit,0,0,33,11,0
9049,UK,CAD,23,Weekday,Amex,Debit,1,1,56,3,1
1388,US,CAD,18,Weekend,MasterCard,Credit,1,0,61,2,0
1526,AU,GBP,10,Weekday,Amex,Credit,0,0,34,0,0
3175,US,USD,12,Weekend,MasterCard,Credit,0,0,37,0,0
7060,Other,AUD,23,Weekend,Discover,Credit,1,1,34,3,1
7532,Other,CAD,1,Weekday,Visa,Credit,1,1,50,12,1
6020,Other,CAD,23,Weekend,Amex,Debit,1,1,68,12,1
6929,AU,USD,23,Weekday,MasterCard,Credit,1,1,37,10,1
9158,Other,USD,0,Weekday,Amex,Credit,0,1,49,12,1
8359,AU,GBP,23,Weekday,Visa,Credit,1,1,42,8,1
5785,CA,USD,0,Weekday,Amex,Debit,1,1,19,5,1
483,Other,USD,14,Weekday,Amex,Credit,0,0,48,4,0
8232,Other,CAD,0,Weekday,Amex,Debit,1,1,34,0,1
567,US,USD,14,Weekend,Discover,Credit,1,0,65,12,0
6481,UK,AUD,23,Weekend,Discover,Credit,1,1,49,5,1
4573,AU,CAD,8,Weekend,Visa,Credit,0,0,43,7,0
3787,AU,USD,9,Weekend,MasterCard,Credit,0,0,27,9,0
7014,Other,AUD,1,Weekday,Discover,Credit,1,1,63,0,1
4420,CA,CAD,9,Weekday,Discover,Debit,0,0,21,10,0
2955,UK,AUD,14,Weekday,MasterCard,Credit,1,0,57,0,0
7288,Other,AUD,1,Weekend,Amex,Credit,1,1,45,1,1
6709,CA,CAD,23,Weekday,Visa,Credit,1,1,61,0,1
8394,Other,CAD,23,Weekday,Amex,Credit,1,1,68,0,1
8793,UK,GBP,1,Weekend,Amex,Debit,1,1,20,0,1
2966,UK,AUD,14,Weekend,Discover,Credit,0,0,56,0,0
2904,UK,GBP,19,Weekday,Discover,Credit,1,0,53,10,0
8726,Other,CAD,0,Weekday,Discover,Credit,1,1,29,11,1
6671,CA,CAD,0,Weekend,Amex,Credit,1,1,69,9,1
1059,CA,USD,11,Weekday,MasterCard,Credit,0,0,38,12,0
8614,US,CAD,0,Weekend,MasterCard,Credit,1,1,27,1,1
3771,US,GBP,8,Weekend,Discover,Credit,1,0,55,4,0
1120,Other,GBP,13,Weekday,Discover,Credit,0,0,51,10,0
3904,CA,CAD,10,Weekday,Amex,Debit,1,0,54,3,0
9929,US,CAD,23,Weekend,Visa,Credit,1,1,23,2,1
9205,Other,GBP,23,Weekend,MasterCard,Debit,1,1,19,12,1
3102,AU,GBP,13,Weekend,MasterCard,Debit,1,0,46,11,0
2825,Other,USD,15,Weekday,Visa,Credit,0,0,62,7,0
484,CA,CAD,16,Weekday,Amex,Debit,0,0,48,11,0
2156,CA,AUD,12,Weekday,Amex,Debit,1,0,67,3,0
6497,UK,USD,0,Weekend,Visa,Credit,1,1,49,4,1
6237,AU,GBP,0,Weekend,MasterCard,Credit,1,1,40,2,1
9624,AU,GBP,1,Weekday,Discover,Credit,1,1,67,7,1
2572,AU,GBP,13,Weekday,MasterCard,Debit,1,0,46,3,0
2999,UK,USD,14,Weekend,Discover,Debit,1,0,43,5,0
6796,Other,CAD,23,Weekend,Discover,Debit,0,1,49,0,1
5303,AU,AUD,1,Weekday,Amex,Credit,1,1,46,1,1
197,CA,AUD,12,Weekday,MasterCard,Debit,0,0,43,10,0
5153,AU,CAD,0,Weekday,Amex,Credit,1,1,37,12,1
5165,Other,GBP,23,Weekday,MasterCard,Debit,1,1,27,6,1
8799,CA,AUD,23,Weekend,Discover,Credit,1,1,45,7,1
1553,Other,AUD,14,Weekday,Amex,Credit,1,0,61,0,0
5299,UK,AUD,23,Weekday,Discover,Debit,1,1,34,2,1
4919,UK,AUD,8,Weekday,Visa,Debit,1,0,66,0,0
333,AU,USD,8,Weekend,Discover,Credit,1,0,18,11,0
2724,US,GBP,17,Weekend,Discover,Credit,1,0,51,6,0
8643,US,USD,0,Weekend,Discover,Credit,1,1,55,0,1
6296,US,USD,23,Weekend,Visa,Credit,1,1,60,1,1
5106,AU,CAD,0,Weekend,Discover,Debit,1,1,55,9,1
9898,Other,AUD,1,Weekday,MasterCard,Credit,0,1,65,12,1
2477,CA,CAD,16,Weekend,Visa,Debit,0,0,64,6,0
1781,CA,USD,11,Weekday,MasterCard,Credit,1,0,38,5,0
518,CA,GBP,18,Weekday,Amex,Debit,1,0,23,6,0
5704,AU,GBP,0,Weekday,Amex,Debit,1,1,69,3,1
3533,US,GBP,15,Weekday,Discover,Credit,0,0,18,0,0
6128,UK,GBP,23,Weekend,Amex,Debit,1,1,51,1,1
1368,UK,CAD,10,Weekend,Visa,Credit,1,0,27,10,0
8790,Other,AUD,0,Weekend,Amex,Debit,0,1,56,0,1
2220,CA,GBP,15,Weekend,Visa,Debit,1,0,19,3,0
5073,US,GBP,1,Weekend,Discover,Debit,1,1,35,10,1
5016,CA,USD,0,Weekend,Amex,Credit,1,1,67,0,1
3180,Other,AUD,14,Weekday,Discover,Debit,1,0,46,8,0
9084,UK,CAD,23,Weekday,Amex,Credit,1,1,43,4,1
5458,CA,AUD,1,Weekday,Amex,Debit,1,1,37,6,1
7568,US,GBP,1,Weekday,MasterCard,Credit,1,1,39,8,1
5034,US,USD,1,Weekend,Amex,Credit,1,1,55,3,1
2904,AU,USD,10,Weekend,Discover,Credit,0,0,37,8,0
3103,Other,GBP,16,Weekday,Discover,Credit,0,0,23,7,0
5388,Other,AUD,1,Weekday,Discover,Debit,1,1,52,8,1
3011,CA,GBP,17,Weekend,Amex,Credit,1,0,52,6,0
3942,UK,CAD,19,Weekday,MasterCard,Debit,1,0,34,8,0
4045,Other,AUD,10,Weekday,Discover,Debit,1,0,68,7,0
2673,US,CAD,17,Weekend,MasterCard,Credit,0,0,55,11,0
3425,US,AUD,14,Weekday,Discover,Credit,1,0,54,7,0
1923,Other,GBP,13,Weekday,Amex,Credit,0,0,45,3,0
6661,CA,CAD,1,Weekend,Visa,Credit,1,1,24,1,1
6075,AU,AUD,0,Weekday,Visa,Credit,1,1,66,5,1
7889,AU,USD,0,Weekend,Discover,Credit,1,1,35,5,1
9952,AU,USD,1,Weekend,Visa,Credit,1,1,36,12,1
7536,AU,GBP,1,Weekend,Discover,Credit,1,1,68,1,1
4297,CA,CAD,19,Weekend,MasterCard,Debit,1,0,27,8,0
459,UK,GBP,12,Weekend,Amex,Credit,1,0,44,2,0
8220,UK,CAD,0,Weekend,Amex,Credit,1,1,32,12,1
7324,AU,GBP,23,Weekend,Amex,Debit,1,1,52,4,1
317,AU,GBP,15,Weekday,Visa,Debit,1,0,29,3,0
9480,US,AUD,0,Weekday,Amex,Credit,1,1,22,8,1
1973,UK,GBP,8,Weekday,Amex,Credit,1,0,44,0,0
5322,Other,AUD,0,Weekend,MasterCard,Debit,0,1,31,6,1
8894,UK,CAD,1,Weekday,Amex,Credit,1,1,22,10,1
6435,Other,GBP,1,Weekend,MasterCard,Debit,1,1,40,5,1
4034,CA,USD,17,Weekend,Discover,Credit,0,0,33,6,0
8523,Other,CAD,23,Weekend,Visa,Debit,0,1,64,10,1
9356,UK,USD,0,Weekend,Amex,Debit,1,1,70,12,1
9185,US,AUD,1,Weekday,Discover,Credit,1,1,69,0,1
9185,Other,USD,1,Weekend,Amex,Credit,1,1,43,6,1
677,CA,CAD,18,Weekday,MasterCard,Credit,1,0,67,8,0
2939,AU,CAD,18,Weekday,MasterCard,Debit,0,0,32,4,0
3911,UK,USD,12,Weekday,Visa,Credit,0,0,27,8,0
1560,Other,USD,10,Weekday,MasterCard,Debit,1,0,47,0,0
348,AU,CAD,18,Weekend,MasterCard,Debit,1,0,46,10,0
296,Other,USD,17,Weekend,Discover,Credit,0,0,60,1,0
1934,Other,CAD,18,Weekday,Amex,Credit,1,0,29,4,0
8366,Other,AUD,0,Weekend,Visa,Debit,1,1,24,0,1
4172,CA,USD,18,Weekend,MasterCard,Debit,1,0,37,6,0
1086,CA,USD,18,Weekend,MasterCard,Credit,0,0,22,0,0
3632,AU,AUD,15,Weekday,Amex,Debit,1,0,24,9,0
9177,Other,GBP,23,Weekday,MasterCard,Credit,1,1,43,0,1
1834,Other,CAD,19,Weekend,Amex,Credit,1,0,66,1,0
1063,CA,GBP,16,Weekend,Visa,Debit,1,0,38,12,0
8628,Other,CAD,0,Weekend,Discover,Credit,0,1,40,2,1
6487,Other,AUD,0,Weekday,MasterCard,Credit,1,1,35,12,1
583,AU,AUD,11,Weekend,Discover,Credit,0,0,52,6,0
635,AU,CAD,8,Weekend,Visa,Credit,0,0,52,10,0
7042,UK,CAD,1,Weekday,Amex,Credit,1,1,66,6,1
636,AU,AUD,15,Weekday,Discover,Debit,1,0,61,5,0
5227,AU,CAD,1,Weekday,Amex,Credit,1,1,19,8,1
5723,Other,USD,23,Weekday,Discover,Debit,1,1,56,7,1
8488,Other,USD,0,Weekend,MasterCard,Debit,1,1,36,0,1
8807,UK,CAD,0,Weekend,Discover,Credit,0,1,45,12,1
3446,AU,USD,19,Weekend,Discover,Credit,1,0,65,10,0
4979,UK,USD,8,Weekend,Amex,Credit,0,0,36,6,0
253,CA,AUD,15,Weekday,Discover,Credit,1,0,69,0,0
9058,AU,CAD,23,Weekend,Amex,Credit,1,1,69,7,1
2905,AU,GBP,16,Weekday,MasterCard,Credit,0,0,52,1,0
2043,Other,GBP,11,Weekday,Amex,Debit,1,0,28,0,0
4353,CA,AUD,17,Weekend,Amex,Credit,0,0,35,0,0
3317,US,AUD,9,Weekday,Amex,Debit,0,0,69,7,0
5951,Other,AUD,1,Weekend,Visa,Credit,1,1,67,1,1
9103,US,AUD,23,Weekday,Amex,Credit,0,1,59,4,1
4215,UK,AUD,18,Weekend,Discover,Debit,1,0,22,8,0
8400,Other,CAD,1,Weekday,Amex,Debit,1,1,69,10,1
3056,Other,USD,12,Weekday,Discover,Credit,0,0,30,7,0
1400,UK,USD,17,Weekday,Visa,Credit,0,0,33,0,0
467,UK,CAD,19,Weekend,Discover,Credit,0,0,66,6,0
4116,UK,GBP,16,Weekend,MasterCard,Debit,1,0,57,1,0
6366,Other,CAD,0,Weekend,Amex,Debit,1,1,27,11,1
9826,AU,USD,0,Weekend,MasterCard,Debit,1,1,25,4,1
267,AU,AUD,9,Weekday,Discover,Credit,0,0,60,0,0
954,Other,GBP,15,Weekday,Discover,Debit,1,0,22,3,0
2457,CA,USD,16,Weekday,Amex,Credit,1,0,20,0,0
7137,Other,AUD,23,Weekend,Visa,Credit,1,1,60,5,1
2724,AU,CAD,9,Weekend,MasterCard,Debit,0,0,45,8,0
8677,Other,CAD,1,Weekday,MasterCard,Debit,1,1,26,6,1
6369,UK,CAD,23,Weekend,Amex,Credit,1,1,55,2,1
2270,UK,AUD,15,Weekday,Discover,Debit,1,0,51,6,0
1902,UK,USD,10,Weekday,Amex,Debit,1,0,53,3,0
562,UK,GBP,13,Weekend,Discover,Debit,0,0,65,9,0
630,CA,CAD,13,Weekday,MasterCard,Debit,1,0,46,12,0
8103,UK,AUD,0,Weekend,MasterCard,Credit,1,1,47,9,1
2584,UK,CAD,9,Weekend,Discover,Debit,1,0,32,12,0
9908,UK,AUD,0,Weekend,Visa,Debit,1,1,64,2,1
4648,US,GBP,8,Weekday,Visa,Debit,0,0,36,11,0
8097,Other,GBP,1,Weekend,Amex,Debit,1,1,50,2,1
962,US,GBP,17,Weekday,Amex,Debit,1,0,64,2,0
2616,CA,GBP,15,Weekend,Visa,Credit,0,0,18,4,0
6201,Other,AUD,0,Weekday,Discover,Credit,1,1,42,3,1
2387,AU,AUD,13,Weekday,Discover,Credit,1,0,19,3,0
7610,UK,CAD,1,Weekend,MasterCard,Debit,1,1,20,1,1
3005,AU,USD,14,Weekend,Visa,Credit,1,0,55,4,0
9866,Other,CAD,1,Weekend,Visa,Debit,0,1,52,9,1
2266,Other,USD,14,Weekend,Amex,Debit,0,0,33,12,0
3555,UK,CAD,16,Weekday,Amex,Credit,1,0,59,2,0
2869,Other,USD,10,Weekend,MasterCard,Debit,0,0,40,5,0
1135,CA,CAD,17,Weekday,MasterCard,Credit,1,0,18,4,0
6036,Other,USD,0,Weekday,Discover,Credit,1,1,45,11,1
7001,US,USD,1,Weekend,Amex,Credit,1,1,55,3,1
1686,AU,USD,13,Weekend,MasterCard,Debit,1,0,20,4,0
9473,Other,GBP,23,Weekday,Visa,Debit,0,1,22,3,1
1459,US,USD,8,Weekend,Amex,Debit,0,0,65,3,0
7622,UK,CAD,1,Weekday,Amex,Credit,1,1,68,1,1
6051,Other,GBP,1,Weekday,MasterCard,Credit,1,1,48,2,1
560,Other,GBP,18,Weekday,Discover,Credit,1,0,24,8,0
4555,US,CAD,17,Weekend,Discover,Debit,1,0,63,5,0
1724,Other,CAD,13,Weekday,Discover,Debit,0,0,39,4,0
4880,CA,CAD,8,Weekday,Visa,Credit,1,0,30,0,0
747,CA,USD,9,Weekday,Visa,Debit,1,0,66,1,0
6411,CA,CAD,1,Weekend,Amex,Credit,1,1,63,10,1
5339,AU,AUD,1,Weekday,Visa,Debit,1,1,44,8,1
2530,US,CAD,17,Weekend,MasterCard,Debit,1,0,37,6,0
8555,Other,CAD,23,Weekend,Amex,Credit,1,1,27,5,1
4178,Other,GBP,10,Weekend,Amex,Debit,1,0,66,9,0
1924,US,USD,18,Weekend,Amex,Credit,0,0,29,6,0
2186,AU,CAD,10,Weekend,Visa,Debit,0,0,30,10,0
4608,UK,GBP,9,Weekday,Amex,Debit,0,0,55,0,0
2067,UK,AUD,10,Weekday,Discover,Debit,0,0,64,12,0
3711,CA,AUD,12,Weekend,MasterCard,Credit,0,0,50,8,0
6206,UK,USD,23,Weekday,MasterCard,Credit,1,1,22,6,1
1907,Other,CAD,9,Weekend,Discover,Debit,1,0,33,0,0
3829,AU,CAD,10,Weekday,Discover,Debit,0,0,21,2,0
9711,Other,GBP,23,Weekday,Visa,Credit,1,1,19,10,1
5326,Other,CAD,1,Weekday,Amex,Credit,1,1,68,0,1
9055,UK,AUD,1,Weekend,Discover,Credit,1,1,67,1,1
2373,Other,AUD,16,Weekend,MasterCard,Credit,1,0,44,4,0
1788,UK,CAD,18,Weekday,Discover,Credit,1,0,35,9,0
3920,US,AUD,12,Weekday,Discover,Debit,1,0,51,7,0
4531,Other,AUD,17,Weekend,Amex,Credit,0,0,56,10,0
9580,UK,USD,1,Weekend,Discover,Debit,1,1,31,2,1
6968,Other,USD,23,Weekend,Visa,Credit,1,1,36,10,1
7419,CA,AUD,23,Weekend,Amex,Debit,1,1,60,6,1
1175,Other,USD,10,Weekend,MasterCard,Credit,0,0,26,3,0
9600,CA,CAD,1,Weekend,Amex,Debit,1,1,68,11,1
5151,AU,USD,0,Weekday,Discover,Credit,1,1,28,1,1
7435,US,CAD,23,Weekend,Visa,Credit,1,1,65,8,1
4782,UK,CAD,17,Weekday,MasterCard,Debit,1,0,31,5,0
8712,US,CAD,23,Weekday,Discover,Debit,1,1,41,6,1
4272,AU,CAD,14,Weekday,MasterCard,Debit,1,0,50,12,0
4376,UK,AUD,15,Weekday,MasterCard,Credit,1,0,49,7,0
1294,CA,GBP,15,Weekend,Visa,Debit,0,0,46,6,0
4371,CA,CAD,10,Weekend,Discover,Debit,1,0,58,0,0
637,US,AUD,9,Weekday,Visa,Credit,1,0,23,1,0
761,US,AUD,8,Weekday,Discover,Credit,0,0,41,11,0
9776,AU,GBP,23,Weekend,Discover,Credit,1,1,69,12,1
670,AU,CAD,19,Weekday,Amex,Credit,0,0,69,8,0
4726,AU,USD,15,Weekday,Visa,Credit,1,0,32,7,0
508,US,USD,8,Weekday,Amex,Credit,1,0,63,7,0
600,CA,GBP,16,Weekend,Amex,Credit,1,0,25,9,0
4202,AU,AUD,17,Weekend,Visa,Credit,1,0,27,5,0
5356,Other,CAD,23,Weekday,Discover,Credit,0,1,28,8,1
6000,UK,AUD,0,Weekday,Discover,Credit,1,1,44,8,1
8458,Other,AUD,23,Weekend,Visa,Credit,1,1,60,5,1
5836,AU,USD,1,Weekend,Visa,Credit,1,1,36,12,1
4808,US,CAD,16,Weekday,Amex,Credit,0,0,51,11,0
7130,Other,CAD,0,Weekend,Amex,Credit,1,1,69,7,1
5378,Other,GBP,1,Weekday,Amex,Credit,0,1,44,12,1
8211,AU,GBP,0,Weekend,Visa,Credit,1,1,18,12,1
9419,US,CAD,1,Weekend,Amex,Credit,1,1,36,6,1
9177,AU,AUD,0,Weekend,Discover,Credit,1,1,67,0,1
312,AU,AUD,15,Weekend,Amex,Credit,0,0,61,8,0
6997,CA,AUD,0,Weekend,MasterCard,Debit,1,1,39,10,1
7655,Other,USD,0,Weekday,Amex,Credit,0,1,59,6,1
604,US,CAD,19,Weekend,Amex,Credit,0,0,22,12,0
6512,US,AUD,1,Weekday,Amex,Debit,1,1,20,2,1
3422,UK,USD,17,Weekday,MasterCard,Debit,0,0,49,4,0
3662,UK,GBP,14,Weekday,Amex,Credit,1,0,48,6,0
1191,Other,GBP,14,Weekend,MasterCard,Credit,1,0,41,9,0
5163,Other,AUD,0,Weekday,Discover,Debit,1,1,32,12,1
9273,CA,USD,1,Weekend,Visa,Credit,1,1,65,4,1
6431,Other,AUD,0,Weekend,MasterCard,Credit,1,1,33,8,1
2965,CA,GBP,15,Weekday,Amex,Debit,1,0,26,10,0
1691,US,GBP,8,Weekend,Discover,Debit,1,0,34,7,0
4528,US,AUD,12,Weekend,Visa,Credit,1,0,33,12,0
9864,Other,GBP,23,Weekday,Visa,Credit,1,1,19,10,1
718,US,USD,17,Weekday,Visa,Debit,1,0,30,11,0
9653,Other,AUD,23,Weekend,MasterCard,Credit,1,1,33,8,1
5158,Other,USD,0,Weekday,Visa,Debit,1,1,19,4,1
315,AU,GBP,9,Weekend,Discover,Credit,0,0,22,5,0
1031,US,GBP,13,Weekend,Amex,Debit,0,0,59,3,0
9597,CA,CAD,23,Weekday,Amex,Credit,1,1,34,4,1
5007,Other,GBP,1,Weekday,Visa,Credit,0,1,20,5,1
316,CA,USD,13,Weekend,Amex,Credit,1,0,44,2,0
3678,UK,CAD,15,Weekend,MasterCard,Credit,1,0,26,10,0
516,CA,USD,17,Weekend,Discover,Credit,0,0,29,3,0
2733,Other,GBP,13,Weekend,Visa,Credit,1,0,42,0,0
8701,Other,USD,1,Weekday,Visa,Debit,1,1,19,4,1
2820,UK,GBP,9,Weekday,MasterCard,Credit,0,0,46,5,0
